[09Jun2026 14:45:59.394] [main/INFO] [cpw.mods.modlauncher.Launcher/MODLAUNCHER]: ModLauncher running: args [--launchTarget, forgedatauserdev, --assetIndex, 5, --assetsDir, C:\Users\PC\.gradle\caches\forge_gradle\assets, --gameDir, ., --fml.forgeVersion, 47.4.0, --fml.mcVersion, 1.20.1, --fml.forgeGroup, net.minecraftforge, --fml.mcpVersion, 20230612.114412, --mod, easycreate, --all, --output, C:\Users\PC\IdeaProjects\easycreate-mod-1.20.1\src\generated\resources, --existing, C:\Users\PC\IdeaProjects\easycreate-mod-1.20.1\src\main\resources]
[09Jun2026 14:45:59.399] [main/INFO] [cpw.mods.modlauncher.Launcher/MODLAUNCHER]: ModLauncher 10.0.9+10.0.9+main.dcd20f30 starting: java version 17.0.19 by Eclipse Adoptium; OS Windows 11 arch amd64 version 10.0
[09Jun2026 14:45:59.432] [main/DEBUG] [cpw.mods.modlauncher.LaunchServiceHandler/MODLAUNCHER]: Found launch services [fmlclientdev,forgeclient,minecraft,forgegametestserverdev,fmlserveruserdev,fmlclient,fmldatauserdev,forgeserverdev,forgeserveruserdev,forgeclientdev,forgeclientuserdev,forgeserver,forgedatadev,fmlserver,fmlclientuserdev,fmlserverdev,forgedatauserdev,testharness,forgegametestserveruserdev]
[09Jun2026 14:45:59.445] [main/DEBUG] [cpw.mods.modlauncher.NameMappingServiceHandler/MODLAUNCHER]: Found naming services : [srgtomcp]
[09Jun2026 14:45:59.459] [main/DEBUG] [cpw.mods.modlauncher.LaunchPluginHandler/MODLAUNCHER]: Found launch plugins: [mixin,eventbus,slf4jfixer,object_holder_definalize,runtime_enum_extender,capability_token_subclass,accesstransformer,runtimedistcleaner]
[09Jun2026 14:45:59.472] [main/DEBUG] [cpw.mods.modlauncher.TransformationServicesHandler/MODLAUNCHER]: Discovering transformation services
[09Jun2026 14:45:59.478] [main/DEBUG] [net.minecraftforge.fml.loading.FMLPaths/CORE]: Path GAMEDIR is C:\Users\PC\IdeaProjects\easycreate-mod-1.20.1\run-data
[09Jun2026 14:45:59.478] [main/DEBUG] [net.minecraftforge.fml.loading.FMLPaths/CORE]: Path MODSDIR is C:\Users\PC\IdeaProjects\easycreate-mod-1.20.1\run-data\mods
[09Jun2026 14:45:59.478] [main/DEBUG] [net.minecraftforge.fml.loading.FMLPaths/CORE]: Path CONFIGDIR is C:\Users\PC\IdeaProjects\easycreate-mod-1.20.1\run-data\config
[09Jun2026 14:45:59.479] [main/DEBUG] [net.minecraftforge.fml.loading.FMLPaths/CORE]: Path FMLCONFIG is C:\Users\PC\IdeaProjects\easycreate-mod-1.20.1\run-data\config\fml.toml
[09Jun2026 14:45:59.519] [main/DEBUG] [cpw.mods.modlauncher.TransformationServicesHandler/MODLAUNCHER]: Found additional transformation services from discovery services: 
[09Jun2026 14:45:59.525] [main/INFO] [net.minecraftforge.fml.loading.ImmediateWindowHandler/]: ImmediateWindowProvider not loading because launch target is forgedatauserdev
[09Jun2026 14:45:59.533] [main/DEBUG] [cpw.mods.modlauncher.TransformationServicesHandler/MODLAUNCHER]: Found transformer services : [mixin,fml]
[09Jun2026 14:45:59.534] [main/DEBUG] [cpw.mods.modlauncher.TransformationServicesHandler/MODLAUNCHER]: Transformation services loading
[09Jun2026 14:45:59.534] [main/DEBUG] [cpw.mods.modlauncher.TransformationServiceDecorator/MODLAUNCHER]: Loading service mixin
[09Jun2026 14:45:59.534] [main/DEBUG] [cpw.mods.modlauncher.TransformationServiceDecorator/MODLAUNCHER]: Loaded service mixin
[09Jun2026 14:45:59.536] [main/DEBUG] [cpw.mods.modlauncher.TransformationServiceDecorator/MODLAUNCHER]: Loading service fml
[09Jun2026 14:45:59.537] [main/DEBUG] [net.minecraftforge.fml.loading.LauncherVersion/CORE]: Found FMLLauncher version 1.0
[09Jun2026 14:45:59.537] [main/DEBUG] [net.minecraftforge.fml.loading.FMLLoader/CORE]: FML 1.0 loading
[09Jun2026 14:45:59.537] [main/DEBUG] [net.minecraftforge.fml.loading.FMLLoader/CORE]: FML found ModLauncher version : 10.0.9+10.0.9+main.dcd20f30
[09Jun2026 14:45:59.537] [main/DEBUG] [net.minecraftforge.fml.loading.FMLLoader/CORE]: Requesting CoreMods to not apply the fix for ASMAPI.findFirstInstructionBefore by default
[09Jun2026 14:45:59.538] [main/DEBUG] [net.minecraftforge.fml.loading.FMLLoader/CORE]: FML found AccessTransformer version : 8.0.4+66+master.c09db6d7
[09Jun2026 14:45:59.538] [main/DEBUG] [net.minecraftforge.fml.loading.FMLLoader/CORE]: FML found EventBus version : 6.0.5+6.0.5+master.eb8e549b
[09Jun2026 14:45:59.539] [main/DEBUG] [net.minecraftforge.fml.loading.FMLLoader/CORE]: Found Runtime Dist Cleaner
[09Jun2026 14:45:59.541] [main/DEBUG] [net.minecraftforge.coremod.CoreModEngine/]: CoreMods will preserve legacy behavior of ASMAPI.findFirstInstructionBefore for backwards-compatibility
[09Jun2026 14:45:59.541] [main/DEBUG] [net.minecraftforge.fml.loading.FMLLoader/CORE]: FML found CoreMod version : 5.2.4
[09Jun2026 14:45:59.542] [main/DEBUG] [net.minecraftforge.fml.loading.FMLLoader/CORE]: Found ForgeSPI package implementation version 7.0.1+7.0.1+master.d2b38bf6
[09Jun2026 14:45:59.542] [main/DEBUG] [net.minecraftforge.fml.loading.FMLLoader/CORE]: Found ForgeSPI package specification 5
[09Jun2026 14:45:59.542] [main/DEBUG] [cpw.mods.modlauncher.TransformationServiceDecorator/MODLAUNCHER]: Loaded service fml
[09Jun2026 14:45:59.543] [main/DEBUG] [cpw.mods.modlauncher.TransformationServicesHandler/MODLAUNCHER]: Configuring option handling for services
[09Jun2026 14:45:59.550] [main/DEBUG] [cpw.mods.modlauncher.TransformationServicesHandler/MODLAUNCHER]: Transformation services initializing
[09Jun2026 14:45:59.550] [main/DEBUG] [cpw.mods.modlauncher.TransformationServiceDecorator/MODLAUNCHER]: Initializing transformation service mixin
[09Jun2026 14:45:59.562] [main/DEBUG] [mixin/]: MixinService [ModLauncher] was successfully booted in cpw.mods.cl.ModuleClassLoader@353d0772
[09Jun2026 14:45:59.578] [main/INFO] [mixin/]: SpongePowered MIXIN Subsystem Version=0.8.5 Source=union:/C:/Users/PC/.gradle/caches/modules-2/files-2.1/org.spongepowered/mixin/0.8.5/9d1c0c3a304ae6697ecd477218fa61b850bf57fc/mixin-0.8.5.jar%23128!/ Service=ModLauncher Env=CLIENT
[09Jun2026 14:45:59.582] [main/DEBUG] [mixin/]: Initialising Mixin Platform Manager
[09Jun2026 14:45:59.583] [main/DEBUG] [mixin/]: Adding mixin platform agents for container ModLauncher Root Container(ModLauncher:4f56a0a2)
[09Jun2026 14:45:59.583] [main/DEBUG] [mixin/]: Instancing new MixinPlatformAgentMinecraftForge for ModLauncher Root Container(ModLauncher:4f56a0a2)
[09Jun2026 14:45:59.584] [main/DEBUG] [mixin/]: MixinPlatformAgentMinecraftForge rejected container ModLauncher Root Container(ModLauncher:4f56a0a2)
[09Jun2026 14:45:59.584] [main/DEBUG] [mixin/]: Instancing new MixinPlatformAgentDefault for ModLauncher Root Container(ModLauncher:4f56a0a2)
[09Jun2026 14:45:59.584] [main/DEBUG] [mixin/]: MixinPlatformAgentDefault accepted container ModLauncher Root Container(ModLauncher:4f56a0a2)
[09Jun2026 14:45:59.587] [main/DEBUG] [cpw.mods.modlauncher.TransformationServiceDecorator/MODLAUNCHER]: Initialized transformation service mixin
[09Jun2026 14:45:59.587] [main/DEBUG] [cpw.mods.modlauncher.TransformationServiceDecorator/MODLAUNCHER]: Initializing transformation service fml
[09Jun2026 14:45:59.587] [main/DEBUG] [net.minecraftforge.fml.loading.FMLServiceProvider/CORE]: Setting up basic FML game directories
[09Jun2026 14:45:59.588] [main/DEBUG] [net.minecraftforge.fml.loading.FMLPaths/CORE]: Path GAMEDIR is C:\Users\PC\IdeaProjects\easycreate-mod-1.20.1\run-data
[09Jun2026 14:45:59.588] [main/DEBUG] [net.minecraftforge.fml.loading.FMLPaths/CORE]: Path MODSDIR is C:\Users\PC\IdeaProjects\easycreate-mod-1.20.1\run-data\mods
[09Jun2026 14:45:59.588] [main/DEBUG] [net.minecraftforge.fml.loading.FMLPaths/CORE]: Path CONFIGDIR is C:\Users\PC\IdeaProjects\easycreate-mod-1.20.1\run-data\config
[09Jun2026 14:45:59.588] [main/DEBUG] [net.minecraftforge.fml.loading.FMLPaths/CORE]: Path FMLCONFIG is C:\Users\PC\IdeaProjects\easycreate-mod-1.20.1\run-data\config\fml.toml
[09Jun2026 14:45:59.589] [main/DEBUG] [net.minecraftforge.fml.loading.FMLServiceProvider/CORE]: Loading configuration
[09Jun2026 14:45:59.592] [main/DEBUG] [net.minecraftforge.fml.loading.FMLServiceProvider/CORE]: Preparing ModFile
[09Jun2026 14:45:59.596] [main/DEBUG] [net.minecraftforge.fml.loading.FMLServiceProvider/CORE]: Preparing launch handler
[09Jun2026 14:45:59.596] [main/DEBUG] [net.minecraftforge.fml.loading.FMLLoader/CORE]: Using forgedatauserdev as launch service
[09Jun2026 14:45:59.607] [main/DEBUG] [net.minecraftforge.fml.loading.FMLLoader/CORE]: Received command line version data  : VersionInfo[forgeVersion=47.4.0, mcVersion=1.20.1, mcpVersion=20230612.114412, forgeGroup=net.minecraftforge]
[09Jun2026 14:45:59.609] [main/DEBUG] [cpw.mods.modlauncher.TransformationServiceDecorator/MODLAUNCHER]: Initialized transformation service fml
[09Jun2026 14:45:59.610] [main/DEBUG] [cpw.mods.modlauncher.NameMappingServiceHandler/MODLAUNCHER]: Current naming domain is 'mcp'
[09Jun2026 14:45:59.611] [main/DEBUG] [cpw.mods.modlauncher.NameMappingServiceHandler/MODLAUNCHER]: Identified name mapping providers {srg=srgtomcp:1234}
[09Jun2026 14:45:59.611] [main/DEBUG] [cpw.mods.modlauncher.TransformationServicesHandler/MODLAUNCHER]: Transformation services begin scanning
[09Jun2026 14:45:59.612] [main/DEBUG] [cpw.mods.modlauncher.TransformationServiceDecorator/MODLAUNCHER]: Beginning scan trigger - transformation service mixin
[09Jun2026 14:45:59.613] [main/DEBUG] [cpw.mods.modlauncher.TransformationServiceDecorator/MODLAUNCHER]: End scan trigger - transformation service mixin
[09Jun2026 14:45:59.613] [main/DEBUG] [cpw.mods.modlauncher.TransformationServiceDecorator/MODLAUNCHER]: Beginning scan trigger - transformation service fml
[09Jun2026 14:45:59.613] [main/DEBUG] [net.minecraftforge.fml.loading.FMLServiceProvider/CORE]: Initiating mod scan
[09Jun2026 14:45:59.630] [main/DEBUG] [net.minecraftforge.fml.loading.moddiscovery.ModListHandler/CORE]: Found mod coordinates from lists: []
[09Jun2026 14:45:59.635] [main/DEBUG] [net.minecraftforge.fml.loading.moddiscovery.ModDiscoverer/CORE]: Found Mod Locators : (mods folder:null),(maven libs:null),(exploded directory:null),(minecraft:null),(userdev classpath:null)
[09Jun2026 14:45:59.635] [main/DEBUG] [net.minecraftforge.fml.loading.moddiscovery.ModDiscoverer/CORE]: Found Dependency Locators : (JarInJar:null)
[09Jun2026 14:45:59.644] [main/DEBUG] [net.minecraftforge.fml.loading.targets.CommonLaunchHandler/CORE]: Got mod coordinates easycreate%%C:\Users\PC\IdeaProjects\easycreate-mod-1.20.1\build\resources\main;easycreate%%C:\Users\PC\IdeaProjects\easycreate-mod-1.20.1\build\classes\java\main from env
[09Jun2026 14:45:59.646] [main/DEBUG] [net.minecraftforge.fml.loading.targets.CommonLaunchHandler/CORE]: Found supplied mod coordinates [{easycreate=[C:\Users\PC\IdeaProjects\easycreate-mod-1.20.1\build\resources\main, C:\Users\PC\IdeaProjects\easycreate-mod-1.20.1\build\classes\java\main]}]
[09Jun2026 14:45:59.812] [main/DEBUG] [net.minecraftforge.fml.loading.moddiscovery.ModFileInfo/LOADING]: Found valid mod file forge-1.20.1-47.4.0_mapped_parchment_2023.09.03-1.20.1-recomp.jar with {minecraft} mods - versions {1.20.1}
[09Jun2026 14:45:59.815] [main/DEBUG] [net.minecraftforge.fml.loading.moddiscovery.ModFileParser/LOADING]: Considering mod file candidate C:\Users\PC\.gradle\caches\modules-2\files-2.1\net.minecraftforge\javafmllanguage\1.20.1-47.4.0\f0c0b352173d0a378cbdcec9cfc4ba65899a721\javafmllanguage-1.20.1-47.4.0.jar
[09Jun2026 14:45:59.815] [main/WARN] [net.minecraftforge.fml.loading.moddiscovery.ModFileParser/LOADING]: Mod file C:\Users\PC\.gradle\caches\modules-2\files-2.1\net.minecraftforge\javafmllanguage\1.20.1-47.4.0\f0c0b352173d0a378cbdcec9cfc4ba65899a721\javafmllanguage-1.20.1-47.4.0.jar is missing mods.toml file
[09Jun2026 14:45:59.818] [main/DEBUG] [net.minecraftforge.fml.loading.moddiscovery.ModFileParser/LOADING]: Considering mod file candidate C:\Users\PC\.gradle\caches\modules-2\files-2.1\net.minecraftforge\lowcodelanguage\1.20.1-47.4.0\e862740d8c84d08dbfedea412bef88fe42e727c5\lowcodelanguage-1.20.1-47.4.0.jar
[09Jun2026 14:45:59.818] [main/WARN] [net.minecraftforge.fml.loading.moddiscovery.ModFileParser/LOADING]: Mod file C:\Users\PC\.gradle\caches\modules-2\files-2.1\net.minecraftforge\lowcodelanguage\1.20.1-47.4.0\e862740d8c84d08dbfedea412bef88fe42e727c5\lowcodelanguage-1.20.1-47.4.0.jar is missing mods.toml file
[09Jun2026 14:45:59.821] [main/DEBUG] [net.minecraftforge.fml.loading.moddiscovery.ModFileParser/LOADING]: Considering mod file candidate C:\Users\PC\.gradle\caches\modules-2\files-2.1\net.minecraftforge\mclanguage\1.20.1-47.4.0\5719b3a297a33f877ed5dde4cb4bd75c859096af\mclanguage-1.20.1-47.4.0.jar
[09Jun2026 14:45:59.821] [main/WARN] [net.minecraftforge.fml.loading.moddiscovery.ModFileParser/LOADING]: Mod file C:\Users\PC\.gradle\caches\modules-2\files-2.1\net.minecraftforge\mclanguage\1.20.1-47.4.0\5719b3a297a33f877ed5dde4cb4bd75c859096af\mclanguage-1.20.1-47.4.0.jar is missing mods.toml file
[09Jun2026 14:45:59.823] [main/DEBUG] [net.minecraftforge.fml.loading.moddiscovery.ModFileParser/LOADING]: Considering mod file candidate C:\Users\PC\.gradle\caches\modules-2\files-2.1\net.minecraftforge\fmlcore\1.20.1-47.4.0\235975dafa4309945b59c56b53f31dc5b65a6051\fmlcore-1.20.1-47.4.0.jar
[09Jun2026 14:45:59.824] [main/WARN] [net.minecraftforge.fml.loading.moddiscovery.ModFileParser/LOADING]: Mod file C:\Users\PC\.gradle\caches\modules-2\files-2.1\net.minecraftforge\fmlcore\1.20.1-47.4.0\235975dafa4309945b59c56b53f31dc5b65a6051\fmlcore-1.20.1-47.4.0.jar is missing mods.toml file
[09Jun2026 14:45:59.828] [main/DEBUG] [net.minecraftforge.fml.loading.moddiscovery.ModFileParser/LOADING]: Considering mod file candidate C:\Users\PC\IdeaProjects\easycreate-mod-1.20.1\build\resources\main
[09Jun2026 14:45:59.836] [main/DEBUG] [net.minecraftforge.fml.loading.moddiscovery.ModFileInfo/LOADING]: Found valid mod file main with {easycreate} mods - versions {0.1.4-1.20.1}
[09Jun2026 14:45:59.838] [main/DEBUG] [net.minecraftforge.fml.loading.moddiscovery.ModFileParser/LOADING]: Considering mod file candidate /
[09Jun2026 14:45:59.841] [main/DEBUG] [net.minecraftforge.fml.loading.moddiscovery.ModFileInfo/LOADING]: Found valid mod file  with {forge} mods - versions {47.4.0}
[09Jun2026 14:45:59.861] [main/DEBUG] [net.minecraftforge.fml.loading.moddiscovery.ModFileParser/LOADING]: Considering mod file candidate C:\Users\PC\.gradle\caches\forge_gradle\deobf_dependencies\com\simibubi\create\create-1.20.1\0.5.1.j-55_mapped_parchment_2023.09.03-1.20.1\create-1.20.1-0.5.1.j-55_mapped_parchment_2023.09.03-1.20.1-slim.jar
[09Jun2026 14:45:59.864] [main/DEBUG] [net.minecraftforge.fml.loading.moddiscovery.ModFileInfo/LOADING]: Found valid mod file create-1.20.1-0.5.1.j-55_mapped_parchment_2023.09.03-1.20.1-slim.jar with {create} mods - versions {0.5.1.j-55}
[09Jun2026 14:45:59.867] [main/DEBUG] [net.minecraftforge.fml.loading.moddiscovery.ModFileParser/LOADING]: Considering mod file candidate C:\Users\PC\.gradle\caches\forge_gradle\deobf_dependencies\com\jozufozu\flywheel\flywheel-forge-1.20.1\0.6.11-13_mapped_parchment_2023.09.03-1.20.1\flywheel-forge-1.20.1-0.6.11-13_mapped_parchment_2023.09.03-1.20.1.jar
[09Jun2026 14:45:59.868] [main/DEBUG] [net.minecraftforge.fml.loading.moddiscovery.ModFileInfo/LOADING]: Found valid mod file flywheel-forge-1.20.1-0.6.11-13_mapped_parchment_2023.09.03-1.20.1.jar with {flywheel} mods - versions {0.6.11-13}
[09Jun2026 14:45:59.871] [main/DEBUG] [net.minecraftforge.fml.loading.moddiscovery.ModFileParser/LOADING]: Considering mod file candidate C:\Users\PC\.gradle\caches\modules-2\files-2.1\io.github.llamalad7\mixinextras-forge\0.4.1\5c35573a7b76103724799ca1174a69699b8a9aec\mixinextras-forge-0.4.1.jar
[09Jun2026 14:45:59.872] [main/DEBUG] [net.minecraftforge.fml.loading.moddiscovery.ModFileInfo/LOADING]: Found valid mod file mixinextras-forge-0.4.1.jar with {mixinextras} mods - versions {0.4.1}
[09Jun2026 14:45:59.876] [main/DEBUG] [net.minecraftforge.fml.loading.moddiscovery.ModFileParser/LOADING]: Considering mod file candidate C:\Users\PC\.gradle\caches\forge_gradle\deobf_dependencies\mezz\jei\jei-1.20.1-forge\15.8.2.26_mapped_parchment_2023.09.03-1.20.1\jei-1.20.1-forge-15.8.2.26_mapped_parchment_2023.09.03-1.20.1.jar
[09Jun2026 14:45:59.877] [main/DEBUG] [net.minecraftforge.fml.loading.moddiscovery.ModFileInfo/LOADING]: Found valid mod file jei-1.20.1-forge-15.8.2.26_mapped_parchment_2023.09.03-1.20.1.jar with {jei} mods - versions {15.8.2.26}
[09Jun2026 14:45:59.884] [main/DEBUG] [net.minecraftforge.fml.loading.moddiscovery.ModFileParser/LOADING]: Considering mod file candidate C:\Users\PC\.gradle\caches\forge_gradle\deobf_dependencies\com\simibubi\create\create-1.20.1\0.5.1.j-55_mapped_parchment_2023.09.03-1.20.1\create-1.20.1-0.5.1.j-55_mapped_parchment_2023.09.03-1.20.1-slim.jar
[09Jun2026 14:45:59.885] [main/DEBUG] [net.minecraftforge.fml.loading.moddiscovery.ModFileInfo/LOADING]: Found valid mod file create-1.20.1-0.5.1.j-55_mapped_parchment_2023.09.03-1.20.1-slim.jar with {create} mods - versions {0.5.1.j-55}
[09Jun2026 14:45:59.890] [main/DEBUG] [net.minecraftforge.fml.loading.moddiscovery.ModFileParser/LOADING]: Considering mod file candidate C:\Users\PC\.gradle\caches\forge_gradle\deobf_dependencies\com\jozufozu\flywheel\flywheel-forge-1.20.1\0.6.11-13_mapped_parchment_2023.09.03-1.20.1\flywheel-forge-1.20.1-0.6.11-13_mapped_parchment_2023.09.03-1.20.1.jar
[09Jun2026 14:45:59.891] [main/DEBUG] [net.minecraftforge.fml.loading.moddiscovery.ModFileInfo/LOADING]: Found valid mod file flywheel-forge-1.20.1-0.6.11-13_mapped_parchment_2023.09.03-1.20.1.jar with {flywheel} mods - versions {0.6.11-13}
[09Jun2026 14:45:59.904] [main/DEBUG] [net.minecraftforge.fml.loading.moddiscovery.ModFileParser/LOADING]: Considering mod file candidate C:\Users\PC\.gradle\caches\modules-2\files-2.1\io.github.llamalad7\mixinextras-forge\0.4.1\5c35573a7b76103724799ca1174a69699b8a9aec\mixinextras-forge-0.4.1.jar
[09Jun2026 14:45:59.905] [main/DEBUG] [net.minecraftforge.fml.loading.moddiscovery.ModFileInfo/LOADING]: Found valid mod file mixinextras-forge-0.4.1.jar with {mixinextras} mods - versions {0.4.1}
[09Jun2026 14:45:59.908] [main/DEBUG] [net.minecraftforge.fml.loading.moddiscovery.ModFileParser/LOADING]: Considering mod file candidate C:\Users\PC\.gradle\caches\forge_gradle\deobf_dependencies\mezz\jei\jei-1.20.1-forge\15.8.2.26_mapped_parchment_2023.09.03-1.20.1\jei-1.20.1-forge-15.8.2.26_mapped_parchment_2023.09.03-1.20.1.jar
[09Jun2026 14:45:59.909] [main/DEBUG] [net.minecraftforge.fml.loading.moddiscovery.ModFileInfo/LOADING]: Found valid mod file jei-1.20.1-forge-15.8.2.26_mapped_parchment_2023.09.03-1.20.1.jar with {jei} mods - versions {15.8.2.26}
[09Jun2026 14:45:59.916] [main/DEBUG] [net.minecraftforge.fml.loading.UniqueModListBuilder/]: Found 2 mods for first modid mixinextras, selecting most recent based on version data
[09Jun2026 14:45:59.917] [main/DEBUG] [net.minecraftforge.fml.loading.UniqueModListBuilder/]: Selected file mixinextras-forge-0.4.1.jar for modid mixinextras with version 0.4.1
[09Jun2026 14:45:59.917] [main/DEBUG] [net.minecraftforge.fml.loading.UniqueModListBuilder/]: Found 2 mods for first modid flywheel, selecting most recent based on version data
[09Jun2026 14:45:59.917] [main/DEBUG] [net.minecraftforge.fml.loading.UniqueModListBuilder/]: Selected file flywheel-forge-1.20.1-0.6.11-13_mapped_parchment_2023.09.03-1.20.1.jar for modid flywheel with version 0.6.11-13
[09Jun2026 14:45:59.917] [main/DEBUG] [net.minecraftforge.fml.loading.UniqueModListBuilder/]: Found 2 mods for first modid create, selecting most recent based on version data
[09Jun2026 14:45:59.918] [main/DEBUG] [net.minecraftforge.fml.loading.UniqueModListBuilder/]: Selected file create-1.20.1-0.5.1.j-55_mapped_parchment_2023.09.03-1.20.1-slim.jar for modid create with version 0.5.1.j-55
[09Jun2026 14:45:59.918] [main/DEBUG] [net.minecraftforge.fml.loading.UniqueModListBuilder/]: Found 2 mods for first modid jei, selecting most recent based on version data
[09Jun2026 14:45:59.918] [main/DEBUG] [net.minecraftforge.fml.loading.UniqueModListBuilder/]: Selected file jei-1.20.1-forge-15.8.2.26_mapped_parchment_2023.09.03-1.20.1.jar for modid jei with version 15.8.2.26
[09Jun2026 14:45:59.925] [main/DEBUG] [net.minecraftforge.fml.loading.moddiscovery.AbstractJarFileDependencyLocator/]: Failed to load resource META-INF\jarjar\metadata.json from forge-1.20.1-47.4.0_mapped_parchment_2023.09.03-1.20.1-recomp.jar, it does not contain dependency information.
[09Jun2026 14:45:59.925] [main/DEBUG] [net.minecraftforge.fml.loading.moddiscovery.AbstractJarFileDependencyLocator/]: Failed to load resource META-INF\jarjar\metadata.json from Registrate-MC1.20-1.3.3_mapped_parchment_2023.09.03-1.20.1.jar, it does not contain dependency information.
[09Jun2026 14:45:59.925] [main/DEBUG] [net.minecraftforge.fml.loading.moddiscovery.AbstractJarFileDependencyLocator/]: Failed to load resource META-INF\jarjar\metadata.json from , it does not contain dependency information.
[09Jun2026 14:45:59.925] [main/DEBUG] [net.minecraftforge.fml.loading.moddiscovery.AbstractJarFileDependencyLocator/]: Failed to load resource META-INF\jarjar\metadata.json from flywheel-forge-1.20.1-0.6.11-13_mapped_parchment_2023.09.03-1.20.1.jar, it does not contain dependency information.
[09Jun2026 14:45:59.926] [main/DEBUG] [net.minecraftforge.fml.loading.moddiscovery.AbstractJarFileDependencyLocator/]: Failed to load resource META-INF\jarjar\metadata.json from main, it does not contain dependency information.
[09Jun2026 14:45:59.926] [main/DEBUG] [net.minecraftforge.fml.loading.moddiscovery.AbstractJarFileDependencyLocator/]: Failed to load resource META-INF\jarjar\metadata.json from create-1.20.1-0.5.1.j-55_mapped_parchment_2023.09.03-1.20.1-slim.jar, it does not contain dependency information.
[09Jun2026 14:45:59.926] [main/DEBUG] [net.minecraftforge.fml.loading.moddiscovery.AbstractJarFileDependencyLocator/]: Failed to load resource META-INF\jarjar\metadata.json from jei-1.20.1-forge-15.8.2.26_mapped_parchment_2023.09.03-1.20.1.jar, it does not contain dependency information.
[09Jun2026 14:45:59.926] [main/DEBUG] [net.minecraftforge.fml.loading.moddiscovery.AbstractJarFileDependencyLocator/]: Failed to load resource META-INF\jarjar\metadata.json from mclanguage-1.20.1-47.4.0.jar, it does not contain dependency information.
[09Jun2026 14:45:59.926] [main/DEBUG] [net.minecraftforge.fml.loading.moddiscovery.AbstractJarFileDependencyLocator/]: Failed to load resource META-INF\jarjar\metadata.json from javafmllanguage-1.20.1-47.4.0.jar, it does not contain dependency information.
[09Jun2026 14:45:59.927] [main/DEBUG] [net.minecraftforge.fml.loading.moddiscovery.AbstractJarFileDependencyLocator/]: Failed to load resource META-INF\jarjar\metadata.json from fmlcore-1.20.1-47.4.0.jar, it does not contain dependency information.
[09Jun2026 14:45:59.927] [main/DEBUG] [net.minecraftforge.fml.loading.moddiscovery.AbstractJarFileDependencyLocator/]: Failed to load resource META-INF\jarjar\metadata.json from lowcodelanguage-1.20.1-47.4.0.jar, it does not contain dependency information.
[09Jun2026 14:45:59.984] [main/DEBUG] [net.minecraftforge.fml.loading.moddiscovery.AbstractJarFileDependencyLocator/]: Failed to load resource META-INF\jarjar\metadata.json from MixinExtras-0.4.1.jar, it does not contain dependency information.
[09Jun2026 14:46:00.015] [main/INFO] [net.minecraftforge.fml.loading.moddiscovery.JarInJarDependencyLocator/]: Found 1 dependencies adding them to mods collection
[09Jun2026 14:46:00.017] [main/DEBUG] [net.minecraftforge.fml.loading.moddiscovery.ModFileInfo/LOADING]: Found valid mod file forge-1.20.1-47.4.0_mapped_parchment_2023.09.03-1.20.1-recomp.jar with {minecraft} mods - versions {1.20.1}
[09Jun2026 14:46:00.020] [main/DEBUG] [net.minecraftforge.fml.loading.moddiscovery.ModFile/LOADING]: Loading mod file C:\Users\PC\.gradle\caches\forge_gradle\minecraft_user_repo\net\minecraftforge\forge\1.20.1-47.4.0_mapped_parchment_2023.09.03-1.20.1\forge-1.20.1-47.4.0_mapped_parchment_2023.09.03-1.20.1-recomp.jar with languages [LanguageSpec[languageName=minecraft, acceptedVersions=1]]
[09Jun2026 14:46:00.022] [main/DEBUG] [net.minecraftforge.fml.loading.moddiscovery.ModFileParser/LOADING]: Considering mod file candidate /
[09Jun2026 14:46:00.022] [main/DEBUG] [net.minecraftforge.fml.loading.moddiscovery.ModFileInfo/LOADING]: Found valid mod file  with {forge} mods - versions {47.4.0}
[09Jun2026 14:46:00.023] [main/DEBUG] [net.minecraftforge.fml.loading.moddiscovery.ModFile/LOADING]: Loading mod file / with languages [LanguageSpec[languageName=javafml, acceptedVersions=[24,]]]
[09Jun2026 14:46:00.026] [main/DEBUG] [net.minecraftforge.fml.loading.moddiscovery.ModFileParser/LOADING]: Found coremod field_to_method with Javascript path coremods/field_to_method.js
[09Jun2026 14:46:00.027] [main/DEBUG] [net.minecraftforge.fml.loading.moddiscovery.ModFileParser/LOADING]: Found coremod field_to_instanceof with Javascript path coremods/field_to_instanceof.js
[09Jun2026 14:46:00.027] [main/DEBUG] [net.minecraftforge.fml.loading.moddiscovery.ModFileParser/LOADING]: Found coremod add_bouncer_method with Javascript path coremods/add_bouncer_method.js
[09Jun2026 14:46:00.027] [main/DEBUG] [net.minecraftforge.fml.loading.moddiscovery.ModFileParser/LOADING]: Found coremod method_redirector with Javascript path coremods/method_redirector.js
[09Jun2026 14:46:00.027] [main/DEBUG] [net.minecraftforge.fml.loading.moddiscovery.ModFile/LOADING]: Found coremod coremods/field_to_method.js
[09Jun2026 14:46:00.027] [main/DEBUG] [net.minecraftforge.fml.loading.moddiscovery.ModFile/LOADING]: Found coremod coremods/field_to_instanceof.js
[09Jun2026 14:46:00.027] [main/DEBUG] [net.minecraftforge.fml.loading.moddiscovery.ModFile/LOADING]: Found coremod coremods/add_bouncer_method.js
[09Jun2026 14:46:00.027] [main/DEBUG] [net.minecraftforge.fml.loading.moddiscovery.ModFile/LOADING]: Found coremod coremods/method_redirector.js
[09Jun2026 14:46:00.027] [main/DEBUG] [net.minecraftforge.fml.loading.moddiscovery.ModFileParser/LOADING]: Considering mod file candidate C:\Users\PC\IdeaProjects\easycreate-mod-1.20.1\build\resources\main
[09Jun2026 14:46:00.029] [main/DEBUG] [net.minecraftforge.fml.loading.moddiscovery.ModFileInfo/LOADING]: Found valid mod file main with {easycreate} mods - versions {0.1.4-1.20.1}
[09Jun2026 14:46:00.029] [main/DEBUG] [net.minecraftforge.fml.loading.moddiscovery.ModFile/LOADING]: Loading mod file C:\Users\PC\IdeaProjects\easycreate-mod-1.20.1\build\resources\main with languages [LanguageSpec[languageName=javafml, acceptedVersions=[47,)]]
[09Jun2026 14:46:00.030] [main/DEBUG] [net.minecraftforge.fml.loading.moddiscovery.ModFileParser/LOADING]: Considering mod file candidate C:\Users\PC\.gradle\caches\forge_gradle\deobf_dependencies\com\jozufozu\flywheel\flywheel-forge-1.20.1\0.6.11-13_mapped_parchment_2023.09.03-1.20.1\flywheel-forge-1.20.1-0.6.11-13_mapped_parchment_2023.09.03-1.20.1.jar
[09Jun2026 14:46:00.030] [main/DEBUG] [net.minecraftforge.fml.loading.moddiscovery.ModFileInfo/LOADING]: Found valid mod file flywheel-forge-1.20.1-0.6.11-13_mapped_parchment_2023.09.03-1.20.1.jar with {flywheel} mods - versions {0.6.11-13}
[09Jun2026 14:46:00.030] [main/DEBUG] [net.minecraftforge.fml.loading.moddiscovery.ModFile/LOADING]: Loading mod file C:\Users\PC\.gradle\caches\forge_gradle\deobf_dependencies\com\jozufozu\flywheel\flywheel-forge-1.20.1\0.6.11-13_mapped_parchment_2023.09.03-1.20.1\flywheel-forge-1.20.1-0.6.11-13_mapped_parchment_2023.09.03-1.20.1.jar with languages [LanguageSpec[languageName=javafml, acceptedVersions=[47,)]]
[09Jun2026 14:46:00.030] [main/DEBUG] [net.minecraftforge.fml.loading.moddiscovery.ModFileParser/LOADING]: Considering mod file candidate C:\Users\PC\.gradle\caches\forge_gradle\deobf_dependencies\com\simibubi\create\create-1.20.1\0.5.1.j-55_mapped_parchment_2023.09.03-1.20.1\create-1.20.1-0.5.1.j-55_mapped_parchment_2023.09.03-1.20.1-slim.jar
[09Jun2026 14:46:00.031] [main/DEBUG] [net.minecraftforge.fml.loading.moddiscovery.ModFileInfo/LOADING]: Found valid mod file create-1.20.1-0.5.1.j-55_mapped_parchment_2023.09.03-1.20.1-slim.jar with {create} mods - versions {0.5.1.j-55}
[09Jun2026 14:46:00.031] [main/DEBUG] [net.minecraftforge.fml.loading.moddiscovery.ModFile/LOADING]: Loading mod file C:\Users\PC\.gradle\caches\forge_gradle\deobf_dependencies\com\simibubi\create\create-1.20.1\0.5.1.j-55_mapped_parchment_2023.09.03-1.20.1\create-1.20.1-0.5.1.j-55_mapped_parchment_2023.09.03-1.20.1-slim.jar with languages [LanguageSpec[languageName=javafml, acceptedVersions=[47,)]]
[09Jun2026 14:46:00.031] [main/DEBUG] [net.minecraftforge.fml.loading.moddiscovery.ModFileParser/LOADING]: Considering mod file candidate C:\Users\PC\.gradle\caches\forge_gradle\deobf_dependencies\mezz\jei\jei-1.20.1-forge\15.8.2.26_mapped_parchment_2023.09.03-1.20.1\jei-1.20.1-forge-15.8.2.26_mapped_parchment_2023.09.03-1.20.1.jar
[09Jun2026 14:46:00.032] [main/DEBUG] [net.minecraftforge.fml.loading.moddiscovery.ModFileInfo/LOADING]: Found valid mod file jei-1.20.1-forge-15.8.2.26_mapped_parchment_2023.09.03-1.20.1.jar with {jei} mods - versions {15.8.2.26}
[09Jun2026 14:46:00.032] [main/DEBUG] [net.minecraftforge.fml.loading.moddiscovery.ModFile/LOADING]: Loading mod file C:\Users\PC\.gradle\caches\forge_gradle\deobf_dependencies\mezz\jei\jei-1.20.1-forge\15.8.2.26_mapped_parchment_2023.09.03-1.20.1\jei-1.20.1-forge-15.8.2.26_mapped_parchment_2023.09.03-1.20.1.jar with languages [LanguageSpec[languageName=javafml, acceptedVersions=[47,)]]
[09Jun2026 14:46:00.032] [main/DEBUG] [net.minecraftforge.fml.loading.moddiscovery.ModFile/LOADING]: Loading mod file  with languages []
[09Jun2026 14:46:00.032] [main/DEBUG] [net.minecraftforge.fml.loading.moddiscovery.ModFileParser/LOADING]: Considering mod file candidate C:\Users\PC\.gradle\caches\modules-2\files-2.1\io.github.llamalad7\mixinextras-forge\0.4.1\5c35573a7b76103724799ca1174a69699b8a9aec\mixinextras-forge-0.4.1.jar
[09Jun2026 14:46:00.033] [main/DEBUG] [net.minecraftforge.fml.loading.moddiscovery.ModFileInfo/LOADING]: Found valid mod file mixinextras-forge-0.4.1.jar with {mixinextras} mods - versions {0.4.1}
[09Jun2026 14:46:00.033] [main/DEBUG] [net.minecraftforge.fml.loading.moddiscovery.ModFile/LOADING]: Loading mod file C:\Users\PC\.gradle\caches\modules-2\files-2.1\io.github.llamalad7\mixinextras-forge\0.4.1\5c35573a7b76103724799ca1174a69699b8a9aec\mixinextras-forge-0.4.1.jar with languages [LanguageSpec[languageName=javafml, acceptedVersions=*]]
[09Jun2026 14:46:00.033] [main/DEBUG] [net.minecraftforge.fml.loading.moddiscovery.ModFile/LOADING]: Loading mod file C:\Users\PC\.gradle\caches\forge_gradle\deobf_dependencies\com\tterrag\registrate\Registrate\MC1.20-1.3.3_mapped_parchment_2023.09.03-1.20.1\Registrate-MC1.20-1.3.3_mapped_parchment_2023.09.03-1.20.1.jar with languages []
[09Jun2026 14:46:00.033] [main/DEBUG] [net.minecraftforge.fml.loading.moddiscovery.ModFile/LOADING]: Loading mod file  with languages []
[09Jun2026 14:46:00.033] [main/DEBUG] [net.minecraftforge.fml.loading.moddiscovery.ModFileParser/LOADING]: Considering mod file candidate C:\Users\PC\.gradle\caches\modules-2\files-2.1\io.github.llamalad7\mixinextras-forge\0.4.1\5c35573a7b76103724799ca1174a69699b8a9aec\mixinextras-forge-0.4.1.jar
[09Jun2026 14:46:00.033] [main/DEBUG] [net.minecraftforge.fml.loading.moddiscovery.ModFileInfo/LOADING]: Found valid mod file mixinextras-forge-0.4.1.jar with {mixinextras} mods - versions {0.4.1}
[09Jun2026 14:46:00.033] [main/DEBUG] [net.minecraftforge.fml.loading.moddiscovery.ModFile/LOADING]: Loading mod file C:\Users\PC\.gradle\caches\modules-2\files-2.1\io.github.llamalad7\mixinextras-forge\0.4.1\5c35573a7b76103724799ca1174a69699b8a9aec\mixinextras-forge-0.4.1.jar with languages [LanguageSpec[languageName=javafml, acceptedVersions=*]]
[09Jun2026 14:46:00.033] [main/DEBUG] [net.minecraftforge.fml.loading.moddiscovery.ModFile/LOADING]: Loading mod file C:\Users\PC\.gradle\caches\forge_gradle\deobf_dependencies\com\tterrag\registrate\Registrate\MC1.20-1.3.3_mapped_parchment_2023.09.03-1.20.1\Registrate-MC1.20-1.3.3_mapped_parchment_2023.09.03-1.20.1.jar with languages []
[09Jun2026 14:46:00.035] [main/DEBUG] [cpw.mods.modlauncher.TransformationServiceDecorator/MODLAUNCHER]: End scan trigger - transformation service fml
[09Jun2026 14:46:00.044] [main/DEBUG] [net.minecraftforge.fml.loading.LanguageLoadingProvider/CORE]: Found 3 language providers
[09Jun2026 14:46:00.044] [main/DEBUG] [net.minecraftforge.fml.loading.LanguageLoadingProvider/CORE]: Found language provider minecraft, version 1.0
[09Jun2026 14:46:00.045] [main/DEBUG] [net.minecraftforge.fml.loading.LanguageLoadingProvider/CORE]: Found language provider lowcodefml, version 47
[09Jun2026 14:46:00.045] [main/DEBUG] [net.minecraftforge.fml.loading.LanguageLoadingProvider/CORE]: Found language provider javafml, version 47
[09Jun2026 14:46:00.049] [main/DEBUG] [net.minecraftforge.fml.loading.UniqueModListBuilder/]: Found 2 mods for first modid MixinExtras, selecting most recent based on version data
[09Jun2026 14:46:00.049] [main/DEBUG] [net.minecraftforge.fml.loading.UniqueModListBuilder/]: Selected file MixinExtras-0.4.1.jar for modid MixinExtras with version 0.0NONE
[09Jun2026 14:46:00.049] [main/DEBUG] [net.minecraftforge.fml.loading.UniqueModListBuilder/]: Found 2 mods for first modid mixinextras, selecting most recent based on version data
[09Jun2026 14:46:00.049] [main/DEBUG] [net.minecraftforge.fml.loading.UniqueModListBuilder/]: Selected file mixinextras-forge-0.4.1.jar for modid mixinextras with version 0.4.1
[09Jun2026 14:46:00.049] [main/DEBUG] [net.minecraftforge.fml.loading.UniqueModListBuilder/]: Found 2 mods for first modid Registrate, selecting most recent based on version data
[09Jun2026 14:46:00.049] [main/DEBUG] [net.minecraftforge.fml.loading.UniqueModListBuilder/]: Selected file Registrate-MC1.20-1.3.3_mapped_parchment_2023.09.03-1.20.1.jar for modid Registrate with version 0.0NONE
[09Jun2026 14:46:00.051] [main/DEBUG] [net.minecraftforge.fml.loading.ModSorter/]: Configured system mods: [minecraft, forge]
[09Jun2026 14:46:00.051] [main/DEBUG] [net.minecraftforge.fml.loading.ModSorter/]: Found system mod: minecraft
[09Jun2026 14:46:00.051] [main/DEBUG] [net.minecraftforge.fml.loading.ModSorter/]: Found system mod: forge
[09Jun2026 14:46:00.053] [main/DEBUG] [net.minecraftforge.fml.loading.ModSorter/LOADING]: Found 11 mod requirements (9 mandatory, 2 optional)
[09Jun2026 14:46:00.054] [main/DEBUG] [net.minecraftforge.fml.loading.ModSorter/LOADING]: Found 0 mod requirements missing (0 mandatory, 0 optional)
[09Jun2026 14:46:00.442] [main/DEBUG] [net.minecraftforge.fml.loading.MCPNamingService/CORE]: Loaded 34318 method mappings from methods.csv
[09Jun2026 14:46:00.481] [main/DEBUG] [net.minecraftforge.fml.loading.MCPNamingService/CORE]: Loaded 31014 field mappings from fields.csv
[09Jun2026 14:46:00.531] [main/DEBUG] [cpw.mods.modlauncher.TransformationServicesHandler/MODLAUNCHER]: Transformation services loading transformers
[09Jun2026 14:46:00.532] [main/DEBUG] [cpw.mods.modlauncher.TransformationServiceDecorator/MODLAUNCHER]: Initializing transformers for transformation service mixin
[09Jun2026 14:46:00.532] [main/DEBUG] [cpw.mods.modlauncher.TransformationServiceDecorator/MODLAUNCHER]: Initialized transformers for transformation service mixin
[09Jun2026 14:46:00.532] [main/DEBUG] [cpw.mods.modlauncher.TransformationServiceDecorator/MODLAUNCHER]: Initializing transformers for transformation service fml
[09Jun2026 14:46:00.533] [main/DEBUG] [net.minecraftforge.fml.loading.FMLServiceProvider/CORE]: Loading coremod transformers
[09Jun2026 14:46:00.533] [main/DEBUG] [net.minecraftforge.coremod.CoreModEngine/COREMOD]: Loading CoreMod from coremods/field_to_method.js
[09Jun2026 14:46:00.696] [main/DEBUG] [net.minecraftforge.coremod.CoreModEngine/COREMOD]: CoreMod loaded successfully
[09Jun2026 14:46:00.696] [main/DEBUG] [net.minecraftforge.coremod.CoreModEngine/COREMOD]: Loading CoreMod from coremods/field_to_instanceof.js
[09Jun2026 14:46:00.757] [main/DEBUG] [net.minecraftforge.coremod.CoreModEngine/COREMOD]: CoreMod loaded successfully
[09Jun2026 14:46:00.757] [main/DEBUG] [net.minecraftforge.coremod.CoreModEngine/COREMOD]: Loading CoreMod from coremods/add_bouncer_method.js
[09Jun2026 14:46:00.786] [main/DEBUG] [net.minecraftforge.coremod.CoreModEngine/COREMOD]: CoreMod loaded successfully
[09Jun2026 14:46:00.786] [main/DEBUG] [net.minecraftforge.coremod.CoreModEngine/COREMOD]: Loading CoreMod from coremods/method_redirector.js
[09Jun2026 14:46:00.838] [main/DEBUG] [net.minecraftforge.coremod.CoreModEngine/COREMOD]: CoreMod loaded successfully
[09Jun2026 14:46:00.851] [main/DEBUG] [cpw.mods.modlauncher.TransformStore/MODLAUNCHER]: Adding transformer net.minecraftforge.coremod.transformer.CoreModClassTransformer@5d1e0fbb to Target : CLASS {Lnet/minecraft/world/level/biome/Biome;} {} {V}
[09Jun2026 14:46:00.852] [main/DEBUG] [cpw.mods.modlauncher.TransformStore/MODLAUNCHER]: Adding transformer net.minecraftforge.coremod.transformer.CoreModClassTransformer@64920dc2 to Target : CLASS {Lnet/minecraft/world/level/levelgen/structure/Structure;} {} {V}
[09Jun2026 14:46:00.853] [main/DEBUG] [cpw.mods.modlauncher.TransformStore/MODLAUNCHER]: Adding transformer net.minecraftforge.coremod.transformer.CoreModClassTransformer@59a79443 to Target : CLASS {Lnet/minecraft/world/effect/MobEffectInstance;} {} {V}
[09Jun2026 14:46:00.853] [main/DEBUG] [cpw.mods.modlauncher.TransformStore/MODLAUNCHER]: Adding transformer net.minecraftforge.coremod.transformer.CoreModClassTransformer@493ac8d3 to Target : CLASS {Lnet/minecraft/world/level/block/LiquidBlock;} {} {V}
[09Jun2026 14:46:00.853] [main/DEBUG] [cpw.mods.modlauncher.TransformStore/MODLAUNCHER]: Adding transformer net.minecraftforge.coremod.transformer.CoreModClassTransformer@13dbed9e to Target : CLASS {Lnet/minecraft/world/item/BucketItem;} {} {V}
[09Jun2026 14:46:00.853] [main/DEBUG] [cpw.mods.modlauncher.TransformStore/MODLAUNCHER]: Adding transformer net.minecraftforge.coremod.transformer.CoreModClassTransformer@67531e3a to Target : CLASS {Lnet/minecraft/world/level/block/StairBlock;} {} {V}
[09Jun2026 14:46:00.853] [main/DEBUG] [cpw.mods.modlauncher.TransformStore/MODLAUNCHER]: Adding transformer net.minecraftforge.coremod.transformer.CoreModClassTransformer@2b38b1f to Target : CLASS {Lnet/minecraft/world/level/block/FlowerPotBlock;} {} {V}
[09Jun2026 14:46:00.853] [main/DEBUG] [cpw.mods.modlauncher.TransformStore/MODLAUNCHER]: Adding transformer net.minecraftforge.coremod.transformer.CoreModClassTransformer@1d50a7ca to Target : CLASS {Lnet/minecraft/world/item/ItemStack;} {} {V}
[09Jun2026 14:46:00.853] [main/DEBUG] [cpw.mods.modlauncher.TransformStore/MODLAUNCHER]: Adding transformer net.minecraftforge.coremod.transformer.CoreModClassTransformer@51ab1ee3 to Target : CLASS {Lnet/minecraft/network/play/client/CClientSettingsPacket;} {} {V}
[09Jun2026 14:46:00.853] [main/DEBUG] [cpw.mods.modlauncher.TransformStore/MODLAUNCHER]: Adding transformer net.minecraftforge.coremod.transformer.CoreModClassTransformer@2e766822 to Target : CLASS {Lnet/minecraft/server/commands/RaidCommand;} {} {V}
[09Jun2026 14:46:00.853] [main/DEBUG] [cpw.mods.modlauncher.TransformStore/MODLAUNCHER]: Adding transformer net.minecraftforge.coremod.transformer.CoreModClassTransformer@2e766822 to Target : CLASS {Lnet/minecraft/server/commands/SummonCommand;} {} {V}
[09Jun2026 14:46:00.854] [main/DEBUG] [cpw.mods.modlauncher.TransformStore/MODLAUNCHER]: Adding transformer net.minecraftforge.coremod.transformer.CoreModClassTransformer@2e766822 to Target : CLASS {Lnet/minecraft/world/entity/monster/Strider;} {} {V}
[09Jun2026 14:46:00.854] [main/DEBUG] [cpw.mods.modlauncher.TransformStore/MODLAUNCHER]: Adding transformer net.minecraftforge.coremod.transformer.CoreModClassTransformer@2e766822 to Target : CLASS {Lnet/minecraft/world/entity/raid/Raid;} {} {V}
[09Jun2026 14:46:00.854] [main/DEBUG] [cpw.mods.modlauncher.TransformStore/MODLAUNCHER]: Adding transformer net.minecraftforge.coremod.transformer.CoreModClassTransformer@2e766822 to Target : CLASS {Lnet/minecraft/world/level/levelgen/structure/structures/WoodlandMansionPieces$WoodlandMansionPiece;} {} {V}
[09Jun2026 14:46:00.854] [main/DEBUG] [cpw.mods.modlauncher.TransformStore/MODLAUNCHER]: Adding transformer net.minecraftforge.coremod.transformer.CoreModClassTransformer@2e766822 to Target : CLASS {Lnet/minecraft/world/entity/monster/Spider;} {} {V}
[09Jun2026 14:46:00.854] [main/DEBUG] [cpw.mods.modlauncher.TransformStore/MODLAUNCHER]: Adding transformer net.minecraftforge.coremod.transformer.CoreModClassTransformer@2e766822 to Target : CLASS {Lnet/minecraft/world/entity/animal/horse/SkeletonTrapGoal;} {} {V}
[09Jun2026 14:46:00.854] [main/DEBUG] [cpw.mods.modlauncher.TransformStore/MODLAUNCHER]: Adding transformer net.minecraftforge.coremod.transformer.CoreModClassTransformer@2e766822 to Target : CLASS {Lnet/minecraft/world/entity/monster/ZombieVillager;} {} {V}
[09Jun2026 14:46:00.854] [main/DEBUG] [cpw.mods.modlauncher.TransformStore/MODLAUNCHER]: Adding transformer net.minecraftforge.coremod.transformer.CoreModClassTransformer@2e766822 to Target : CLASS {Lnet/minecraft/world/entity/monster/Zombie;} {} {V}
[09Jun2026 14:46:00.854] [main/DEBUG] [cpw.mods.modlauncher.TransformStore/MODLAUNCHER]: Adding transformer net.minecraftforge.coremod.transformer.CoreModClassTransformer@2e766822 to Target : CLASS {Lnet/minecraft/world/entity/npc/Villager;} {} {V}
[09Jun2026 14:46:00.854] [main/DEBUG] [cpw.mods.modlauncher.TransformStore/MODLAUNCHER]: Adding transformer net.minecraftforge.coremod.transformer.CoreModClassTransformer@2e766822 to Target : CLASS {Lnet/minecraft/world/level/levelgen/PhantomSpawner;} {} {V}
[09Jun2026 14:46:00.854] [main/DEBUG] [cpw.mods.modlauncher.TransformStore/MODLAUNCHER]: Adding transformer net.minecraftforge.coremod.transformer.CoreModClassTransformer@2e766822 to Target : CLASS {Lnet/minecraft/world/level/NaturalSpawner;} {} {V}
[09Jun2026 14:46:00.854] [main/DEBUG] [cpw.mods.modlauncher.TransformStore/MODLAUNCHER]: Adding transformer net.minecraftforge.coremod.transformer.CoreModClassTransformer@2e766822 to Target : CLASS {Lnet/minecraft/world/entity/EntityType;} {} {V}
[09Jun2026 14:46:00.855] [main/DEBUG] [cpw.mods.modlauncher.TransformStore/MODLAUNCHER]: Adding transformer net.minecraftforge.coremod.transformer.CoreModClassTransformer@2e766822 to Target : CLASS {Lnet/minecraft/world/level/levelgen/structure/templatesystem/StructureTemplate;} {} {V}
[09Jun2026 14:46:00.855] [main/DEBUG] [cpw.mods.modlauncher.TransformStore/MODLAUNCHER]: Adding transformer net.minecraftforge.coremod.transformer.CoreModClassTransformer@2e766822 to Target : CLASS {Lnet/minecraft/world/entity/npc/CatSpawner;} {} {V}
[09Jun2026 14:46:00.855] [main/DEBUG] [cpw.mods.modlauncher.TransformStore/MODLAUNCHER]: Adding transformer net.minecraftforge.coremod.transformer.CoreModClassTransformer@2e766822 to Target : CLASS {Lnet/minecraft/world/level/levelgen/PatrolSpawner;} {} {V}
[09Jun2026 14:46:00.855] [main/DEBUG] [cpw.mods.modlauncher.TransformStore/MODLAUNCHER]: Adding transformer net.minecraftforge.coremod.transformer.CoreModClassTransformer@2e766822 to Target : CLASS {Lnet/minecraft/world/entity/animal/frog/Tadpole;} {} {V}
[09Jun2026 14:46:00.855] [main/DEBUG] [cpw.mods.modlauncher.TransformStore/MODLAUNCHER]: Adding transformer net.minecraftforge.coremod.transformer.CoreModClassTransformer@2e766822 to Target : CLASS {Lnet/minecraft/world/level/levelgen/structure/structures/OceanMonumentPieces$OceanMonumentPiece;} {} {V}
[09Jun2026 14:46:00.855] [main/DEBUG] [cpw.mods.modlauncher.TransformStore/MODLAUNCHER]: Adding transformer net.minecraftforge.coremod.transformer.CoreModClassTransformer@2e766822 to Target : CLASS {Lnet/minecraft/world/level/levelgen/structure/structures/OceanRuinPieces$OceanRuinPiece;} {} {V}
[09Jun2026 14:46:00.855] [main/DEBUG] [cpw.mods.modlauncher.TransformStore/MODLAUNCHER]: Adding transformer net.minecraftforge.coremod.transformer.CoreModClassTransformer@2e766822 to Target : CLASS {Lnet/minecraft/world/level/levelgen/structure/structures/SwampHutPiece;} {} {V}
[09Jun2026 14:46:00.855] [main/DEBUG] [cpw.mods.modlauncher.TransformStore/MODLAUNCHER]: Adding transformer net.minecraftforge.coremod.transformer.CoreModClassTransformer@2e766822 to Target : CLASS {Lnet/minecraft/world/entity/ai/village/VillageSiege;} {} {V}
[09Jun2026 14:46:00.855] [main/DEBUG] [cpw.mods.modlauncher.TransformStore/MODLAUNCHER]: Adding transformer net.minecraftforge.coremod.transformer.CoreModClassTransformer@2e766822 to Target : CLASS {Lnet/minecraft/world/entity/monster/Evoker$EvokerSummonSpellGoal;} {} {V}
[09Jun2026 14:46:00.856] [main/DEBUG] [cpw.mods.modlauncher.TransformationServiceDecorator/MODLAUNCHER]: Initialized transformers for transformation service fml
[09Jun2026 14:46:01.788] [main/DEBUG] [mixin/]: Processing prepare() for PlatformAgent[MixinPlatformAgentDefault:ModLauncher Root Container(ModLauncher:4f56a0a2)]
[09Jun2026 14:46:01.789] [main/DEBUG] [mixin/]: Processing launch tasks for PlatformAgent[MixinPlatformAgentDefault:ModLauncher Root Container(ModLauncher:4f56a0a2)]
[09Jun2026 14:46:01.789] [main/DEBUG] [mixin/]: Adding mixin platform agents for container SecureJarResource(minecraft)
[09Jun2026 14:46:01.789] [main/DEBUG] [mixin/]: Instancing new MixinPlatformAgentMinecraftForge for SecureJarResource(minecraft)
[09Jun2026 14:46:01.789] [main/DEBUG] [mixin/]: MixinPlatformAgentMinecraftForge rejected container SecureJarResource(minecraft)
[09Jun2026 14:46:01.789] [main/DEBUG] [mixin/]: Instancing new MixinPlatformAgentDefault for SecureJarResource(minecraft)
[09Jun2026 14:46:01.789] [main/DEBUG] [mixin/]: MixinPlatformAgentDefault accepted container SecureJarResource(minecraft)
[09Jun2026 14:46:01.789] [main/DEBUG] [mixin/]: Processing prepare() for PlatformAgent[MixinPlatformAgentDefault:SecureJarResource(minecraft)]
[09Jun2026 14:46:01.789] [main/DEBUG] [mixin/]: Adding mixin platform agents for container SecureJarResource(mixinextras)
[09Jun2026 14:46:01.789] [main/DEBUG] [mixin/]: Instancing new MixinPlatformAgentMinecraftForge for SecureJarResource(mixinextras)
[09Jun2026 14:46:01.789] [main/DEBUG] [mixin/]: MixinPlatformAgentMinecraftForge rejected container SecureJarResource(mixinextras)
[09Jun2026 14:46:01.789] [main/DEBUG] [mixin/]: Instancing new MixinPlatformAgentDefault for SecureJarResource(mixinextras)
[09Jun2026 14:46:01.790] [main/DEBUG] [mixin/]: MixinPlatformAgentDefault accepted container SecureJarResource(mixinextras)
[09Jun2026 14:46:01.790] [main/DEBUG] [mixin/]: Processing prepare() for PlatformAgent[MixinPlatformAgentDefault:SecureJarResource(mixinextras)]
[09Jun2026 14:46:01.790] [main/DEBUG] [mixin/]: Registering mixin config: mixinextras.init.mixins.json
[09Jun2026 14:46:01.802] [main/DEBUG] [mixin/]: Adding mixin platform agents for container SecureJarResource(forge)
[09Jun2026 14:46:01.802] [main/DEBUG] [mixin/]: Instancing new MixinPlatformAgentMinecraftForge for SecureJarResource(forge)
[09Jun2026 14:46:01.803] [main/DEBUG] [mixin/]: MixinPlatformAgentMinecraftForge rejected container SecureJarResource(forge)
[09Jun2026 14:46:01.803] [main/DEBUG] [mixin/]: Instancing new MixinPlatformAgentDefault for SecureJarResource(forge)
[09Jun2026 14:46:01.803] [main/DEBUG] [mixin/]: MixinPlatformAgentDefault accepted container SecureJarResource(forge)
[09Jun2026 14:46:01.803] [main/DEBUG] [mixin/]: Processing prepare() for PlatformAgent[MixinPlatformAgentDefault:SecureJarResource(forge)]
[09Jun2026 14:46:01.803] [main/DEBUG] [mixin/]: Adding mixin platform agents for container SecureJarResource(flywheel)
[09Jun2026 14:46:01.803] [main/DEBUG] [mixin/]: Instancing new MixinPlatformAgentMinecraftForge for SecureJarResource(flywheel)
[09Jun2026 14:46:01.803] [main/DEBUG] [mixin/]: MixinPlatformAgentMinecraftForge rejected container SecureJarResource(flywheel)
[09Jun2026 14:46:01.803] [main/DEBUG] [mixin/]: Instancing new MixinPlatformAgentDefault for SecureJarResource(flywheel)
[09Jun2026 14:46:01.803] [main/DEBUG] [mixin/]: MixinPlatformAgentDefault accepted container SecureJarResource(flywheel)
[09Jun2026 14:46:01.803] [main/DEBUG] [mixin/]: Processing prepare() for PlatformAgent[MixinPlatformAgentDefault:SecureJarResource(flywheel)]
[09Jun2026 14:46:01.803] [main/DEBUG] [mixin/]: Registering mixin config: flywheel.mixins.json
[09Jun2026 14:46:01.805] [main/DEBUG] [mixin/]: Compatibility level JAVA_17 specified by flywheel.mixins.json is higher than the maximum level supported by this version of mixin (JAVA_13).
[09Jun2026 14:46:01.807] [main/INFO] [mixin/]: Compatibility level set to JAVA_17
[09Jun2026 14:46:01.807] [main/DEBUG] [mixin/]: Adding mixin platform agents for container SecureJarResource(easycreate)
[09Jun2026 14:46:01.807] [main/DEBUG] [mixin/]: Instancing new MixinPlatformAgentMinecraftForge for SecureJarResource(easycreate)
[09Jun2026 14:46:01.807] [main/DEBUG] [mixin/]: MixinPlatformAgentMinecraftForge rejected container SecureJarResource(easycreate)
[09Jun2026 14:46:01.807] [main/DEBUG] [mixin/]: Instancing new MixinPlatformAgentDefault for SecureJarResource(easycreate)
[09Jun2026 14:46:01.808] [main/DEBUG] [mixin/]: MixinPlatformAgentDefault accepted container SecureJarResource(easycreate)
[09Jun2026 14:46:01.808] [main/DEBUG] [mixin/]: Processing prepare() for PlatformAgent[MixinPlatformAgentDefault:SecureJarResource(easycreate)]
[09Jun2026 14:46:01.808] [main/DEBUG] [mixin/]: Adding mixin platform agents for container SecureJarResource(create)
[09Jun2026 14:46:01.808] [main/DEBUG] [mixin/]: Instancing new MixinPlatformAgentMinecraftForge for SecureJarResource(create)
[09Jun2026 14:46:01.808] [main/DEBUG] [mixin/]: MixinPlatformAgentMinecraftForge rejected container SecureJarResource(create)
[09Jun2026 14:46:01.808] [main/DEBUG] [mixin/]: Instancing new MixinPlatformAgentDefault for SecureJarResource(create)
[09Jun2026 14:46:01.808] [main/DEBUG] [mixin/]: MixinPlatformAgentDefault accepted container SecureJarResource(create)
[09Jun2026 14:46:01.808] [main/DEBUG] [mixin/]: Processing prepare() for PlatformAgent[MixinPlatformAgentDefault:SecureJarResource(create)]
[09Jun2026 14:46:01.808] [main/DEBUG] [mixin/]: Registering mixin config: create.mixins.json
[09Jun2026 14:46:01.810] [main/DEBUG] [mixin/]: Adding mixin platform agents for container SecureJarResource(jei)
[09Jun2026 14:46:01.810] [main/DEBUG] [mixin/]: Instancing new MixinPlatformAgentMinecraftForge for SecureJarResource(jei)
[09Jun2026 14:46:01.810] [main/DEBUG] [mixin/]: MixinPlatformAgentMinecraftForge rejected container SecureJarResource(jei)
[09Jun2026 14:46:01.810] [main/DEBUG] [mixin/]: Instancing new MixinPlatformAgentDefault for SecureJarResource(jei)
[09Jun2026 14:46:01.810] [main/DEBUG] [mixin/]: MixinPlatformAgentDefault accepted container SecureJarResource(jei)
[09Jun2026 14:46:01.810] [main/DEBUG] [mixin/]: Processing prepare() for PlatformAgent[MixinPlatformAgentDefault:SecureJarResource(jei)]
[09Jun2026 14:46:01.810] [main/DEBUG] [mixin/]: Adding mixin platform agents for container SecureJarResource(MixinExtras)
[09Jun2026 14:46:01.810] [main/DEBUG] [mixin/]: Instancing new MixinPlatformAgentMinecraftForge for SecureJarResource(MixinExtras)
[09Jun2026 14:46:01.810] [main/DEBUG] [mixin/]: MixinPlatformAgentMinecraftForge rejected container SecureJarResource(MixinExtras)
[09Jun2026 14:46:01.810] [main/DEBUG] [mixin/]: Instancing new MixinPlatformAgentDefault for SecureJarResource(MixinExtras)
[09Jun2026 14:46:01.810] [main/DEBUG] [mixin/]: MixinPlatformAgentDefault accepted container SecureJarResource(MixinExtras)
[09Jun2026 14:46:01.810] [main/DEBUG] [mixin/]: Processing prepare() for PlatformAgent[MixinPlatformAgentDefault:SecureJarResource(MixinExtras)]
[09Jun2026 14:46:01.811] [main/DEBUG] [mixin/]: Adding mixin platform agents for container SecureJarResource(Registrate)
[09Jun2026 14:46:01.811] [main/DEBUG] [mixin/]: Instancing new MixinPlatformAgentMinecraftForge for SecureJarResource(Registrate)
[09Jun2026 14:46:01.811] [main/DEBUG] [mixin/]: MixinPlatformAgentMinecraftForge rejected container SecureJarResource(Registrate)
[09Jun2026 14:46:01.811] [main/DEBUG] [mixin/]: Instancing new MixinPlatformAgentDefault for SecureJarResource(Registrate)
[09Jun2026 14:46:01.811] [main/DEBUG] [mixin/]: MixinPlatformAgentDefault accepted container SecureJarResource(Registrate)
[09Jun2026 14:46:01.811] [main/DEBUG] [mixin/]: Processing prepare() for PlatformAgent[MixinPlatformAgentDefault:SecureJarResource(Registrate)]
[09Jun2026 14:46:01.811] [main/DEBUG] [mixin/]: inject() running with 10 agents
[09Jun2026 14:46:01.811] [main/DEBUG] [mixin/]: Processing inject() for PlatformAgent[MixinPlatformAgentDefault:ModLauncher Root Container(ModLauncher:4f56a0a2)]
[09Jun2026 14:46:01.811] [main/DEBUG] [mixin/]: Processing inject() for PlatformAgent[MixinPlatformAgentDefault:SecureJarResource(minecraft)]
[09Jun2026 14:46:01.811] [main/DEBUG] [mixin/]: Processing inject() for PlatformAgent[MixinPlatformAgentDefault:SecureJarResource(mixinextras)]
[09Jun2026 14:46:01.811] [main/DEBUG] [mixin/]: Processing inject() for PlatformAgent[MixinPlatformAgentDefault:SecureJarResource(forge)]
[09Jun2026 14:46:01.811] [main/DEBUG] [mixin/]: Processing inject() for PlatformAgent[MixinPlatformAgentDefault:SecureJarResource(flywheel)]
[09Jun2026 14:46:01.811] [main/DEBUG] [mixin/]: Processing inject() for PlatformAgent[MixinPlatformAgentDefault:SecureJarResource(easycreate)]
[09Jun2026 14:46:01.812] [main/DEBUG] [mixin/]: Processing inject() for PlatformAgent[MixinPlatformAgentDefault:SecureJarResource(create)]
[09Jun2026 14:46:01.812] [main/DEBUG] [mixin/]: Processing inject() for PlatformAgent[MixinPlatformAgentDefault:SecureJarResource(jei)]
[09Jun2026 14:46:01.812] [main/DEBUG] [mixin/]: Processing inject() for PlatformAgent[MixinPlatformAgentDefault:SecureJarResource(MixinExtras)]
[09Jun2026 14:46:01.812] [main/DEBUG] [mixin/]: Processing inject() for PlatformAgent[MixinPlatformAgentDefault:SecureJarResource(Registrate)]
[09Jun2026 14:46:01.812] [main/INFO] [cpw.mods.modlauncher.LaunchServiceHandler/MODLAUNCHER]: Launching target 'forgedatauserdev' with arguments [--gameDir, ., --assetsDir, C:\Users\PC\.gradle\caches\forge_gradle\assets, --assetIndex, 5, --mod, easycreate, --all, --output, C:\Users\PC\IdeaProjects\easycreate-mod-1.20.1\src\generated\resources, --existing, C:\Users\PC\IdeaProjects\easycreate-mod-1.20.1\src\main\resources]
[09Jun2026 14:46:01.886] [main/DEBUG] [mixin/]: Error cleaning class output directory: .mixin.out
[09Jun2026 14:46:01.887] [main/DEBUG] [mixin/]: Preparing mixins for MixinEnvironment[DEFAULT]
[09Jun2026 14:46:01.888] [main/DEBUG] [mixin/]: Selecting config mixinextras.init.mixins.json
[09Jun2026 14:46:01.918] [main/DEBUG] [MixinExtras|Service/]: com.llamalad7.mixinextras.service.MixinExtrasServiceImpl(version=0.4.1) is taking over from null
[09Jun2026 14:46:01.943] [main/DEBUG] [mixin/]: Registering new injector for @Inject with org.spongepowered.asm.mixin.injection.struct.CallbackInjectionInfo
[09Jun2026 14:46:01.944] [main/DEBUG] [mixin/]: Registering new injector for @ModifyArg with org.spongepowered.asm.mixin.injection.struct.ModifyArgInjectionInfo
[09Jun2026 14:46:01.944] [main/DEBUG] [mixin/]: Registering new injector for @ModifyArgs with org.spongepowered.asm.mixin.injection.struct.ModifyArgsInjectionInfo
[09Jun2026 14:46:01.945] [main/DEBUG] [mixin/]: Registering new injector for @Redirect with org.spongepowered.asm.mixin.injection.struct.RedirectInjectionInfo
[09Jun2026 14:46:01.946] [main/DEBUG] [mixin/]: Registering new injector for @ModifyVariable with org.spongepowered.asm.mixin.injection.struct.ModifyVariableInjectionInfo
[09Jun2026 14:46:01.947] [main/DEBUG] [mixin/]: Registering new injector for @ModifyConstant with org.spongepowered.asm.mixin.injection.struct.ModifyConstantInjectionInfo
[09Jun2026 14:46:01.957] [main/DEBUG] [mixin/]: Selecting config flywheel.mixins.json
[09Jun2026 14:46:02.191] [main/INFO] [mixin/]: Remapping refMap flywheel.refmap.json using C:\Users\PC\IdeaProjects\easycreate-mod-1.20.1/build/createSrgToMcp/output.srg
[09Jun2026 14:46:02.191] [main/DEBUG] [mixin/]: Selecting config create.mixins.json
[09Jun2026 14:46:02.193] [main/INFO] [mixin/]: Remapping refMap create.refmap.json using C:\Users\PC\IdeaProjects\easycreate-mod-1.20.1/build/createSrgToMcp/output.srg
[09Jun2026 14:46:02.193] [main/DEBUG] [mixin/]: Preparing mixinextras.init.mixins.json (0)
[09Jun2026 14:46:02.194] [main/DEBUG] [mixin/]: Preparing flywheel.mixins.json (23)
[09Jun2026 14:46:02.270] [main/DEBUG] [net.minecraftforge.coremod.transformer.CoreModBaseTransformer/COREMOD]: Transforming net/minecraft/world/entity/EntityType
[09Jun2026 14:46:02.460] [main/DEBUG] [mixin/]: Preparing create.mixins.json (36)
[09Jun2026 14:46:02.564] [main/DEBUG] [mixin/]: Prepared 59 mixins in 0.675 sec (11.4ms avg) (0ms load, 0ms transform, 0ms plugin)
[09Jun2026 14:46:02.660] [main/DEBUG] [io.netty.util.internal.logging.InternalLoggerFactory/]: Using SLF4J as the default logging framework
[09Jun2026 14:46:02.662] [main/DEBUG] [io.netty.util.ResourceLeakDetector/]: -Dio.netty.leakDetection.level: simple
[09Jun2026 14:46:02.662] [main/DEBUG] [io.netty.util.ResourceLeakDetector/]: -Dio.netty.leakDetection.targetRecords: 4
[09Jun2026 14:46:02.754] [main/INFO] [net.minecraftforge.data.loading.DatagenModLoader/]: Initializing Data Gatherer for mods [easycreate]
[09Jun2026 14:46:02.849] [main/INFO] [MixinExtras|Service/]: Initializing MixinExtras via com.llamalad7.mixinextras.service.MixinExtrasServiceImpl(version=0.4.1).
[09Jun2026 14:46:02.850] [main/DEBUG] [mixin/]: Registering new injector for @SugarWrapper with com.llamalad7.mixinextras.sugar.impl.SugarWrapperInjectionInfo
[09Jun2026 14:46:02.851] [main/DEBUG] [mixin/]: Registering new injector for @FactoryRedirectWrapper with com.llamalad7.mixinextras.wrapper.factory.FactoryRedirectWrapperInjectionInfo
[09Jun2026 14:46:02.854] [main/DEBUG] [mixin/]: Mixing EntityMixin from create.mixins.json into net.minecraft.world.entity.Entity
[09Jun2026 14:46:02.861] [main/DEBUG] [mixin/]: Mixing ContraptionDriverInteractMixin from create.mixins.json into net.minecraft.world.entity.Entity
[09Jun2026 14:46:02.862] [main/DEBUG] [mixin/]: Mixing accessor.EntityAccessor from create.mixins.json into net.minecraft.world.entity.Entity
[09Jun2026 14:46:02.877] [main/DEBUG] [mixin/]: Mixing client.EntityContraptionInteractionMixin from create.mixins.json into net.minecraft.world.entity.Entity
[09Jun2026 14:46:02.884] [main/DEBUG] [mixin/]: Renaming synthetic method lambda$create$onSpawnSprintParticle$4(Lnet/minecraft/world/entity/Entity;Lnet/minecraft/core/BlockPos;Lcom/simibubi/create/content/contraptions/Contraption;Lnet/minecraft/world/level/block/state/BlockState;Lnet/minecraft/core/BlockPos;)V to mdc93077$lambda$create$onSpawnSprintParticle$4$0 in create.mixins.json:client.EntityContraptionInteractionMixin
[09Jun2026 14:46:02.885] [main/DEBUG] [mixin/]: Renaming synthetic method lambda$create$onMove$3(Lnet/minecraft/world/phys/Vec3;Lnet/minecraft/world/entity/Entity;Lcom/simibubi/create/content/contraptions/AbstractContraptionEntity;)Z to mdc93077$lambda$create$onMove$3$1 in create.mixins.json:client.EntityContraptionInteractionMixin
[09Jun2026 14:46:02.885] [main/DEBUG] [mixin/]: Renaming synthetic method lambda$create$contraptionStepSounds$2(Lorg/apache/commons/lang3/mutable/MutableBoolean;Lcom/simibubi/create/content/contraptions/Contraption;Lnet/minecraft/world/level/block/state/BlockState;Lnet/minecraft/core/BlockPos;)V to mdc93077$lambda$create$contraptionStepSounds$2$2 in create.mixins.json:client.EntityContraptionInteractionMixin
[09Jun2026 14:46:02.885] [main/DEBUG] [mixin/]: Renaming synthetic method lambda$create$forCollision$1(Lnet/minecraft/world/phys/Vec3;Lorg/apache/logging/log4j/util/TriConsumer;Lcom/simibubi/create/content/contraptions/AbstractContraptionEntity;)V to mdc93077$lambda$create$forCollision$1$3 in create.mixins.json:client.EntityContraptionInteractionMixin
[09Jun2026 14:46:02.885] [main/DEBUG] [mixin/]: Renaming synthetic method lambda$create$getIntersectionContraptionsStream$0(Lcom/simibubi/create/content/contraptions/AbstractContraptionEntity;)Z to mdc93077$lambda$create$getIntersectionContraptionsStream$0$4 in create.mixins.json:client.EntityContraptionInteractionMixin
[09Jun2026 14:46:03.020] [main/DEBUG] [mixin/]: Mixing CustomItemUseEffectsMixin from create.mixins.json into net.minecraft.world.entity.LivingEntity
[09Jun2026 14:46:03.022] [main/DEBUG] [net.minecraftforge.coremod.transformer.CoreModBaseTransformer/COREMOD]: Transforming net/minecraft/world/item/ItemStack
[09Jun2026 14:46:03.035] [main/DEBUG] [mixin/]: Mixing LavaSwimmingMixin from create.mixins.json into net.minecraft.world.entity.LivingEntity
[09Jun2026 14:46:03.042] [main/DEBUG] [mixin/]: Mixing accessor.LivingEntityAccessor from create.mixins.json into net.minecraft.world.entity.LivingEntity
[09Jun2026 14:46:03.113] [main/DEBUG] [mixin/]: Mixing accessor.ServerLevelAccessor from create.mixins.json into net.minecraft.server.level.ServerLevel
[09Jun2026 14:46:03.159] [main/DEBUG] [net.minecraftforge.coremod.transformer.CoreModBaseTransformer/COREMOD]: Transforming net/minecraft/world/entity/EntityType
[09Jun2026 14:46:03.209] [main/DEBUG] [mixin/]: Mixing EntityTypeMixin from flywheel.mixins.json into net.minecraft.world.entity.EntityType
[09Jun2026 14:46:03.223] [main/DEBUG] [mixin/]: Mixing BlockEntityTypeMixin from flywheel.mixins.json into net.minecraft.world.level.block.entity.BlockEntityType
[09Jun2026 14:46:03.422] [main/DEBUG] [net.minecraftforge.coremod.transformer.CoreModBaseTransformer/COREMOD]: Transforming net/minecraft/world/level/block/LiquidBlock
[09Jun2026 14:46:03.435] [main/DEBUG] [mixin/]: Mixing accessor.DispenserBlockAccessor from create.mixins.json into net.minecraft.world.level.block.DispenserBlock
[09Jun2026 14:46:03.458] [main/DEBUG] [net.minecraftforge.coremod.transformer.CoreModBaseTransformer/COREMOD]: Transforming net/minecraft/world/level/block/StairBlock
[09Jun2026 14:46:03.507] [main/DEBUG] [net.minecraftforge.coremod.transformer.CoreModBaseTransformer/COREMOD]: Transforming net/minecraft/world/level/block/FlowerPotBlock
[09Jun2026 14:46:03.603] [main/DEBUG] [mixin/]: Mixing WaterWheelFluidSpreadMixin from create.mixins.json into net.minecraft.world.level.material.FlowingFluid
[09Jun2026 14:46:03.701] [main/DEBUG] [mixin/]: Mixing accessor.FallingBlockEntityAccessor from create.mixins.json into net.minecraft.world.entity.item.FallingBlockEntity
[09Jun2026 14:46:03.702] [main/DEBUG] [mixin/]: Renaming @Invoker method create$callInit(Lnet/minecraft/world/level/Level;DDDLnet/minecraft/world/level/block/state/BlockState;)Lnet/minecraft/world/entity/item/FallingBlockEntity; to create$callInit_$md$c93077$0 in create.mixins.json:accessor.FallingBlockEntityAccessor
[09Jun2026 14:46:03.710] [main/DEBUG] [mixin/]: Mixing instancemanage.InstanceRemoveMixin from flywheel.mixins.json into net.minecraft.world.level.block.entity.BlockEntity
[09Jun2026 14:46:04.103] [main/DEBUG] [net.minecraftforge.coremod.transformer.CoreModBaseTransformer/COREMOD]: Transforming net/minecraft/world/item/ItemStack
[09Jun2026 14:46:04.552] [main/DEBUG] [net.minecraftforge.coremod.transformer.CoreModBaseTransformer/COREMOD]: Transforming net/minecraft/world/entity/animal/frog/Tadpole
[09Jun2026 14:46:04.570] [main/DEBUG] [mixin/]: Mixing BlockItemMixin from create.mixins.json into net.minecraft.world.item.BlockItem
[09Jun2026 14:46:04.592] [main/DEBUG] [net.minecraftforge.coremod.transformer.CoreModBaseTransformer/COREMOD]: Transforming net/minecraft/world/item/BucketItem
[09Jun2026 14:46:05.207] [main/DEBUG] [net.minecraftforge.coremod.transformer.CoreModBaseTransformer/COREMOD]: Transforming net/minecraft/world/entity/monster/Spider
[09Jun2026 14:46:05.247] [main/DEBUG] [net.minecraftforge.coremod.transformer.CoreModBaseTransformer/COREMOD]: Transforming net/minecraft/world/entity/monster/Zombie
[09Jun2026 14:46:05.277] [main/DEBUG] [net.minecraftforge.coremod.transformer.CoreModBaseTransformer/COREMOD]: Transforming net/minecraft/world/entity/monster/ZombieVillager
[09Jun2026 14:46:05.326] [main/DEBUG] [net.minecraftforge.coremod.transformer.CoreModBaseTransformer/COREMOD]: Transforming net/minecraft/world/entity/monster/Evoker$EvokerSummonSpellGoal
[09Jun2026 14:46:05.338] [main/DEBUG] [mixin/]: Mixing accessor.UseOnContextAccessor from create.mixins.json into net.minecraft.world.item.context.UseOnContext
[09Jun2026 14:46:05.444] [main/DEBUG] [net.minecraftforge.coremod.transformer.CoreModBaseTransformer/COREMOD]: Transforming net/minecraft/world/entity/animal/horse/SkeletonTrapGoal
[09Jun2026 14:46:05.461] [main/DEBUG] [net.minecraftforge.coremod.transformer.CoreModBaseTransformer/COREMOD]: Transforming net/minecraft/world/entity/monster/Strider
[09Jun2026 14:46:05.604] [main/DEBUG] [mixin/]: Mixing instancemanage.InstanceAddMixin from flywheel.mixins.json into net.minecraft.world.level.chunk.LevelChunk
[09Jun2026 14:46:05.632] [main/DEBUG] [net.minecraftforge.coremod.transformer.CoreModBaseTransformer/COREMOD]: Transforming net/minecraft/world/entity/npc/Villager
[09Jun2026 14:46:05.820] [main/DEBUG] [net.minecraftforge.coremod.transformer.CoreModBaseTransformer/COREMOD]: Transforming net/minecraft/world/effect/MobEffectInstance
[09Jun2026 14:46:05.890] [main/DEBUG] [mixin/]: Mixing accessor.AbstractProjectileDispenseBehaviorAccessor from create.mixins.json into net.minecraft.core.dispenser.AbstractProjectileDispenseBehavior
[09Jun2026 14:46:06.333] [main/DEBUG] [net.minecraftforge.coremod.transformer.CoreModBaseTransformer/COREMOD]: Transforming net/minecraft/world/level/levelgen/structure/Structure
[09Jun2026 14:46:06.368] [main/DEBUG] [net.minecraftforge.coremod.transformer.CoreModBaseTransformer/COREMOD]: Transforming net/minecraft/world/level/levelgen/structure/structures/OceanRuinPieces$OceanRuinPiece
[09Jun2026 14:46:06.378] [main/DEBUG] [net.minecraftforge.coremod.transformer.CoreModBaseTransformer/COREMOD]: Transforming net/minecraft/world/level/levelgen/structure/structures/SwampHutPiece
[09Jun2026 14:46:06.386] [main/DEBUG] [net.minecraftforge.coremod.transformer.CoreModBaseTransformer/COREMOD]: Transforming net/minecraft/world/level/levelgen/structure/structures/OceanMonumentPieces$OceanMonumentPiece
[09Jun2026 14:46:06.400] [main/DEBUG] [net.minecraftforge.coremod.transformer.CoreModBaseTransformer/COREMOD]: Transforming net/minecraft/world/level/levelgen/structure/structures/WoodlandMansionPieces$WoodlandMansionPiece
[09Jun2026 14:46:06.493] [main/DEBUG] [net.minecraftforge.coremod.transformer.CoreModBaseTransformer/COREMOD]: Transforming net/minecraft/world/level/biome/Biome
[09Jun2026 14:46:06.667] [main/DEBUG] [net.minecraftforge.registries.GameData/REGISTRIES]: Creating vanilla freeze snapshot
[09Jun2026 14:46:06.669] [main/DEBUG] [net.minecraftforge.registries.ForgeRegistry/REGISTRIES]: Registry minecraft:block Sync: VANILLA -> ACTIVE
[09Jun2026 14:46:06.678] [main/DEBUG] [net.minecraftforge.registries.ForgeRegistry/REGISTRIES]: Registry minecraft:fluid Sync: VANILLA -> ACTIVE
[09Jun2026 14:46:06.678] [main/DEBUG] [net.minecraftforge.registries.ForgeRegistry/REGISTRIES]: Registry minecraft:item Sync: VANILLA -> ACTIVE
[09Jun2026 14:46:06.686] [main/DEBUG] [net.minecraftforge.registries.ForgeRegistry/REGISTRIES]: Registry minecraft:mob_effect Sync: VANILLA -> ACTIVE
[09Jun2026 14:46:06.687] [main/DEBUG] [net.minecraftforge.registries.ForgeRegistry/REGISTRIES]: Registry minecraft:sound_event Sync: VANILLA -> ACTIVE
[09Jun2026 14:46:06.702] [main/DEBUG] [net.minecraftforge.registries.ForgeRegistry/REGISTRIES]: Registry minecraft:potion Sync: VANILLA -> ACTIVE
[09Jun2026 14:46:06.702] [main/DEBUG] [net.minecraftforge.registries.ForgeRegistry/REGISTRIES]: Registry minecraft:enchantment Sync: VANILLA -> ACTIVE
[09Jun2026 14:46:06.703] [main/DEBUG] [net.minecraftforge.registries.ForgeRegistry/REGISTRIES]: Registry minecraft:entity_type Sync: VANILLA -> ACTIVE
[09Jun2026 14:46:06.704] [main/DEBUG] [net.minecraftforge.registries.ForgeRegistry/REGISTRIES]: Registry minecraft:block_entity_type Sync: VANILLA -> ACTIVE
[09Jun2026 14:46:06.705] [main/DEBUG] [net.minecraftforge.registries.ForgeRegistry/REGISTRIES]: Registry minecraft:particle_type Sync: VANILLA -> ACTIVE
[09Jun2026 14:46:06.706] [main/DEBUG] [net.minecraftforge.registries.ForgeRegistry/REGISTRIES]: Registry minecraft:menu Sync: VANILLA -> ACTIVE
[09Jun2026 14:46:06.706] [main/DEBUG] [net.minecraftforge.registries.ForgeRegistry/REGISTRIES]: Registry minecraft:painting_variant Sync: VANILLA -> ACTIVE
[09Jun2026 14:46:06.707] [main/DEBUG] [net.minecraftforge.registries.ForgeRegistry/REGISTRIES]: Registry minecraft:recipe_type Sync: VANILLA -> ACTIVE
[09Jun2026 14:46:06.707] [main/DEBUG] [net.minecraftforge.registries.ForgeRegistry/REGISTRIES]: Registry minecraft:recipe_serializer Sync: VANILLA -> ACTIVE
[09Jun2026 14:46:06.707] [main/DEBUG] [net.minecraftforge.registries.ForgeRegistry/REGISTRIES]: Registry minecraft:attribute Sync: VANILLA -> ACTIVE
[09Jun2026 14:46:06.707] [main/DEBUG] [net.minecraftforge.registries.ForgeRegistry/REGISTRIES]: Registry minecraft:stat_type Sync: VANILLA -> ACTIVE
[09Jun2026 14:46:06.707] [main/DEBUG] [net.minecraftforge.registries.ForgeRegistry/REGISTRIES]: Registry minecraft:command_argument_type Sync: VANILLA -> ACTIVE
[09Jun2026 14:46:06.708] [main/DEBUG] [net.minecraftforge.registries.ForgeRegistry/REGISTRIES]: Registry minecraft:villager_profession Sync: VANILLA -> ACTIVE
[09Jun2026 14:46:06.708] [main/DEBUG] [net.minecraftforge.registries.ForgeRegistry/REGISTRIES]: Registry minecraft:point_of_interest_type Sync: VANILLA -> ACTIVE
[09Jun2026 14:46:06.711] [main/DEBUG] [net.minecraftforge.registries.ForgeRegistry/REGISTRIES]: Registry minecraft:memory_module_type Sync: VANILLA -> ACTIVE
[09Jun2026 14:46:06.712] [main/DEBUG] [net.minecraftforge.registries.ForgeRegistry/REGISTRIES]: Registry minecraft:sensor_type Sync: VANILLA -> ACTIVE
[09Jun2026 14:46:06.712] [main/DEBUG] [net.minecraftforge.registries.ForgeRegistry/REGISTRIES]: Registry minecraft:schedule Sync: VANILLA -> ACTIVE
[09Jun2026 14:46:06.713] [main/DEBUG] [net.minecraftforge.registries.ForgeRegistry/REGISTRIES]: Registry minecraft:activity Sync: VANILLA -> ACTIVE
[09Jun2026 14:46:06.713] [main/DEBUG] [net.minecraftforge.registries.ForgeRegistry/REGISTRIES]: Registry minecraft:worldgen/carver Sync: VANILLA -> ACTIVE
[09Jun2026 14:46:06.713] [main/DEBUG] [net.minecraftforge.registries.ForgeRegistry/REGISTRIES]: Registry minecraft:worldgen/feature Sync: VANILLA -> ACTIVE
[09Jun2026 14:46:06.713] [main/DEBUG] [net.minecraftforge.registries.ForgeRegistry/REGISTRIES]: Registry minecraft:chunk_status Sync: VANILLA -> ACTIVE
[09Jun2026 14:46:06.713] [main/DEBUG] [net.minecraftforge.registries.ForgeRegistry/REGISTRIES]: Registry minecraft:worldgen/block_state_provider_type Sync: VANILLA -> ACTIVE
[09Jun2026 14:46:06.713] [main/DEBUG] [net.minecraftforge.registries.ForgeRegistry/REGISTRIES]: Registry minecraft:worldgen/foliage_placer_type Sync: VANILLA -> ACTIVE
[09Jun2026 14:46:06.714] [main/DEBUG] [net.minecraftforge.registries.ForgeRegistry/REGISTRIES]: Registry minecraft:worldgen/tree_decorator_type Sync: VANILLA -> ACTIVE
[09Jun2026 14:46:06.714] [main/DEBUG] [net.minecraftforge.registries.ForgeRegistry/REGISTRIES]: Registry minecraft:worldgen/biome Sync: VANILLA -> ACTIVE
[09Jun2026 14:46:06.718] [main/DEBUG] [net.minecraftforge.registries.GameData/REGISTRIES]: Vanilla freeze snapshot created
[09Jun2026 14:46:06.732] [main/DEBUG] [io.netty.util.internal.PlatformDependent0/]: -Dio.netty.noUnsafe: false
[09Jun2026 14:46:06.733] [main/DEBUG] [io.netty.util.internal.PlatformDependent0/]: Java version: 17
[09Jun2026 14:46:06.733] [main/DEBUG] [io.netty.util.internal.PlatformDependent0/]: sun.misc.Unsafe.theUnsafe: available
[09Jun2026 14:46:06.734] [main/DEBUG] [io.netty.util.internal.PlatformDependent0/]: sun.misc.Unsafe.copyMemory: available
[09Jun2026 14:46:06.734] [main/DEBUG] [io.netty.util.internal.PlatformDependent0/]: sun.misc.Unsafe.storeFence: available
[09Jun2026 14:46:06.734] [main/DEBUG] [io.netty.util.internal.PlatformDependent0/]: java.nio.Buffer.address: available
[09Jun2026 14:46:06.735] [main/DEBUG] [io.netty.util.internal.PlatformDependent0/]: direct buffer constructor: unavailable
java.lang.UnsupportedOperationException: Reflective setAccessible(true) disabled
	at io.netty.util.internal.ReflectionUtil.trySetAccessible(ReflectionUtil.java:31) ~[netty-common-4.1.82.Final.jar:4.1.82.Final]
	at io.netty.util.internal.PlatformDependent0$5.run(PlatformDependent0.java:288) ~[netty-common-4.1.82.Final.jar:4.1.82.Final]
	at java.security.AccessController.doPrivileged(AccessController.java:318) ~[?:?]
	at io.netty.util.internal.PlatformDependent0.<clinit>(PlatformDependent0.java:282) ~[netty-common-4.1.82.Final.jar:4.1.82.Final]
	at io.netty.util.internal.PlatformDependent.isAndroid(PlatformDependent.java:333) ~[netty-common-4.1.82.Final.jar:4.1.82.Final]
	at io.netty.util.internal.PlatformDependent.<clinit>(PlatformDependent.java:88) ~[netty-common-4.1.82.Final.jar:4.1.82.Final]
	at io.netty.util.ConstantPool.<init>(ConstantPool.java:34) ~[netty-common-4.1.82.Final.jar:4.1.82.Final]
	at io.netty.util.AttributeKey$1.<init>(AttributeKey.java:27) ~[netty-common-4.1.82.Final.jar:4.1.82.Final]
	at io.netty.util.AttributeKey.<clinit>(AttributeKey.java:27) ~[netty-common-4.1.82.Final.jar:4.1.82.Final]
	at net.minecraftforge.network.NetworkConstants.<clinit>(NetworkConstants.java:34) ~[forge-1.20.1-47.4.0_mapped_parchment_2023.09.03-1.20.1-recomp.jar:?]
	at net.minecraftforge.network.NetworkHooks.init(NetworkHooks.java:52) ~[forge-1.20.1-47.4.0_mapped_parchment_2023.09.03-1.20.1-recomp.jar:?]
	at net.minecraft.server.Bootstrap.bootStrap(Bootstrap.java:66) ~[forge-1.20.1-47.4.0_mapped_parchment_2023.09.03-1.20.1-recomp.jar:?]
	at net.minecraftforge.data.loading.DatagenModLoader.begin(DatagenModLoader.java:42) ~[forge-1.20.1-47.4.0_mapped_parchment_2023.09.03-1.20.1-recomp.jar:?]
	at net.minecraft.data.Main.main(Main.java:90) ~[forge-1.20.1-47.4.0_mapped_parchment_2023.09.03-1.20.1-recomp.jar:?]
	at jdk.internal.reflect.NativeMethodAccessorImpl.invoke0(Native Method) ~[?:?]
	at jdk.internal.reflect.NativeMethodAccessorImpl.invoke(NativeMethodAccessorImpl.java:77) ~[?:?]
	at jdk.internal.reflect.DelegatingMethodAccessorImpl.invoke(DelegatingMethodAccessorImpl.java:43) ~[?:?]
	at java.lang.reflect.Method.invoke(Method.java:569) ~[?:?]
	at net.minecraftforge.fml.loading.targets.CommonLaunchHandler.runTarget(CommonLaunchHandler.java:111) ~[fmlloader-1.20.1-47.4.0.jar:?]
	at net.minecraftforge.fml.loading.targets.CommonLaunchHandler.dataService(CommonLaunchHandler.java:107) ~[fmlloader-1.20.1-47.4.0.jar:?]
	at net.minecraftforge.fml.loading.targets.ForgeDataUserdevLaunchHandler.devService(ForgeDataUserdevLaunchHandler.java:22) ~[fmlloader-1.20.1-47.4.0.jar:?]
	at net.minecraftforge.fml.loading.targets.CommonDevLaunchHandler.lambda$makeService$7(CommonDevLaunchHandler.java:135) ~[fmlloader-1.20.1-47.4.0.jar:?]
	at cpw.mods.modlauncher.LaunchServiceHandlerDecorator.launch(LaunchServiceHandlerDecorator.java:30) ~[modlauncher-10.0.9.jar:?]
	at cpw.mods.modlauncher.LaunchServiceHandler.launch(LaunchServiceHandler.java:53) ~[modlauncher-10.0.9.jar:?]
	at cpw.mods.modlauncher.LaunchServiceHandler.launch(LaunchServiceHandler.java:71) ~[modlauncher-10.0.9.jar:?]
	at cpw.mods.modlauncher.Launcher.run(Launcher.java:108) ~[modlauncher-10.0.9.jar:?]
	at cpw.mods.modlauncher.Launcher.main(Launcher.java:78) ~[modlauncher-10.0.9.jar:?]
	at cpw.mods.modlauncher.BootstrapLaunchConsumer.accept(BootstrapLaunchConsumer.java:26) ~[modlauncher-10.0.9.jar:?]
	at cpw.mods.modlauncher.BootstrapLaunchConsumer.accept(BootstrapLaunchConsumer.java:23) ~[modlauncher-10.0.9.jar:?]
	at cpw.mods.bootstraplauncher.BootstrapLauncher.main(BootstrapLauncher.java:141) ~[bootstraplauncher-1.1.2.jar:?]
[09Jun2026 14:46:06.758] [main/DEBUG] [io.netty.util.internal.PlatformDependent0/]: java.nio.Bits.unaligned: available, true
[09Jun2026 14:46:06.759] [main/DEBUG] [io.netty.util.internal.PlatformDependent0/]: jdk.internal.misc.Unsafe.allocateUninitializedArray(int): unavailable
java.lang.IllegalAccessException: class io.netty.util.internal.PlatformDependent0$7 (in module io.netty.common) cannot access class jdk.internal.misc.Unsafe (in module java.base) because module java.base does not export jdk.internal.misc to module io.netty.common
	at jdk.internal.reflect.Reflection.newIllegalAccessException(Reflection.java:392) ~[?:?]
	at java.lang.reflect.AccessibleObject.checkAccess(AccessibleObject.java:674) ~[?:?]
	at java.lang.reflect.Method.invoke(Method.java:561) ~[?:?]
	at io.netty.util.internal.PlatformDependent0$7.run(PlatformDependent0.java:410) ~[netty-common-4.1.82.Final.jar:4.1.82.Final]
	at java.security.AccessController.doPrivileged(AccessController.java:318) ~[?:?]
	at io.netty.util.internal.PlatformDependent0.<clinit>(PlatformDependent0.java:401) ~[netty-common-4.1.82.Final.jar:4.1.82.Final]
	at io.netty.util.internal.PlatformDependent.isAndroid(PlatformDependent.java:333) ~[netty-common-4.1.82.Final.jar:4.1.82.Final]
	at io.netty.util.internal.PlatformDependent.<clinit>(PlatformDependent.java:88) ~[netty-common-4.1.82.Final.jar:4.1.82.Final]
	at io.netty.util.ConstantPool.<init>(ConstantPool.java:34) ~[netty-common-4.1.82.Final.jar:4.1.82.Final]
	at io.netty.util.AttributeKey$1.<init>(AttributeKey.java:27) ~[netty-common-4.1.82.Final.jar:4.1.82.Final]
	at io.netty.util.AttributeKey.<clinit>(AttributeKey.java:27) ~[netty-common-4.1.82.Final.jar:4.1.82.Final]
	at net.minecraftforge.network.NetworkConstants.<clinit>(NetworkConstants.java:34) ~[forge-1.20.1-47.4.0_mapped_parchment_2023.09.03-1.20.1-recomp.jar:?]
	at net.minecraftforge.network.NetworkHooks.init(NetworkHooks.java:52) ~[forge-1.20.1-47.4.0_mapped_parchment_2023.09.03-1.20.1-recomp.jar:?]
	at net.minecraft.server.Bootstrap.bootStrap(Bootstrap.java:66) ~[forge-1.20.1-47.4.0_mapped_parchment_2023.09.03-1.20.1-recomp.jar:?]
	at net.minecraftforge.data.loading.DatagenModLoader.begin(DatagenModLoader.java:42) ~[forge-1.20.1-47.4.0_mapped_parchment_2023.09.03-1.20.1-recomp.jar:?]
	at net.minecraft.data.Main.main(Main.java:90) ~[forge-1.20.1-47.4.0_mapped_parchment_2023.09.03-1.20.1-recomp.jar:?]
	at jdk.internal.reflect.NativeMethodAccessorImpl.invoke0(Native Method) ~[?:?]
	at jdk.internal.reflect.NativeMethodAccessorImpl.invoke(NativeMethodAccessorImpl.java:77) ~[?:?]
	at jdk.internal.reflect.DelegatingMethodAccessorImpl.invoke(DelegatingMethodAccessorImpl.java:43) ~[?:?]
	at java.lang.reflect.Method.invoke(Method.java:569) ~[?:?]
	at net.minecraftforge.fml.loading.targets.CommonLaunchHandler.runTarget(CommonLaunchHandler.java:111) ~[fmlloader-1.20.1-47.4.0.jar:?]
	at net.minecraftforge.fml.loading.targets.CommonLaunchHandler.dataService(CommonLaunchHandler.java:107) ~[fmlloader-1.20.1-47.4.0.jar:?]
	at net.minecraftforge.fml.loading.targets.ForgeDataUserdevLaunchHandler.devService(ForgeDataUserdevLaunchHandler.java:22) ~[fmlloader-1.20.1-47.4.0.jar:?]
	at net.minecraftforge.fml.loading.targets.CommonDevLaunchHandler.lambda$makeService$7(CommonDevLaunchHandler.java:135) ~[fmlloader-1.20.1-47.4.0.jar:?]
	at cpw.mods.modlauncher.LaunchServiceHandlerDecorator.launch(LaunchServiceHandlerDecorator.java:30) ~[modlauncher-10.0.9.jar:?]
	at cpw.mods.modlauncher.LaunchServiceHandler.launch(LaunchServiceHandler.java:53) ~[modlauncher-10.0.9.jar:?]
	at cpw.mods.modlauncher.LaunchServiceHandler.launch(LaunchServiceHandler.java:71) ~[modlauncher-10.0.9.jar:?]
	at cpw.mods.modlauncher.Launcher.run(Launcher.java:108) ~[modlauncher-10.0.9.jar:?]
	at cpw.mods.modlauncher.Launcher.main(Launcher.java:78) ~[modlauncher-10.0.9.jar:?]
	at cpw.mods.modlauncher.BootstrapLaunchConsumer.accept(BootstrapLaunchConsumer.java:26) ~[modlauncher-10.0.9.jar:?]
	at cpw.mods.modlauncher.BootstrapLaunchConsumer.accept(BootstrapLaunchConsumer.java:23) ~[modlauncher-10.0.9.jar:?]
	at cpw.mods.bootstraplauncher.BootstrapLauncher.main(BootstrapLauncher.java:141) ~[bootstraplauncher-1.1.2.jar:?]
[09Jun2026 14:46:06.761] [main/DEBUG] [io.netty.util.internal.PlatformDependent0/]: java.nio.DirectByteBuffer.<init>(long, int): unavailable
[09Jun2026 14:46:06.761] [main/DEBUG] [io.netty.util.internal.PlatformDependent/]: sun.misc.Unsafe: available
[09Jun2026 14:46:06.762] [main/DEBUG] [io.netty.util.internal.PlatformDependent/]: maxDirectMemory: 6417285120 bytes (maybe)
[09Jun2026 14:46:06.762] [main/DEBUG] [io.netty.util.internal.PlatformDependent/]: -Dio.netty.tmpdir: C:\Users\PC\AppData\Local\Temp (java.io.tmpdir)
[09Jun2026 14:46:06.763] [main/DEBUG] [io.netty.util.internal.PlatformDependent/]: -Dio.netty.bitMode: 64 (sun.arch.data.model)
[09Jun2026 14:46:06.763] [main/DEBUG] [io.netty.util.internal.PlatformDependent/]: Platform: Windows
[09Jun2026 14:46:06.763] [main/DEBUG] [io.netty.util.internal.PlatformDependent/]: -Dio.netty.maxDirectMemory: -1 bytes
[09Jun2026 14:46:06.763] [main/DEBUG] [io.netty.util.internal.PlatformDependent/]: -Dio.netty.uninitializedArrayAllocationThreshold: -1
[09Jun2026 14:46:06.764] [main/DEBUG] [io.netty.util.internal.CleanerJava9/]: java.nio.ByteBuffer.cleaner(): available
[09Jun2026 14:46:06.765] [main/DEBUG] [io.netty.util.internal.PlatformDependent/]: -Dio.netty.noPreferDirect: false
[09Jun2026 14:46:06.825] [main/DEBUG] [net.minecraftforge.network.NetworkHooks/]: Loading Network data for FML net version: FML3
[09Jun2026 14:46:06.845] [main/DEBUG] [net.minecraftforge.fml.ModWorkManager/LOADING]: Using 12 threads for parallel mod-loading
[09Jun2026 14:46:06.850] [main/DEBUG] [net.minecraftforge.fml.javafmlmod.FMLJavaModLanguageProvider/LOADING]: Loading FMLModContainer from classloader cpw.mods.modlauncher.TransformingClassLoader@2fd954f - got cpw.mods.cl.ModuleClassLoader@56da52a7
[09Jun2026 14:46:06.851] [main/DEBUG] [net.minecraftforge.fml.javafmlmod.FMLModContainer/LOADING]: Creating FMLModContainer instance for com.llamalad7.mixinextras.platform.forge.MixinExtrasMod
[09Jun2026 14:46:06.853] [main/DEBUG] [net.minecraftforge.fml.javafmlmod.FMLJavaModLanguageProvider/LOADING]: Loading FMLModContainer from classloader cpw.mods.modlauncher.TransformingClassLoader@2fd954f - got cpw.mods.cl.ModuleClassLoader@56da52a7
[09Jun2026 14:46:06.853] [main/DEBUG] [net.minecraftforge.fml.javafmlmod.FMLModContainer/LOADING]: Creating FMLModContainer instance for net.minecraftforge.common.ForgeMod
[09Jun2026 14:46:06.854] [main/DEBUG] [net.minecraftforge.fml.javafmlmod.FMLJavaModLanguageProvider/LOADING]: Loading FMLModContainer from classloader cpw.mods.modlauncher.TransformingClassLoader@2fd954f - got cpw.mods.cl.ModuleClassLoader@56da52a7
[09Jun2026 14:46:06.855] [main/DEBUG] [net.minecraftforge.fml.javafmlmod.FMLModContainer/LOADING]: Creating FMLModContainer instance for com.jozufozu.flywheel.Flywheel
[09Jun2026 14:46:06.855] [main/DEBUG] [net.minecraftforge.fml.javafmlmod.FMLJavaModLanguageProvider/LOADING]: Loading FMLModContainer from classloader cpw.mods.modlauncher.TransformingClassLoader@2fd954f - got cpw.mods.cl.ModuleClassLoader@56da52a7
[09Jun2026 14:46:06.855] [main/DEBUG] [net.minecraftforge.fml.javafmlmod.FMLModContainer/LOADING]: Creating FMLModContainer instance for net.phoenixcrew2025.easycreate.EasyCreate
[09Jun2026 14:46:06.856] [main/DEBUG] [net.minecraftforge.fml.javafmlmod.FMLJavaModLanguageProvider/LOADING]: Loading FMLModContainer from classloader cpw.mods.modlauncher.TransformingClassLoader@2fd954f - got cpw.mods.cl.ModuleClassLoader@56da52a7
[09Jun2026 14:46:06.856] [main/DEBUG] [net.minecraftforge.fml.javafmlmod.FMLModContainer/LOADING]: Creating FMLModContainer instance for com.simibubi.create.Create
[09Jun2026 14:46:06.857] [main/DEBUG] [net.minecraftforge.fml.javafmlmod.FMLJavaModLanguageProvider/LOADING]: Loading FMLModContainer from classloader cpw.mods.modlauncher.TransformingClassLoader@2fd954f - got cpw.mods.cl.ModuleClassLoader@56da52a7
[09Jun2026 14:46:06.858] [main/DEBUG] [net.minecraftforge.fml.javafmlmod.FMLModContainer/LOADING]: Creating FMLModContainer instance for mezz.jei.forge.JustEnoughItems
[09Jun2026 14:46:06.872] [modloading-worker-0/DEBUG] [net.minecraftforge.fml.javafmlmod.AutomaticEventSubscriber/LOADING]: Attempting to inject @EventBusSubscriber classes into the eventbus for mixinextras
[09Jun2026 14:46:06.899] [modloading-worker-0/DEBUG] [net.minecraftforge.versions.forge.ForgeVersion/CORE]: Forge Version package package net.minecraftforge.versions.forge, Forge, version 47.4 from cpw.mods.modlauncher.TransformingClassLoader@2fd954f
[09Jun2026 14:46:06.899] [modloading-worker-0/DEBUG] [net.minecraftforge.versions.forge.ForgeVersion/CORE]: Found Forge version 47.4.0
[09Jun2026 14:46:06.899] [modloading-worker-0/DEBUG] [net.minecraftforge.versions.forge.ForgeVersion/CORE]: Found Forge spec 47.4
[09Jun2026 14:46:06.899] [modloading-worker-0/DEBUG] [net.minecraftforge.versions.forge.ForgeVersion/CORE]: Found Forge group net.minecraftforge
[09Jun2026 14:46:06.901] [modloading-worker-0/DEBUG] [net.minecraftforge.versions.mcp.MCPVersion/CORE]: MCP Version package package net.minecraftforge.versions.mcp, Minecraft, version 1.20.1 from cpw.mods.modlauncher.TransformingClassLoader@2fd954f
[09Jun2026 14:46:06.901] [modloading-worker-0/DEBUG] [net.minecraftforge.versions.mcp.MCPVersion/CORE]: Found MC version information 1.20.1
[09Jun2026 14:46:06.901] [modloading-worker-0/DEBUG] [net.minecraftforge.versions.mcp.MCPVersion/CORE]: Found MCP version information 20230612.114412
[09Jun2026 14:46:06.901] [modloading-worker-0/INFO] [net.minecraftforge.common.ForgeMod/FORGEMOD]: Forge mod loading, version 47.4.0, for MC 1.20.1 with MCP 20230612.114412
[09Jun2026 14:46:06.902] [modloading-worker-0/INFO] [net.minecraftforge.common.MinecraftForge/FORGE]: MinecraftForge v47.4.0 Initialized
[09Jun2026 14:46:06.906] [modloading-worker-0/DEBUG] [net.minecraftforge.fml.config.ConfigTracker/CONFIG]: Config file flywheel-client.toml for flywheel tracking
[09Jun2026 14:46:06.906] [modloading-worker-0/DEBUG] [net.minecraftforge.fml.config.ConfigTracker/CONFIG]: Config file jei-server.toml for jei tracking
[09Jun2026 14:46:06.920] [modloading-worker-0/DEBUG] [mixin/]: Mixing ClientLevelMixin from flywheel.mixins.json into net.minecraft.client.multiplayer.ClientLevel
[09Jun2026 14:46:06.943] [modloading-worker-0/DEBUG] [mixin/]: Mixing client.HeavyBootsOnPlayerMixin from create.mixins.json into net.minecraft.client.player.LocalPlayer
[09Jun2026 14:46:06.964] [modloading-worker-0/DEBUG] [mixin/]: Mixing PausedPartialTickAccessor from flywheel.mixins.json into net.minecraft.client.Minecraft
[09Jun2026 14:46:06.971] [modloading-worker-0/DEBUG] [mixin/]: Mixing client.WindowResizeMixin from create.mixins.json into net.minecraft.client.Minecraft
[09Jun2026 14:46:07.002] [modloading-worker-0/DEBUG] [net.minecraftforge.fml.javafmlmod.AutomaticEventSubscriber/LOADING]: Attempting to inject @EventBusSubscriber classes into the eventbus for easycreate
[09Jun2026 14:46:07.007] [modloading-worker-0/DEBUG] [net.minecraftforge.fml.javafmlmod.AutomaticEventSubscriber/LOADING]: Auto-subscribing net.phoenixcrew2025.easycreate.datagen.DataGenerators to MOD
[09Jun2026 14:46:07.009] [modloading-worker-0/DEBUG] [net.minecraftforge.fml.javafmlmod.AutomaticEventSubscriber/LOADING]: Auto-subscribing net.phoenixcrew2025.easycreate.EasyCreate$ClientModEvents to MOD
[09Jun2026 14:46:07.011] [modloading-worker-0/DEBUG] [net.minecraftforge.fml.javafmlmod.AutomaticEventSubscriber/LOADING]: Auto-subscribing net.phoenixcrew2025.easycreate.event.ModEvents to FORGE
[09Jun2026 14:46:07.013] [modloading-worker-0/DEBUG] [mezz.jei.common.platform.Services/]: Loaded mezz.jei.forge.platform.PlatformHelper@6fcc825b for service interface mezz.jei.common.platform.IPlatformHelper
[09Jun2026 14:46:07.021] [modloading-worker-0/DEBUG] [net.minecraftforge.fml.config.ConfigTracker/CONFIG]: Config file forge-client.toml for forge tracking
[09Jun2026 14:46:07.021] [modloading-worker-0/DEBUG] [net.minecraftforge.fml.config.ConfigTracker/CONFIG]: Config file forge-server.toml for forge tracking
[09Jun2026 14:46:07.021] [modloading-worker-0/DEBUG] [net.minecraftforge.fml.ModLoadingContext/]: Attempted to register an empty config for type COMMON on mod forge
[09Jun2026 14:46:07.059] [modloading-worker-0/DEBUG] [net.minecraftforge.fml.javafmlmod.AutomaticEventSubscriber/LOADING]: Attempting to inject @EventBusSubscriber classes into the eventbus for forge
[09Jun2026 14:46:07.059] [modloading-worker-0/DEBUG] [net.minecraftforge.fml.javafmlmod.AutomaticEventSubscriber/LOADING]: Auto-subscribing net.minecraftforge.common.ForgeSpawnEggItem$CommonHandler to MOD
[09Jun2026 14:46:07.061] [modloading-worker-0/DEBUG] [net.minecraftforge.fml.javafmlmod.AutomaticEventSubscriber/LOADING]: Auto-subscribing net.minecraftforge.common.ForgeSpawnEggItem$ColorRegisterHandler to MOD
[09Jun2026 14:46:07.065] [modloading-worker-0/DEBUG] [net.minecraftforge.fml.javafmlmod.AutomaticEventSubscriber/LOADING]: Auto-subscribing net.minecraftforge.client.model.data.ModelDataManager to FORGE
[09Jun2026 14:46:07.067] [modloading-worker-0/DEBUG] [net.minecraftforge.fml.javafmlmod.AutomaticEventSubscriber/LOADING]: Auto-subscribing net.minecraftforge.client.ForgeHooksClient$ClientEvents to MOD
[09Jun2026 14:46:07.075] [modloading-worker-0/INFO] [com.jozufozu.flywheel.backend.Backend/]: No shaders mod detected.
[09Jun2026 14:46:07.079] [modloading-worker-0/DEBUG] [net.minecraftforge.fml.javafmlmod.AutomaticEventSubscriber/LOADING]: Auto-subscribing net.minecraftforge.client.ClientForgeMod to MOD
[09Jun2026 14:46:07.125] [modloading-worker-0/DEBUG] [com.jozufozu.flywheel.Flywheel/]: Successfully loaded com.jozufozu.flywheel.mixin.PausedPartialTickAccessor
[09Jun2026 14:46:07.125] [modloading-worker-0/DEBUG] [net.minecraftforge.fml.javafmlmod.AutomaticEventSubscriber/LOADING]: Attempting to inject @EventBusSubscriber classes into the eventbus for flywheel
[09Jun2026 14:46:07.125] [modloading-worker-0/DEBUG] [net.minecraftforge.fml.javafmlmod.AutomaticEventSubscriber/LOADING]: Auto-subscribing com.jozufozu.flywheel.event.ForgeEvents to FORGE
[09Jun2026 14:46:07.129] [modloading-worker-0/DEBUG] [mezz.jei.common.config.file.ConfigSerializer/]: Loading config file: C:\Users\PC\IdeaProjects\easycreate-mod-1.20.1\run-data\config\jei\jei-debug.ini
[09Jun2026 14:46:07.132] [modloading-worker-0/DEBUG] [mezz.jei.common.config.file.ConfigSerializer/]: Saving config file: C:\Users\PC\IdeaProjects\easycreate-mod-1.20.1\run-data\config\jei\jei-debug.ini
[09Jun2026 14:46:07.138] [modloading-worker-0/DEBUG] [net.minecraftforge.fml.javafmlmod.AutomaticEventSubscriber/LOADING]: Auto-subscribing com.jozufozu.flywheel.event.EntityWorldHandler to FORGE
[09Jun2026 14:46:07.140] [modloading-worker-0/DEBUG] [net.minecraftforge.fml.javafmlmod.AutomaticEventSubscriber/LOADING]: Auto-subscribing com.jozufozu.flywheel.core.crumbling.CrumblingRenderer to FORGE
[09Jun2026 14:46:07.140] [modloading-worker-0/DEBUG] [mezz.jei.common.config.file.ConfigSerializer/]: Loading config file: C:\Users\PC\IdeaProjects\easycreate-mod-1.20.1\run-data\config\jei\jei-mod-id-format.ini
[09Jun2026 14:46:07.143] [modloading-worker-0/DEBUG] [mezz.jei.common.config.file.ConfigSerializer/]: Saving config file: C:\Users\PC\IdeaProjects\easycreate-mod-1.20.1\run-data\config\jei\jei-mod-id-format.ini
[09Jun2026 14:46:07.145] [modloading-worker-0/DEBUG] [mixin/]: Mixing CameraMixin from flywheel.mixins.json into net.minecraft.client.Camera
[09Jun2026 14:46:07.146] [modloading-worker-0/DEBUG] [mixin/]: Mixing client.CameraMixin from create.mixins.json into net.minecraft.client.Camera
[09Jun2026 14:46:07.163] [modloading-worker-0/DEBUG] [mixin/]: Mixing fix.FixNormalScalingMixin from flywheel.mixins.json into com.mojang.blaze3d.vertex.PoseStack
[09Jun2026 14:46:07.165] [modloading-worker-0/DEBUG] [mixin/]: Mixing matrix.PoseStackMixin from flywheel.mixins.json into com.mojang.blaze3d.vertex.PoseStack
[09Jun2026 14:46:07.188] [modloading-worker-0/DEBUG] [mezz.jei.common.config.file.ConfigSerializer/]: Loading config file: C:\Users\PC\IdeaProjects\easycreate-mod-1.20.1\run-data\config\jei\jei-colors.ini
[09Jun2026 14:46:07.190] [modloading-worker-0/DEBUG] [net.minecraftforge.fml.javafmlmod.AutomaticEventSubscriber/LOADING]: Auto-subscribing com.jozufozu.flywheel.backend.instancing.InstancedRenderDispatcher to FORGE
[09Jun2026 14:46:07.191] [modloading-worker-0/DEBUG] [mezz.jei.common.config.file.ConfigSerializer/]: Saving config file: C:\Users\PC\IdeaProjects\easycreate-mod-1.20.1\run-data\config\jei\jei-colors.ini
[09Jun2026 14:46:07.197] [modloading-worker-0/DEBUG] [mixin/]: Mixing FrustumMixin from flywheel.mixins.json into net.minecraft.client.renderer.culling.Frustum
[09Jun2026 14:46:07.206] [modloading-worker-0/DEBUG] [mixin/]: Mixing RenderTypeMixin from flywheel.mixins.json into net.minecraft.client.renderer.RenderType
[09Jun2026 14:46:07.213] [modloading-worker-0/DEBUG] [mezz.jei.common.config.file.ConfigSerializer/]: Loading config file: C:\Users\PC\IdeaProjects\easycreate-mod-1.20.1\run-data\config\jei\jei-client.ini
[09Jun2026 14:46:07.213] [modloading-worker-0/DEBUG] [com.tterrag.registrate.AbstractRegistrate/REGISTRATE.REGISTER]: Captured registration for entry schematicannon of type minecraft:item
[09Jun2026 14:46:07.214] [modloading-worker-0/DEBUG] [net.minecraftforge.fml.javafmlmod.AutomaticEventSubscriber/LOADING]: Auto-subscribing com.jozufozu.flywheel.backend.RenderWork to FORGE
[09Jun2026 14:46:07.214] [modloading-worker-0/DEBUG] [com.tterrag.registrate.AbstractRegistrate/REGISTRATE.REGISTER]: Captured registration for entry schematicannon of type minecraft:block
[09Jun2026 14:46:07.216] [modloading-worker-0/DEBUG] [mezz.jei.common.config.file.ConfigSerializer/]: Saving config file: C:\Users\PC\IdeaProjects\easycreate-mod-1.20.1\run-data\config\jei\jei-client.ini
[09Jun2026 14:46:07.216] [modloading-worker-0/DEBUG] [com.tterrag.registrate.AbstractRegistrate/REGISTRATE.REGISTER]: Captured registration for entry schematic_table of type minecraft:item
[09Jun2026 14:46:07.216] [modloading-worker-0/DEBUG] [com.tterrag.registrate.AbstractRegistrate/REGISTRATE.REGISTER]: Captured registration for entry schematic_table of type minecraft:block
[09Jun2026 14:46:07.230] [modloading-worker-0/DEBUG] [mixin/]: Mixing LevelRendererAccessor from flywheel.mixins.json into net.minecraft.client.renderer.LevelRenderer
[09Jun2026 14:46:07.236] [modloading-worker-0/DEBUG] [mixin/]: Mixing fix.FixFabulousDepthMixin from flywheel.mixins.json into net.minecraft.client.renderer.LevelRenderer
[09Jun2026 14:46:07.237] [modloading-worker-0/DEBUG] [mixin/]: Mixing instancemanage.InstanceUpdateMixin from flywheel.mixins.json into net.minecraft.client.renderer.LevelRenderer
[09Jun2026 14:46:07.237] [modloading-worker-0/DEBUG] [mixin/]: Mixing client.LevelRendererMixin from create.mixins.json into net.minecraft.client.renderer.LevelRenderer
[09Jun2026 14:46:07.237] [modloading-worker-0/DEBUG] [mixin/]: Renaming synthetic method lambda$create$onDestroyBlockProgress$0(J)Ljava/util/SortedSet; to mdc93077$lambda$create$onDestroyBlockProgress$0$0 in create.mixins.json:client.LevelRendererMixin
[09Jun2026 14:46:07.242] [modloading-worker-0/DEBUG] [mixin/]: Mixing LevelRendererMixin from flywheel.mixins.json into net.minecraft.client.renderer.LevelRenderer
[09Jun2026 14:46:07.333] [modloading-worker-0/INFO] [mezz.jei.library.load.PluginCaller/]: Sending ConfigManager...
[09Jun2026 14:46:07.337] [modloading-worker-0/DEBUG] [mezz.jei.library.load.PluginCallerTimerRunnable/]: Sending ConfigManager: jei:minecraft...
[09Jun2026 14:46:07.337] [modloading-worker-0/DEBUG] [mezz.jei.library.load.PluginCallerTimerRunnable/]: Sending ConfigManager: create:jei_plugin...
[09Jun2026 14:46:07.337] [modloading-worker-0/DEBUG] [mezz.jei.library.load.PluginCallerTimerRunnable/]: Sending ConfigManager: jei:debug...
[09Jun2026 14:46:07.337] [modloading-worker-0/DEBUG] [mezz.jei.library.load.PluginCallerTimerRunnable/]: Sending ConfigManager: jei:gui...
[09Jun2026 14:46:07.337] [modloading-worker-0/DEBUG] [mezz.jei.library.load.PluginCallerTimerRunnable/]: Sending ConfigManager: jei:forge_gui...
[09Jun2026 14:46:07.337] [modloading-worker-0/DEBUG] [mezz.jei.library.load.PluginCallerTimerRunnable/]: Sending ConfigManager: jei:internal...
[09Jun2026 14:46:07.337] [modloading-worker-0/DEBUG] [com.tterrag.registrate.AbstractRegistrate/REGISTRATE.REGISTER]: Captured registration for entry shaft of type minecraft:item
[09Jun2026 14:46:07.339] [modloading-worker-0/DEBUG] [com.tterrag.registrate.AbstractRegistrate/REGISTRATE.REGISTER]: Captured registration for entry shaft of type minecraft:block
[09Jun2026 14:46:07.339] [modloading-worker-0/INFO] [mezz.jei.library.load.PluginCaller/]: Sending ConfigManager took 3.615 ms
[09Jun2026 14:46:07.343] [modloading-worker-0/DEBUG] [com.tterrag.registrate.AbstractRegistrate/REGISTRATE.REGISTER]: Captured registration for entry cogwheel of type minecraft:item
[09Jun2026 14:46:07.343] [modloading-worker-0/DEBUG] [com.tterrag.registrate.AbstractRegistrate/REGISTRATE.REGISTER]: Captured registration for entry cogwheel of type minecraft:block
[09Jun2026 14:46:07.344] [modloading-worker-0/DEBUG] [com.tterrag.registrate.AbstractRegistrate/REGISTRATE.REGISTER]: Captured registration for entry large_cogwheel of type minecraft:item
[09Jun2026 14:46:07.345] [modloading-worker-0/DEBUG] [com.tterrag.registrate.AbstractRegistrate/REGISTRATE.REGISTER]: Captured registration for entry large_cogwheel of type minecraft:block
[09Jun2026 14:46:07.348] [modloading-worker-0/DEBUG] [net.minecraftforge.fml.javafmlmod.AutomaticEventSubscriber/LOADING]: Attempting to inject @EventBusSubscriber classes into the eventbus for jei
[09Jun2026 14:46:07.358] [modloading-worker-0/DEBUG] [com.tterrag.registrate.AbstractRegistrate/REGISTRATE.REGISTER]: Captured registration for entry andesite_encased_shaft of type minecraft:item
[09Jun2026 14:46:07.359] [modloading-worker-0/DEBUG] [com.tterrag.registrate.AbstractRegistrate/REGISTRATE.REGISTER]: Captured registration for entry andesite_encased_shaft of type minecraft:block
[09Jun2026 14:46:07.360] [modloading-worker-0/DEBUG] [com.tterrag.registrate.AbstractRegistrate/REGISTRATE.REGISTER]: Captured registration for entry brass_encased_shaft of type minecraft:item
[09Jun2026 14:46:07.360] [modloading-worker-0/DEBUG] [com.tterrag.registrate.AbstractRegistrate/REGISTRATE.REGISTER]: Captured registration for entry brass_encased_shaft of type minecraft:block
[09Jun2026 14:46:07.368] [modloading-worker-0/DEBUG] [mixin/]: Mixing accessor.GameRendererAccessor from create.mixins.json into net.minecraft.client.renderer.GameRenderer
[09Jun2026 14:46:07.372] [modloading-worker-0/DEBUG] [mixin/]: Mixing client.GameRendererMixin from create.mixins.json into net.minecraft.client.renderer.GameRenderer
[09Jun2026 14:46:07.420] [modloading-worker-0/DEBUG] [com.tterrag.registrate.AbstractRegistrate/REGISTRATE.REGISTER]: Captured registration for entry andesite_encased_cogwheel of type minecraft:item
[09Jun2026 14:46:07.420] [modloading-worker-0/DEBUG] [com.tterrag.registrate.AbstractRegistrate/REGISTRATE.REGISTER]: Captured registration for entry andesite_encased_cogwheel of type minecraft:block
[09Jun2026 14:46:07.420] [modloading-worker-0/DEBUG] [com.tterrag.registrate.AbstractRegistrate/REGISTRATE.REGISTER]: Captured registration for entry brass_encased_cogwheel of type minecraft:item
[09Jun2026 14:46:07.421] [modloading-worker-0/DEBUG] [com.tterrag.registrate.AbstractRegistrate/REGISTRATE.REGISTER]: Captured registration for entry brass_encased_cogwheel of type minecraft:block
[09Jun2026 14:46:07.421] [modloading-worker-0/DEBUG] [com.tterrag.registrate.AbstractRegistrate/REGISTRATE.REGISTER]: Captured registration for entry andesite_encased_large_cogwheel of type minecraft:item
[09Jun2026 14:46:07.422] [modloading-worker-0/DEBUG] [com.tterrag.registrate.AbstractRegistrate/REGISTRATE.REGISTER]: Captured registration for entry andesite_encased_large_cogwheel of type minecraft:block
[09Jun2026 14:46:07.422] [modloading-worker-0/DEBUG] [com.tterrag.registrate.AbstractRegistrate/REGISTRATE.REGISTER]: Captured registration for entry brass_encased_large_cogwheel of type minecraft:item
[09Jun2026 14:46:07.422] [modloading-worker-0/DEBUG] [com.tterrag.registrate.AbstractRegistrate/REGISTRATE.REGISTER]: Captured registration for entry brass_encased_large_cogwheel of type minecraft:block
[09Jun2026 14:46:07.424] [modloading-worker-0/DEBUG] [com.tterrag.registrate.AbstractRegistrate/REGISTRATE.REGISTER]: Captured registration for entry gearbox of type minecraft:item
[09Jun2026 14:46:07.424] [modloading-worker-0/DEBUG] [com.tterrag.registrate.AbstractRegistrate/REGISTRATE.REGISTER]: Captured registration for entry gearbox of type minecraft:block
[09Jun2026 14:46:07.426] [modloading-worker-0/DEBUG] [com.tterrag.registrate.AbstractRegistrate/REGISTRATE.REGISTER]: Captured registration for entry clutch of type minecraft:item
[09Jun2026 14:46:07.426] [modloading-worker-0/DEBUG] [com.tterrag.registrate.AbstractRegistrate/REGISTRATE.REGISTER]: Captured registration for entry clutch of type minecraft:block
[09Jun2026 14:46:07.428] [modloading-worker-0/DEBUG] [com.tterrag.registrate.AbstractRegistrate/REGISTRATE.REGISTER]: Captured registration for entry gearshift of type minecraft:item
[09Jun2026 14:46:07.428] [modloading-worker-0/DEBUG] [com.tterrag.registrate.AbstractRegistrate/REGISTRATE.REGISTER]: Captured registration for entry gearshift of type minecraft:block
[09Jun2026 14:46:07.430] [modloading-worker-0/DEBUG] [com.tterrag.registrate.AbstractRegistrate/REGISTRATE.REGISTER]: Captured registration for entry encased_chain_drive of type minecraft:item
[09Jun2026 14:46:07.430] [modloading-worker-0/DEBUG] [com.tterrag.registrate.AbstractRegistrate/REGISTRATE.REGISTER]: Captured registration for entry encased_chain_drive of type minecraft:block
[09Jun2026 14:46:07.432] [modloading-worker-0/DEBUG] [com.tterrag.registrate.AbstractRegistrate/REGISTRATE.REGISTER]: Captured registration for entry adjustable_chain_gearshift of type minecraft:item
[09Jun2026 14:46:07.432] [modloading-worker-0/DEBUG] [com.tterrag.registrate.AbstractRegistrate/REGISTRATE.REGISTER]: Captured registration for entry adjustable_chain_gearshift of type minecraft:block
[09Jun2026 14:46:07.443] [modloading-worker-0/DEBUG] [com.tterrag.registrate.AbstractRegistrate/REGISTRATE.REGISTER]: Captured registration for entry belt of type minecraft:block
[09Jun2026 14:46:07.446] [modloading-worker-0/DEBUG] [com.tterrag.registrate.AbstractRegistrate/REGISTRATE.REGISTER]: Captured registration for entry creative_motor of type minecraft:item
[09Jun2026 14:46:07.446] [modloading-worker-0/DEBUG] [com.tterrag.registrate.AbstractRegistrate/REGISTRATE.REGISTER]: Captured registration for entry creative_motor of type minecraft:block
[09Jun2026 14:46:07.448] [modloading-worker-0/DEBUG] [com.tterrag.registrate.AbstractRegistrate/REGISTRATE.REGISTER]: Captured registration for entry water_wheel of type minecraft:item
[09Jun2026 14:46:07.448] [modloading-worker-0/DEBUG] [com.tterrag.registrate.AbstractRegistrate/REGISTRATE.REGISTER]: Captured registration for entry water_wheel of type minecraft:block
[09Jun2026 14:46:07.450] [modloading-worker-0/DEBUG] [com.tterrag.registrate.AbstractRegistrate/REGISTRATE.REGISTER]: Captured registration for entry large_water_wheel of type minecraft:item
[09Jun2026 14:46:07.450] [modloading-worker-0/DEBUG] [com.tterrag.registrate.AbstractRegistrate/REGISTRATE.REGISTER]: Captured registration for entry large_water_wheel of type minecraft:block
[09Jun2026 14:46:07.452] [modloading-worker-0/DEBUG] [com.tterrag.registrate.AbstractRegistrate/REGISTRATE.REGISTER]: Captured registration for entry water_wheel_structure of type minecraft:block
[09Jun2026 14:46:07.454] [modloading-worker-0/DEBUG] [com.tterrag.registrate.AbstractRegistrate/REGISTRATE.REGISTER]: Captured registration for entry encased_fan of type minecraft:item
[09Jun2026 14:46:07.454] [modloading-worker-0/DEBUG] [com.tterrag.registrate.AbstractRegistrate/REGISTRATE.REGISTER]: Captured registration for entry encased_fan of type minecraft:block
[09Jun2026 14:46:07.455] [modloading-worker-0/DEBUG] [com.tterrag.registrate.AbstractRegistrate/REGISTRATE.REGISTER]: Captured registration for entry nozzle of type minecraft:item
[09Jun2026 14:46:07.455] [modloading-worker-0/DEBUG] [com.tterrag.registrate.AbstractRegistrate/REGISTRATE.REGISTER]: Captured registration for entry nozzle of type minecraft:block
[09Jun2026 14:46:07.460] [modloading-worker-0/DEBUG] [com.tterrag.registrate.AbstractRegistrate/REGISTRATE.REGISTER]: Captured registration for entry turntable of type minecraft:item
[09Jun2026 14:46:07.460] [modloading-worker-0/DEBUG] [com.tterrag.registrate.AbstractRegistrate/REGISTRATE.REGISTER]: Captured registration for entry turntable of type minecraft:block
[09Jun2026 14:46:07.464] [modloading-worker-0/DEBUG] [com.tterrag.registrate.AbstractRegistrate/REGISTRATE.REGISTER]: Captured registration for entry hand_crank of type minecraft:item
[09Jun2026 14:46:07.464] [modloading-worker-0/DEBUG] [com.tterrag.registrate.AbstractRegistrate/REGISTRATE.REGISTER]: Captured registration for entry hand_crank of type minecraft:block
[09Jun2026 14:46:07.466] [modloading-worker-0/DEBUG] [com.tterrag.registrate.AbstractRegistrate/REGISTRATE.REGISTER]: Captured registration for entry cuckoo_clock of type minecraft:item
[09Jun2026 14:46:07.467] [modloading-worker-0/DEBUG] [com.tterrag.registrate.AbstractRegistrate/REGISTRATE.REGISTER]: Captured registration for entry cuckoo_clock of type minecraft:block
[09Jun2026 14:46:07.467] [modloading-worker-0/DEBUG] [com.tterrag.registrate.AbstractRegistrate/REGISTRATE.REGISTER]: Captured registration for entry mysterious_cuckoo_clock of type minecraft:item
[09Jun2026 14:46:07.468] [modloading-worker-0/DEBUG] [com.tterrag.registrate.AbstractRegistrate/REGISTRATE.REGISTER]: Captured registration for entry mysterious_cuckoo_clock of type minecraft:block
[09Jun2026 14:46:07.469] [modloading-worker-0/DEBUG] [com.tterrag.registrate.AbstractRegistrate/REGISTRATE.REGISTER]: Captured registration for entry millstone of type minecraft:item
[09Jun2026 14:46:07.470] [modloading-worker-0/DEBUG] [com.tterrag.registrate.AbstractRegistrate/REGISTRATE.REGISTER]: Captured registration for entry millstone of type minecraft:block
[09Jun2026 14:46:07.472] [modloading-worker-0/DEBUG] [com.tterrag.registrate.AbstractRegistrate/REGISTRATE.REGISTER]: Captured registration for entry crushing_wheel of type minecraft:item
[09Jun2026 14:46:07.472] [modloading-worker-0/DEBUG] [com.tterrag.registrate.AbstractRegistrate/REGISTRATE.REGISTER]: Captured registration for entry crushing_wheel of type minecraft:block
[09Jun2026 14:46:07.474] [modloading-worker-0/DEBUG] [com.tterrag.registrate.AbstractRegistrate/REGISTRATE.REGISTER]: Captured registration for entry crushing_wheel_controller of type minecraft:block
[09Jun2026 14:46:07.477] [modloading-worker-0/DEBUG] [com.tterrag.registrate.AbstractRegistrate/REGISTRATE.REGISTER]: Captured registration for entry mechanical_press of type minecraft:item
[09Jun2026 14:46:07.478] [modloading-worker-0/DEBUG] [com.tterrag.registrate.AbstractRegistrate/REGISTRATE.REGISTER]: Captured registration for entry mechanical_press of type minecraft:block
[09Jun2026 14:46:07.480] [modloading-worker-0/DEBUG] [com.tterrag.registrate.AbstractRegistrate/REGISTRATE.REGISTER]: Captured registration for entry mechanical_mixer of type minecraft:item
[09Jun2026 14:46:07.480] [modloading-worker-0/DEBUG] [com.tterrag.registrate.AbstractRegistrate/REGISTRATE.REGISTER]: Captured registration for entry mechanical_mixer of type minecraft:block
[09Jun2026 14:46:07.486] [modloading-worker-0/DEBUG] [com.tterrag.registrate.AbstractRegistrate/REGISTRATE.REGISTER]: Captured registration for entry basin of type minecraft:item
[09Jun2026 14:46:07.487] [modloading-worker-0/DEBUG] [com.tterrag.registrate.AbstractRegistrate/REGISTRATE.REGISTER]: Captured registration for entry basin of type minecraft:block
[09Jun2026 14:46:07.492] [modloading-worker-0/DEBUG] [com.tterrag.registrate.AbstractRegistrate/REGISTRATE.REGISTER]: Captured registration for entry blaze_burner of type minecraft:item
[09Jun2026 14:46:07.492] [modloading-worker-0/DEBUG] [com.tterrag.registrate.AbstractRegistrate/REGISTRATE.REGISTER]: Captured registration for entry blaze_burner of type minecraft:block
[09Jun2026 14:46:07.493] [modloading-worker-0/DEBUG] [com.tterrag.registrate.AbstractRegistrate/REGISTRATE.REGISTER]: Captured registration for entry lit_blaze_burner of type minecraft:block
[09Jun2026 14:46:07.495] [modloading-worker-0/DEBUG] [com.tterrag.registrate.AbstractRegistrate/REGISTRATE.REGISTER]: Captured registration for entry depot of type minecraft:item
[09Jun2026 14:46:07.495] [modloading-worker-0/DEBUG] [com.tterrag.registrate.AbstractRegistrate/REGISTRATE.REGISTER]: Captured registration for entry depot of type minecraft:block
[09Jun2026 14:46:07.498] [modloading-worker-0/DEBUG] [com.tterrag.registrate.AbstractRegistrate/REGISTRATE.REGISTER]: Captured registration for entry weighted_ejector of type minecraft:item
[09Jun2026 14:46:07.498] [modloading-worker-0/DEBUG] [com.tterrag.registrate.AbstractRegistrate/REGISTRATE.REGISTER]: Captured registration for entry weighted_ejector of type minecraft:block
[09Jun2026 14:46:07.501] [modloading-worker-0/DEBUG] [com.tterrag.registrate.AbstractRegistrate/REGISTRATE.REGISTER]: Captured registration for entry chute of type minecraft:item
[09Jun2026 14:46:07.502] [modloading-worker-0/DEBUG] [com.tterrag.registrate.AbstractRegistrate/REGISTRATE.REGISTER]: Captured registration for entry chute of type minecraft:block
[09Jun2026 14:46:07.503] [modloading-worker-0/DEBUG] [com.tterrag.registrate.AbstractRegistrate/REGISTRATE.REGISTER]: Captured registration for entry smart_chute of type minecraft:item
[09Jun2026 14:46:07.503] [modloading-worker-0/DEBUG] [com.tterrag.registrate.AbstractRegistrate/REGISTRATE.REGISTER]: Captured registration for entry smart_chute of type minecraft:block
[09Jun2026 14:46:07.507] [modloading-worker-0/DEBUG] [com.tterrag.registrate.AbstractRegistrate/REGISTRATE.REGISTER]: Captured registration for entry speedometer of type minecraft:item
[09Jun2026 14:46:07.507] [modloading-worker-0/DEBUG] [com.tterrag.registrate.AbstractRegistrate/REGISTRATE.REGISTER]: Captured registration for entry speedometer of type minecraft:block
[09Jun2026 14:46:07.508] [modloading-worker-0/DEBUG] [com.tterrag.registrate.AbstractRegistrate/REGISTRATE.REGISTER]: Captured registration for entry stressometer of type minecraft:item
[09Jun2026 14:46:07.508] [modloading-worker-0/DEBUG] [com.tterrag.registrate.AbstractRegistrate/REGISTRATE.REGISTER]: Captured registration for entry stressometer of type minecraft:block
[09Jun2026 14:46:07.513] [modloading-worker-0/DEBUG] [com.tterrag.registrate.AbstractRegistrate/REGISTRATE.REGISTER]: Captured registration for entry wooden_bracket of type minecraft:item
[09Jun2026 14:46:07.513] [modloading-worker-0/DEBUG] [com.tterrag.registrate.AbstractRegistrate/REGISTRATE.REGISTER]: Captured registration for entry wooden_bracket of type minecraft:block
[09Jun2026 14:46:07.513] [modloading-worker-0/DEBUG] [com.tterrag.registrate.AbstractRegistrate/REGISTRATE.REGISTER]: Captured registration for entry metal_bracket of type minecraft:item
[09Jun2026 14:46:07.513] [modloading-worker-0/DEBUG] [com.tterrag.registrate.AbstractRegistrate/REGISTRATE.REGISTER]: Captured registration for entry metal_bracket of type minecraft:block
[09Jun2026 14:46:07.516] [modloading-worker-0/DEBUG] [com.tterrag.registrate.AbstractRegistrate/REGISTRATE.REGISTER]: Captured registration for entry fluid_pipe of type minecraft:item
[09Jun2026 14:46:07.517] [modloading-worker-0/DEBUG] [com.tterrag.registrate.AbstractRegistrate/REGISTRATE.REGISTER]: Captured registration for entry fluid_pipe of type minecraft:block
[09Jun2026 14:46:07.518] [modloading-worker-0/DEBUG] [com.tterrag.registrate.AbstractRegistrate/REGISTRATE.REGISTER]: Captured registration for entry encased_fluid_pipe of type minecraft:block
[09Jun2026 14:46:07.520] [modloading-worker-0/DEBUG] [com.tterrag.registrate.AbstractRegistrate/REGISTRATE.REGISTER]: Captured registration for entry glass_fluid_pipe of type minecraft:block
[09Jun2026 14:46:07.522] [modloading-worker-0/DEBUG] [com.tterrag.registrate.AbstractRegistrate/REGISTRATE.REGISTER]: Captured registration for entry mechanical_pump of type minecraft:item
[09Jun2026 14:46:07.522] [modloading-worker-0/DEBUG] [com.tterrag.registrate.AbstractRegistrate/REGISTRATE.REGISTER]: Captured registration for entry mechanical_pump of type minecraft:block
[09Jun2026 14:46:07.525] [modloading-worker-0/DEBUG] [com.tterrag.registrate.AbstractRegistrate/REGISTRATE.REGISTER]: Captured registration for entry smart_fluid_pipe of type minecraft:item
[09Jun2026 14:46:07.525] [modloading-worker-0/DEBUG] [com.tterrag.registrate.AbstractRegistrate/REGISTRATE.REGISTER]: Captured registration for entry smart_fluid_pipe of type minecraft:block
[09Jun2026 14:46:07.527] [modloading-worker-0/DEBUG] [com.tterrag.registrate.AbstractRegistrate/REGISTRATE.REGISTER]: Captured registration for entry fluid_valve of type minecraft:item
[09Jun2026 14:46:07.527] [modloading-worker-0/DEBUG] [com.tterrag.registrate.AbstractRegistrate/REGISTRATE.REGISTER]: Captured registration for entry fluid_valve of type minecraft:block
[09Jun2026 14:46:07.528] [modloading-worker-0/DEBUG] [com.tterrag.registrate.AbstractRegistrate/REGISTRATE.REGISTER]: Captured registration for entry copper_valve_handle of type minecraft:item
[09Jun2026 14:46:07.529] [modloading-worker-0/DEBUG] [com.tterrag.registrate.AbstractRegistrate/REGISTRATE.REGISTER]: Captured registration for entry copper_valve_handle of type minecraft:block
[09Jun2026 14:46:07.530] [modloading-worker-0/DEBUG] [com.tterrag.registrate.AbstractRegistrate/REGISTRATE.REGISTER]: Captured registration for entry white_valve_handle of type minecraft:item
[09Jun2026 14:46:07.530] [modloading-worker-0/DEBUG] [com.tterrag.registrate.AbstractRegistrate/REGISTRATE.REGISTER]: Captured registration for entry white_valve_handle of type minecraft:block
[09Jun2026 14:46:07.530] [modloading-worker-0/DEBUG] [com.tterrag.registrate.AbstractRegistrate/REGISTRATE.REGISTER]: Captured registration for entry orange_valve_handle of type minecraft:item
[09Jun2026 14:46:07.530] [modloading-worker-0/DEBUG] [com.tterrag.registrate.AbstractRegistrate/REGISTRATE.REGISTER]: Captured registration for entry orange_valve_handle of type minecraft:block
[09Jun2026 14:46:07.530] [modloading-worker-0/DEBUG] [com.tterrag.registrate.AbstractRegistrate/REGISTRATE.REGISTER]: Captured registration for entry magenta_valve_handle of type minecraft:item
[09Jun2026 14:46:07.530] [modloading-worker-0/DEBUG] [com.tterrag.registrate.AbstractRegistrate/REGISTRATE.REGISTER]: Captured registration for entry magenta_valve_handle of type minecraft:block
[09Jun2026 14:46:07.530] [modloading-worker-0/DEBUG] [com.tterrag.registrate.AbstractRegistrate/REGISTRATE.REGISTER]: Captured registration for entry light_blue_valve_handle of type minecraft:item
[09Jun2026 14:46:07.530] [modloading-worker-0/DEBUG] [com.tterrag.registrate.AbstractRegistrate/REGISTRATE.REGISTER]: Captured registration for entry light_blue_valve_handle of type minecraft:block
[09Jun2026 14:46:07.530] [modloading-worker-0/DEBUG] [com.tterrag.registrate.AbstractRegistrate/REGISTRATE.REGISTER]: Captured registration for entry yellow_valve_handle of type minecraft:item
[09Jun2026 14:46:07.531] [modloading-worker-0/DEBUG] [com.tterrag.registrate.AbstractRegistrate/REGISTRATE.REGISTER]: Captured registration for entry yellow_valve_handle of type minecraft:block
[09Jun2026 14:46:07.531] [modloading-worker-0/DEBUG] [com.tterrag.registrate.AbstractRegistrate/REGISTRATE.REGISTER]: Captured registration for entry lime_valve_handle of type minecraft:item
[09Jun2026 14:46:07.531] [modloading-worker-0/DEBUG] [com.tterrag.registrate.AbstractRegistrate/REGISTRATE.REGISTER]: Captured registration for entry lime_valve_handle of type minecraft:block
[09Jun2026 14:46:07.531] [modloading-worker-0/DEBUG] [com.tterrag.registrate.AbstractRegistrate/REGISTRATE.REGISTER]: Captured registration for entry pink_valve_handle of type minecraft:item
[09Jun2026 14:46:07.531] [modloading-worker-0/DEBUG] [com.tterrag.registrate.AbstractRegistrate/REGISTRATE.REGISTER]: Captured registration for entry pink_valve_handle of type minecraft:block
[09Jun2026 14:46:07.531] [modloading-worker-0/DEBUG] [com.tterrag.registrate.AbstractRegistrate/REGISTRATE.REGISTER]: Captured registration for entry gray_valve_handle of type minecraft:item
[09Jun2026 14:46:07.531] [modloading-worker-0/DEBUG] [com.tterrag.registrate.AbstractRegistrate/REGISTRATE.REGISTER]: Captured registration for entry gray_valve_handle of type minecraft:block
[09Jun2026 14:46:07.531] [modloading-worker-0/DEBUG] [com.tterrag.registrate.AbstractRegistrate/REGISTRATE.REGISTER]: Captured registration for entry light_gray_valve_handle of type minecraft:item
[09Jun2026 14:46:07.531] [modloading-worker-0/DEBUG] [com.tterrag.registrate.AbstractRegistrate/REGISTRATE.REGISTER]: Captured registration for entry light_gray_valve_handle of type minecraft:block
[09Jun2026 14:46:07.531] [modloading-worker-0/DEBUG] [com.tterrag.registrate.AbstractRegistrate/REGISTRATE.REGISTER]: Captured registration for entry cyan_valve_handle of type minecraft:item
[09Jun2026 14:46:07.531] [modloading-worker-0/DEBUG] [com.tterrag.registrate.AbstractRegistrate/REGISTRATE.REGISTER]: Captured registration for entry cyan_valve_handle of type minecraft:block
[09Jun2026 14:46:07.531] [modloading-worker-0/DEBUG] [com.tterrag.registrate.AbstractRegistrate/REGISTRATE.REGISTER]: Captured registration for entry purple_valve_handle of type minecraft:item
[09Jun2026 14:46:07.532] [modloading-worker-0/DEBUG] [com.tterrag.registrate.AbstractRegistrate/REGISTRATE.REGISTER]: Captured registration for entry purple_valve_handle of type minecraft:block
[09Jun2026 14:46:07.532] [modloading-worker-0/DEBUG] [com.tterrag.registrate.AbstractRegistrate/REGISTRATE.REGISTER]: Captured registration for entry blue_valve_handle of type minecraft:item
[09Jun2026 14:46:07.532] [modloading-worker-0/DEBUG] [com.tterrag.registrate.AbstractRegistrate/REGISTRATE.REGISTER]: Captured registration for entry blue_valve_handle of type minecraft:block
[09Jun2026 14:46:07.532] [modloading-worker-0/DEBUG] [com.tterrag.registrate.AbstractRegistrate/REGISTRATE.REGISTER]: Captured registration for entry brown_valve_handle of type minecraft:item
[09Jun2026 14:46:07.532] [modloading-worker-0/DEBUG] [com.tterrag.registrate.AbstractRegistrate/REGISTRATE.REGISTER]: Captured registration for entry brown_valve_handle of type minecraft:block
[09Jun2026 14:46:07.532] [modloading-worker-0/DEBUG] [com.tterrag.registrate.AbstractRegistrate/REGISTRATE.REGISTER]: Captured registration for entry green_valve_handle of type minecraft:item
[09Jun2026 14:46:07.532] [modloading-worker-0/DEBUG] [com.tterrag.registrate.AbstractRegistrate/REGISTRATE.REGISTER]: Captured registration for entry green_valve_handle of type minecraft:block
[09Jun2026 14:46:07.532] [modloading-worker-0/DEBUG] [com.tterrag.registrate.AbstractRegistrate/REGISTRATE.REGISTER]: Captured registration for entry red_valve_handle of type minecraft:item
[09Jun2026 14:46:07.532] [modloading-worker-0/DEBUG] [com.tterrag.registrate.AbstractRegistrate/REGISTRATE.REGISTER]: Captured registration for entry red_valve_handle of type minecraft:block
[09Jun2026 14:46:07.532] [modloading-worker-0/DEBUG] [com.tterrag.registrate.AbstractRegistrate/REGISTRATE.REGISTER]: Captured registration for entry black_valve_handle of type minecraft:item
[09Jun2026 14:46:07.532] [modloading-worker-0/DEBUG] [com.tterrag.registrate.AbstractRegistrate/REGISTRATE.REGISTER]: Captured registration for entry black_valve_handle of type minecraft:block
[09Jun2026 14:46:07.545] [modloading-worker-0/DEBUG] [com.tterrag.registrate.AbstractRegistrate/REGISTRATE.REGISTER]: Captured registration for entry fluid_tank of type minecraft:item
[09Jun2026 14:46:07.545] [modloading-worker-0/DEBUG] [com.tterrag.registrate.AbstractRegistrate/REGISTRATE.REGISTER]: Captured registration for entry fluid_tank of type minecraft:block
[09Jun2026 14:46:07.547] [modloading-worker-0/DEBUG] [com.tterrag.registrate.AbstractRegistrate/REGISTRATE.REGISTER]: Captured registration for entry creative_fluid_tank of type minecraft:item
[09Jun2026 14:46:07.547] [modloading-worker-0/DEBUG] [com.tterrag.registrate.AbstractRegistrate/REGISTRATE.REGISTER]: Captured registration for entry creative_fluid_tank of type minecraft:block
[09Jun2026 14:46:07.548] [modloading-worker-0/DEBUG] [com.tterrag.registrate.AbstractRegistrate/REGISTRATE.REGISTER]: Captured registration for entry hose_pulley of type minecraft:item
[09Jun2026 14:46:07.548] [modloading-worker-0/DEBUG] [com.tterrag.registrate.AbstractRegistrate/REGISTRATE.REGISTER]: Captured registration for entry hose_pulley of type minecraft:block
[09Jun2026 14:46:07.552] [modloading-worker-0/DEBUG] [com.tterrag.registrate.AbstractRegistrate/REGISTRATE.REGISTER]: Captured registration for entry item_drain of type minecraft:item
[09Jun2026 14:46:07.552] [modloading-worker-0/DEBUG] [com.tterrag.registrate.AbstractRegistrate/REGISTRATE.REGISTER]: Captured registration for entry item_drain of type minecraft:block
[09Jun2026 14:46:07.554] [modloading-worker-0/DEBUG] [com.tterrag.registrate.AbstractRegistrate/REGISTRATE.REGISTER]: Captured registration for entry spout of type minecraft:item
[09Jun2026 14:46:07.554] [modloading-worker-0/DEBUG] [com.tterrag.registrate.AbstractRegistrate/REGISTRATE.REGISTER]: Captured registration for entry spout of type minecraft:block
[09Jun2026 14:46:07.557] [modloading-worker-0/DEBUG] [com.tterrag.registrate.AbstractRegistrate/REGISTRATE.REGISTER]: Captured registration for entry portable_fluid_interface of type minecraft:item
[09Jun2026 14:46:07.557] [modloading-worker-0/DEBUG] [com.tterrag.registrate.AbstractRegistrate/REGISTRATE.REGISTER]: Captured registration for entry portable_fluid_interface of type minecraft:block
[09Jun2026 14:46:07.559] [modloading-worker-0/DEBUG] [com.tterrag.registrate.AbstractRegistrate/REGISTRATE.REGISTER]: Captured registration for entry steam_engine of type minecraft:item
[09Jun2026 14:46:07.560] [modloading-worker-0/DEBUG] [com.tterrag.registrate.AbstractRegistrate/REGISTRATE.REGISTER]: Captured registration for entry steam_engine of type minecraft:block
[09Jun2026 14:46:07.562] [modloading-worker-0/DEBUG] [com.tterrag.registrate.AbstractRegistrate/REGISTRATE.REGISTER]: Captured registration for entry steam_whistle of type minecraft:item
[09Jun2026 14:46:07.563] [modloading-worker-0/DEBUG] [com.tterrag.registrate.AbstractRegistrate/REGISTRATE.REGISTER]: Captured registration for entry steam_whistle of type minecraft:block
[09Jun2026 14:46:07.564] [modloading-worker-0/DEBUG] [com.tterrag.registrate.AbstractRegistrate/REGISTRATE.REGISTER]: Captured registration for entry steam_whistle_extension of type minecraft:block
[09Jun2026 14:46:07.566] [modloading-worker-0/DEBUG] [com.tterrag.registrate.AbstractRegistrate/REGISTRATE.REGISTER]: Captured registration for entry powered_shaft of type minecraft:block
[09Jun2026 14:46:07.570] [modloading-worker-0/DEBUG] [com.tterrag.registrate.AbstractRegistrate/REGISTRATE.REGISTER]: Captured registration for entry mechanical_piston of type minecraft:item
[09Jun2026 14:46:07.570] [modloading-worker-0/DEBUG] [com.tterrag.registrate.AbstractRegistrate/REGISTRATE.REGISTER]: Captured registration for entry mechanical_piston of type minecraft:block
[09Jun2026 14:46:07.570] [modloading-worker-0/DEBUG] [com.tterrag.registrate.AbstractRegistrate/REGISTRATE.REGISTER]: Captured registration for entry sticky_mechanical_piston of type minecraft:item
[09Jun2026 14:46:07.570] [modloading-worker-0/DEBUG] [com.tterrag.registrate.AbstractRegistrate/REGISTRATE.REGISTER]: Captured registration for entry sticky_mechanical_piston of type minecraft:block
[09Jun2026 14:46:07.572] [modloading-worker-0/DEBUG] [com.tterrag.registrate.AbstractRegistrate/REGISTRATE.REGISTER]: Captured registration for entry piston_extension_pole of type minecraft:item
[09Jun2026 14:46:07.573] [modloading-worker-0/DEBUG] [com.tterrag.registrate.AbstractRegistrate/REGISTRATE.REGISTER]: Captured registration for entry piston_extension_pole of type minecraft:block
[09Jun2026 14:46:07.573] [modloading-worker-0/DEBUG] [com.tterrag.registrate.AbstractRegistrate/REGISTRATE.REGISTER]: Captured registration for entry mechanical_piston_head of type minecraft:block
[09Jun2026 14:46:07.576] [modloading-worker-0/DEBUG] [com.tterrag.registrate.AbstractRegistrate/REGISTRATE.REGISTER]: Captured registration for entry gantry_carriage of type minecraft:item
[09Jun2026 14:46:07.576] [modloading-worker-0/DEBUG] [com.tterrag.registrate.AbstractRegistrate/REGISTRATE.REGISTER]: Captured registration for entry gantry_carriage of type minecraft:block
[09Jun2026 14:46:07.578] [modloading-worker-0/DEBUG] [com.tterrag.registrate.AbstractRegistrate/REGISTRATE.REGISTER]: Captured registration for entry gantry_shaft of type minecraft:item
[09Jun2026 14:46:07.578] [modloading-worker-0/DEBUG] [com.tterrag.registrate.AbstractRegistrate/REGISTRATE.REGISTER]: Captured registration for entry gantry_shaft of type minecraft:block
[09Jun2026 14:46:07.582] [modloading-worker-0/DEBUG] [com.tterrag.registrate.AbstractRegistrate/REGISTRATE.REGISTER]: Captured registration for entry windmill_bearing of type minecraft:item
[09Jun2026 14:46:07.583] [modloading-worker-0/DEBUG] [com.tterrag.registrate.AbstractRegistrate/REGISTRATE.REGISTER]: Captured registration for entry windmill_bearing of type minecraft:block
[09Jun2026 14:46:07.584] [modloading-worker-0/DEBUG] [com.tterrag.registrate.AbstractRegistrate/REGISTRATE.REGISTER]: Captured registration for entry mechanical_bearing of type minecraft:item
[09Jun2026 14:46:07.585] [modloading-worker-0/DEBUG] [com.tterrag.registrate.AbstractRegistrate/REGISTRATE.REGISTER]: Captured registration for entry mechanical_bearing of type minecraft:block
[09Jun2026 14:46:07.587] [modloading-worker-0/DEBUG] [com.tterrag.registrate.AbstractRegistrate/REGISTRATE.REGISTER]: Captured registration for entry clockwork_bearing of type minecraft:item
[09Jun2026 14:46:07.587] [modloading-worker-0/DEBUG] [com.tterrag.registrate.AbstractRegistrate/REGISTRATE.REGISTER]: Captured registration for entry clockwork_bearing of type minecraft:block
[09Jun2026 14:46:07.589] [modloading-worker-0/DEBUG] [com.tterrag.registrate.AbstractRegistrate/REGISTRATE.REGISTER]: Captured registration for entry rope_pulley of type minecraft:item
[09Jun2026 14:46:07.589] [modloading-worker-0/DEBUG] [com.tterrag.registrate.AbstractRegistrate/REGISTRATE.REGISTER]: Captured registration for entry rope_pulley of type minecraft:block
[09Jun2026 14:46:07.591] [modloading-worker-0/DEBUG] [com.tterrag.registrate.AbstractRegistrate/REGISTRATE.REGISTER]: Captured registration for entry rope of type minecraft:block
[09Jun2026 14:46:07.592] [modloading-worker-0/DEBUG] [com.tterrag.registrate.AbstractRegistrate/REGISTRATE.REGISTER]: Captured registration for entry pulley_magnet of type minecraft:block
[09Jun2026 14:46:07.593] [modloading-worker-0/DEBUG] [com.tterrag.registrate.AbstractRegistrate/REGISTRATE.REGISTER]: Captured registration for entry elevator_pulley of type minecraft:item
[09Jun2026 14:46:07.593] [modloading-worker-0/DEBUG] [com.tterrag.registrate.AbstractRegistrate/REGISTRATE.REGISTER]: Captured registration for entry elevator_pulley of type minecraft:block
[09Jun2026 14:46:07.596] [modloading-worker-0/DEBUG] [com.tterrag.registrate.AbstractRegistrate/REGISTRATE.REGISTER]: Captured registration for entry cart_assembler of type minecraft:item
[09Jun2026 14:46:07.596] [modloading-worker-0/DEBUG] [com.tterrag.registrate.AbstractRegistrate/REGISTRATE.REGISTER]: Captured registration for entry cart_assembler of type minecraft:block
[09Jun2026 14:46:07.600] [modloading-worker-0/DEBUG] [com.tterrag.registrate.AbstractRegistrate/REGISTRATE.REGISTER]: Captured registration for entry controller_rail of type minecraft:item
[09Jun2026 14:46:07.600] [modloading-worker-0/DEBUG] [com.tterrag.registrate.AbstractRegistrate/REGISTRATE.REGISTER]: Captured registration for entry controller_rail of type minecraft:block
[09Jun2026 14:46:07.601] [modloading-worker-0/DEBUG] [com.tterrag.registrate.AbstractRegistrate/REGISTRATE.REGISTER]: Captured registration for entry minecart_anchor of type minecraft:block
[09Jun2026 14:46:07.604] [modloading-worker-0/DEBUG] [com.tterrag.registrate.AbstractRegistrate/REGISTRATE.REGISTER]: Captured registration for entry linear_chassis of type minecraft:item
[09Jun2026 14:46:07.605] [modloading-worker-0/DEBUG] [com.tterrag.registrate.AbstractRegistrate/REGISTRATE.REGISTER]: Captured registration for entry linear_chassis of type minecraft:block
[09Jun2026 14:46:07.605] [modloading-worker-0/DEBUG] [com.tterrag.registrate.AbstractRegistrate/REGISTRATE.REGISTER]: Captured registration for entry secondary_linear_chassis of type minecraft:item
[09Jun2026 14:46:07.605] [modloading-worker-0/DEBUG] [com.tterrag.registrate.AbstractRegistrate/REGISTRATE.REGISTER]: Captured registration for entry secondary_linear_chassis of type minecraft:block
[09Jun2026 14:46:07.606] [modloading-worker-0/DEBUG] [com.tterrag.registrate.AbstractRegistrate/REGISTRATE.REGISTER]: Captured registration for entry radial_chassis of type minecraft:item
[09Jun2026 14:46:07.606] [modloading-worker-0/DEBUG] [com.tterrag.registrate.AbstractRegistrate/REGISTRATE.REGISTER]: Captured registration for entry radial_chassis of type minecraft:block
[09Jun2026 14:46:07.608] [modloading-worker-0/DEBUG] [com.tterrag.registrate.AbstractRegistrate/REGISTRATE.REGISTER]: Captured registration for entry sticker of type minecraft:item
[09Jun2026 14:46:07.608] [modloading-worker-0/DEBUG] [com.tterrag.registrate.AbstractRegistrate/REGISTRATE.REGISTER]: Captured registration for entry sticker of type minecraft:block
[09Jun2026 14:46:07.612] [modloading-worker-0/DEBUG] [com.tterrag.registrate.AbstractRegistrate/REGISTRATE.REGISTER]: Captured registration for entry contraption_controls of type minecraft:item
[09Jun2026 14:46:07.612] [modloading-worker-0/DEBUG] [com.tterrag.registrate.AbstractRegistrate/REGISTRATE.REGISTER]: Captured registration for entry contraption_controls of type minecraft:block
[09Jun2026 14:46:07.616] [modloading-worker-0/DEBUG] [com.tterrag.registrate.AbstractRegistrate/REGISTRATE.REGISTER]: Captured registration for entry mechanical_drill of type minecraft:item
[09Jun2026 14:46:07.616] [modloading-worker-0/DEBUG] [com.tterrag.registrate.AbstractRegistrate/REGISTRATE.REGISTER]: Captured registration for entry mechanical_drill of type minecraft:block
[09Jun2026 14:46:07.619] [modloading-worker-0/DEBUG] [com.tterrag.registrate.AbstractRegistrate/REGISTRATE.REGISTER]: Captured registration for entry mechanical_saw of type minecraft:item
[09Jun2026 14:46:07.619] [modloading-worker-0/DEBUG] [com.tterrag.registrate.AbstractRegistrate/REGISTRATE.REGISTER]: Captured registration for entry mechanical_saw of type minecraft:block
[09Jun2026 14:46:07.624] [modloading-worker-0/DEBUG] [com.tterrag.registrate.AbstractRegistrate/REGISTRATE.REGISTER]: Captured registration for entry deployer of type minecraft:item
[09Jun2026 14:46:07.624] [modloading-worker-0/DEBUG] [com.tterrag.registrate.AbstractRegistrate/REGISTRATE.REGISTER]: Captured registration for entry deployer of type minecraft:block
[09Jun2026 14:46:07.625] [modloading-worker-0/DEBUG] [com.tterrag.registrate.AbstractRegistrate/REGISTRATE.REGISTER]: Captured registration for entry portable_storage_interface of type minecraft:item
[09Jun2026 14:46:07.625] [modloading-worker-0/DEBUG] [com.tterrag.registrate.AbstractRegistrate/REGISTRATE.REGISTER]: Captured registration for entry portable_storage_interface of type minecraft:block
[09Jun2026 14:46:07.628] [modloading-worker-0/DEBUG] [com.tterrag.registrate.AbstractRegistrate/REGISTRATE.REGISTER]: Captured registration for entry redstone_contact of type minecraft:item
[09Jun2026 14:46:07.628] [modloading-worker-0/DEBUG] [com.tterrag.registrate.AbstractRegistrate/REGISTRATE.REGISTER]: Captured registration for entry redstone_contact of type minecraft:block
[09Jun2026 14:46:07.630] [modloading-worker-0/DEBUG] [com.tterrag.registrate.AbstractRegistrate/REGISTRATE.REGISTER]: Captured registration for entry elevator_contact of type minecraft:item
[09Jun2026 14:46:07.630] [modloading-worker-0/DEBUG] [com.tterrag.registrate.AbstractRegistrate/REGISTRATE.REGISTER]: Captured registration for entry elevator_contact of type minecraft:block
[09Jun2026 14:46:07.633] [modloading-worker-0/DEBUG] [com.tterrag.registrate.AbstractRegistrate/REGISTRATE.REGISTER]: Captured registration for entry mechanical_harvester of type minecraft:item
[09Jun2026 14:46:07.633] [modloading-worker-0/DEBUG] [com.tterrag.registrate.AbstractRegistrate/REGISTRATE.REGISTER]: Captured registration for entry mechanical_harvester of type minecraft:block
[09Jun2026 14:46:07.635] [modloading-worker-0/DEBUG] [com.tterrag.registrate.AbstractRegistrate/REGISTRATE.REGISTER]: Captured registration for entry mechanical_plough of type minecraft:item
[09Jun2026 14:46:07.635] [modloading-worker-0/DEBUG] [com.tterrag.registrate.AbstractRegistrate/REGISTRATE.REGISTER]: Captured registration for entry mechanical_plough of type minecraft:block
[09Jun2026 14:46:07.639] [modloading-worker-0/DEBUG] [com.tterrag.registrate.AbstractRegistrate/REGISTRATE.REGISTER]: Captured registration for entry mechanical_roller of type minecraft:item
[09Jun2026 14:46:07.639] [modloading-worker-0/DEBUG] [com.tterrag.registrate.AbstractRegistrate/REGISTRATE.REGISTER]: Captured registration for entry mechanical_roller of type minecraft:block
[09Jun2026 14:46:07.640] [modloading-worker-0/DEBUG] [com.tterrag.registrate.AbstractRegistrate/REGISTRATE.REGISTER]: Captured registration for entry sail_frame of type minecraft:item
[09Jun2026 14:46:07.640] [modloading-worker-0/DEBUG] [com.tterrag.registrate.AbstractRegistrate/REGISTRATE.REGISTER]: Captured registration for entry sail_frame of type minecraft:block
[09Jun2026 14:46:07.641] [modloading-worker-0/DEBUG] [com.tterrag.registrate.AbstractRegistrate/REGISTRATE.REGISTER]: Captured registration for entry white_sail of type minecraft:item
[09Jun2026 14:46:07.641] [modloading-worker-0/DEBUG] [com.tterrag.registrate.AbstractRegistrate/REGISTRATE.REGISTER]: Captured registration for entry white_sail of type minecraft:block
[09Jun2026 14:46:07.642] [modloading-worker-0/DEBUG] [com.tterrag.registrate.AbstractRegistrate/REGISTRATE.REGISTER]: Captured registration for entry orange_sail of type minecraft:block
[09Jun2026 14:46:07.642] [modloading-worker-0/DEBUG] [com.tterrag.registrate.AbstractRegistrate/REGISTRATE.REGISTER]: Captured registration for entry magenta_sail of type minecraft:block
[09Jun2026 14:46:07.642] [modloading-worker-0/DEBUG] [com.tterrag.registrate.AbstractRegistrate/REGISTRATE.REGISTER]: Captured registration for entry light_blue_sail of type minecraft:block
[09Jun2026 14:46:07.642] [modloading-worker-0/DEBUG] [com.tterrag.registrate.AbstractRegistrate/REGISTRATE.REGISTER]: Captured registration for entry yellow_sail of type minecraft:block
[09Jun2026 14:46:07.642] [modloading-worker-0/DEBUG] [com.tterrag.registrate.AbstractRegistrate/REGISTRATE.REGISTER]: Captured registration for entry lime_sail of type minecraft:block
[09Jun2026 14:46:07.642] [modloading-worker-0/DEBUG] [com.tterrag.registrate.AbstractRegistrate/REGISTRATE.REGISTER]: Captured registration for entry pink_sail of type minecraft:block
[09Jun2026 14:46:07.643] [modloading-worker-0/DEBUG] [com.tterrag.registrate.AbstractRegistrate/REGISTRATE.REGISTER]: Captured registration for entry gray_sail of type minecraft:block
[09Jun2026 14:46:07.643] [modloading-worker-0/DEBUG] [com.tterrag.registrate.AbstractRegistrate/REGISTRATE.REGISTER]: Captured registration for entry light_gray_sail of type minecraft:block
[09Jun2026 14:46:07.643] [modloading-worker-0/DEBUG] [com.tterrag.registrate.AbstractRegistrate/REGISTRATE.REGISTER]: Captured registration for entry cyan_sail of type minecraft:block
[09Jun2026 14:46:07.643] [modloading-worker-0/DEBUG] [com.tterrag.registrate.AbstractRegistrate/REGISTRATE.REGISTER]: Captured registration for entry purple_sail of type minecraft:block
[09Jun2026 14:46:07.643] [modloading-worker-0/DEBUG] [com.tterrag.registrate.AbstractRegistrate/REGISTRATE.REGISTER]: Captured registration for entry blue_sail of type minecraft:block
[09Jun2026 14:46:07.644] [modloading-worker-0/DEBUG] [com.tterrag.registrate.AbstractRegistrate/REGISTRATE.REGISTER]: Captured registration for entry brown_sail of type minecraft:block
[09Jun2026 14:46:07.644] [modloading-worker-0/DEBUG] [com.tterrag.registrate.AbstractRegistrate/REGISTRATE.REGISTER]: Captured registration for entry green_sail of type minecraft:block
[09Jun2026 14:46:07.644] [modloading-worker-0/DEBUG] [com.tterrag.registrate.AbstractRegistrate/REGISTRATE.REGISTER]: Captured registration for entry red_sail of type minecraft:block
[09Jun2026 14:46:07.644] [modloading-worker-0/DEBUG] [com.tterrag.registrate.AbstractRegistrate/REGISTRATE.REGISTER]: Captured registration for entry black_sail of type minecraft:block
[09Jun2026 14:46:07.646] [modloading-worker-0/DEBUG] [com.tterrag.registrate.AbstractRegistrate/REGISTRATE.REGISTER]: Captured registration for entry andesite_casing of type minecraft:item
[09Jun2026 14:46:07.646] [modloading-worker-0/DEBUG] [com.tterrag.registrate.AbstractRegistrate/REGISTRATE.REGISTER]: Captured registration for entry andesite_casing of type minecraft:block
[09Jun2026 14:46:07.646] [modloading-worker-0/DEBUG] [com.tterrag.registrate.AbstractRegistrate/REGISTRATE.REGISTER]: Captured registration for entry brass_casing of type minecraft:item
[09Jun2026 14:46:07.646] [modloading-worker-0/DEBUG] [com.tterrag.registrate.AbstractRegistrate/REGISTRATE.REGISTER]: Captured registration for entry brass_casing of type minecraft:block
[09Jun2026 14:46:07.647] [modloading-worker-0/DEBUG] [com.tterrag.registrate.AbstractRegistrate/REGISTRATE.REGISTER]: Captured registration for entry copper_casing of type minecraft:item
[09Jun2026 14:46:07.647] [modloading-worker-0/DEBUG] [com.tterrag.registrate.AbstractRegistrate/REGISTRATE.REGISTER]: Captured registration for entry copper_casing of type minecraft:block
[09Jun2026 14:46:07.647] [modloading-worker-0/DEBUG] [com.tterrag.registrate.AbstractRegistrate/REGISTRATE.REGISTER]: Captured registration for entry shadow_steel_casing of type minecraft:item
[09Jun2026 14:46:07.647] [modloading-worker-0/DEBUG] [com.tterrag.registrate.AbstractRegistrate/REGISTRATE.REGISTER]: Captured registration for entry shadow_steel_casing of type minecraft:block
[09Jun2026 14:46:07.648] [modloading-worker-0/DEBUG] [com.tterrag.registrate.AbstractRegistrate/REGISTRATE.REGISTER]: Captured registration for entry refined_radiance_casing of type minecraft:item
[09Jun2026 14:46:07.648] [modloading-worker-0/DEBUG] [com.tterrag.registrate.AbstractRegistrate/REGISTRATE.REGISTER]: Captured registration for entry refined_radiance_casing of type minecraft:block
[09Jun2026 14:46:07.651] [modloading-worker-0/DEBUG] [com.tterrag.registrate.AbstractRegistrate/REGISTRATE.REGISTER]: Captured registration for entry mechanical_crafter of type minecraft:item
[09Jun2026 14:46:07.651] [modloading-worker-0/DEBUG] [com.tterrag.registrate.AbstractRegistrate/REGISTRATE.REGISTER]: Captured registration for entry mechanical_crafter of type minecraft:block
[09Jun2026 14:46:07.656] [modloading-worker-0/DEBUG] [com.tterrag.registrate.AbstractRegistrate/REGISTRATE.REGISTER]: Captured registration for entry sequenced_gearshift of type minecraft:item
[09Jun2026 14:46:07.656] [modloading-worker-0/DEBUG] [com.tterrag.registrate.AbstractRegistrate/REGISTRATE.REGISTER]: Captured registration for entry sequenced_gearshift of type minecraft:block
[09Jun2026 14:46:07.657] [modloading-worker-0/DEBUG] [com.tterrag.registrate.AbstractRegistrate/REGISTRATE.REGISTER]: Captured registration for entry flywheel of type minecraft:item
[09Jun2026 14:46:07.657] [modloading-worker-0/DEBUG] [com.tterrag.registrate.AbstractRegistrate/REGISTRATE.REGISTER]: Captured registration for entry flywheel of type minecraft:block
[09Jun2026 14:46:07.659] [modloading-worker-0/DEBUG] [com.tterrag.registrate.AbstractRegistrate/REGISTRATE.REGISTER]: Captured registration for entry rotation_speed_controller of type minecraft:item
[09Jun2026 14:46:07.659] [modloading-worker-0/DEBUG] [com.tterrag.registrate.AbstractRegistrate/REGISTRATE.REGISTER]: Captured registration for entry rotation_speed_controller of type minecraft:block
[09Jun2026 14:46:07.661] [modloading-worker-0/DEBUG] [com.tterrag.registrate.AbstractRegistrate/REGISTRATE.REGISTER]: Captured registration for entry mechanical_arm of type minecraft:item
[09Jun2026 14:46:07.661] [modloading-worker-0/DEBUG] [com.tterrag.registrate.AbstractRegistrate/REGISTRATE.REGISTER]: Captured registration for entry mechanical_arm of type minecraft:block
[09Jun2026 14:46:07.678] [modloading-worker-0/DEBUG] [com.tterrag.registrate.AbstractRegistrate/REGISTRATE.REGISTER]: Captured registration for entry track of type minecraft:item
[09Jun2026 14:46:07.678] [modloading-worker-0/DEBUG] [com.tterrag.registrate.AbstractRegistrate/REGISTRATE.REGISTER]: Captured registration for entry track of type minecraft:block
[09Jun2026 14:46:07.679] [modloading-worker-0/DEBUG] [com.tterrag.registrate.AbstractRegistrate/REGISTRATE.REGISTER]: Captured registration for entry fake_track of type minecraft:block
[09Jun2026 14:46:07.680] [modloading-worker-0/DEBUG] [com.tterrag.registrate.AbstractRegistrate/REGISTRATE.REGISTER]: Captured registration for entry railway_casing of type minecraft:item
[09Jun2026 14:46:07.680] [modloading-worker-0/DEBUG] [com.tterrag.registrate.AbstractRegistrate/REGISTRATE.REGISTER]: Captured registration for entry railway_casing of type minecraft:block
[09Jun2026 14:46:07.689] [modloading-worker-0/DEBUG] [com.tterrag.registrate.AbstractRegistrate/REGISTRATE.REGISTER]: Captured registration for entry track_station of type minecraft:item
[09Jun2026 14:46:07.689] [modloading-worker-0/DEBUG] [com.tterrag.registrate.AbstractRegistrate/REGISTRATE.REGISTER]: Captured registration for entry track_station of type minecraft:block
[09Jun2026 14:46:07.691] [modloading-worker-0/DEBUG] [com.tterrag.registrate.AbstractRegistrate/REGISTRATE.REGISTER]: Captured registration for entry track_signal of type minecraft:item
[09Jun2026 14:46:07.691] [modloading-worker-0/DEBUG] [com.tterrag.registrate.AbstractRegistrate/REGISTRATE.REGISTER]: Captured registration for entry track_signal of type minecraft:block
[09Jun2026 14:46:07.692] [modloading-worker-0/DEBUG] [com.tterrag.registrate.AbstractRegistrate/REGISTRATE.REGISTER]: Captured registration for entry track_observer of type minecraft:item
[09Jun2026 14:46:07.692] [modloading-worker-0/DEBUG] [com.tterrag.registrate.AbstractRegistrate/REGISTRATE.REGISTER]: Captured registration for entry track_observer of type minecraft:block
[09Jun2026 14:46:07.695] [modloading-worker-0/DEBUG] [com.tterrag.registrate.AbstractRegistrate/REGISTRATE.REGISTER]: Captured registration for entry small_bogey of type minecraft:block
[09Jun2026 14:46:07.696] [modloading-worker-0/DEBUG] [com.tterrag.registrate.AbstractRegistrate/REGISTRATE.REGISTER]: Captured registration for entry large_bogey of type minecraft:block
[09Jun2026 14:46:07.697] [modloading-worker-0/DEBUG] [com.tterrag.registrate.AbstractRegistrate/REGISTRATE.REGISTER]: Captured registration for entry controls of type minecraft:item
[09Jun2026 14:46:07.698] [modloading-worker-0/DEBUG] [com.tterrag.registrate.AbstractRegistrate/REGISTRATE.REGISTER]: Captured registration for entry controls of type minecraft:block
[09Jun2026 14:46:07.702] [modloading-worker-0/DEBUG] [com.tterrag.registrate.AbstractRegistrate/REGISTRATE.REGISTER]: Captured registration for entry item_vault of type minecraft:item
[09Jun2026 14:46:07.702] [modloading-worker-0/DEBUG] [com.tterrag.registrate.AbstractRegistrate/REGISTRATE.REGISTER]: Captured registration for entry item_vault of type minecraft:block
[09Jun2026 14:46:07.707] [modloading-worker-0/DEBUG] [com.tterrag.registrate.AbstractRegistrate/REGISTRATE.REGISTER]: Captured registration for entry andesite_funnel of type minecraft:item
[09Jun2026 14:46:07.707] [modloading-worker-0/DEBUG] [com.tterrag.registrate.AbstractRegistrate/REGISTRATE.REGISTER]: Captured registration for entry andesite_funnel of type minecraft:block
[09Jun2026 14:46:07.709] [modloading-worker-0/DEBUG] [com.tterrag.registrate.AbstractRegistrate/REGISTRATE.REGISTER]: Captured registration for entry andesite_belt_funnel of type minecraft:block
[09Jun2026 14:46:07.711] [modloading-worker-0/DEBUG] [com.tterrag.registrate.AbstractRegistrate/REGISTRATE.REGISTER]: Captured registration for entry brass_funnel of type minecraft:item
[09Jun2026 14:46:07.711] [modloading-worker-0/DEBUG] [com.tterrag.registrate.AbstractRegistrate/REGISTRATE.REGISTER]: Captured registration for entry brass_funnel of type minecraft:block
[09Jun2026 14:46:07.712] [modloading-worker-0/DEBUG] [com.tterrag.registrate.AbstractRegistrate/REGISTRATE.REGISTER]: Captured registration for entry brass_belt_funnel of type minecraft:block
[09Jun2026 14:46:07.715] [modloading-worker-0/DEBUG] [com.tterrag.registrate.AbstractRegistrate/REGISTRATE.REGISTER]: Captured registration for entry andesite_tunnel of type minecraft:item
[09Jun2026 14:46:07.716] [modloading-worker-0/DEBUG] [com.tterrag.registrate.AbstractRegistrate/REGISTRATE.REGISTER]: Captured registration for entry andesite_tunnel of type minecraft:block
[09Jun2026 14:46:07.717] [modloading-worker-0/DEBUG] [com.tterrag.registrate.AbstractRegistrate/REGISTRATE.REGISTER]: Captured registration for entry brass_tunnel of type minecraft:item
[09Jun2026 14:46:07.717] [modloading-worker-0/DEBUG] [com.tterrag.registrate.AbstractRegistrate/REGISTRATE.REGISTER]: Captured registration for entry brass_tunnel of type minecraft:block
[09Jun2026 14:46:07.720] [modloading-worker-0/DEBUG] [com.tterrag.registrate.AbstractRegistrate/REGISTRATE.REGISTER]: Captured registration for entry content_observer of type minecraft:item
[09Jun2026 14:46:07.720] [modloading-worker-0/DEBUG] [com.tterrag.registrate.AbstractRegistrate/REGISTRATE.REGISTER]: Captured registration for entry content_observer of type minecraft:block
[09Jun2026 14:46:07.722] [modloading-worker-0/DEBUG] [com.tterrag.registrate.AbstractRegistrate/REGISTRATE.REGISTER]: Captured registration for entry stockpile_switch of type minecraft:item
[09Jun2026 14:46:07.723] [modloading-worker-0/DEBUG] [com.tterrag.registrate.AbstractRegistrate/REGISTRATE.REGISTER]: Captured registration for entry stockpile_switch of type minecraft:block
[09Jun2026 14:46:07.724] [modloading-worker-0/DEBUG] [com.tterrag.registrate.AbstractRegistrate/REGISTRATE.REGISTER]: Captured registration for entry creative_crate of type minecraft:item
[09Jun2026 14:46:07.724] [modloading-worker-0/DEBUG] [com.tterrag.registrate.AbstractRegistrate/REGISTRATE.REGISTER]: Captured registration for entry creative_crate of type minecraft:block
[09Jun2026 14:46:07.727] [modloading-worker-0/DEBUG] [com.tterrag.registrate.AbstractRegistrate/REGISTRATE.REGISTER]: Captured registration for entry display_link of type minecraft:item
[09Jun2026 14:46:07.728] [modloading-worker-0/DEBUG] [com.tterrag.registrate.AbstractRegistrate/REGISTRATE.REGISTER]: Captured registration for entry display_link of type minecraft:block
[09Jun2026 14:46:07.730] [modloading-worker-0/DEBUG] [com.tterrag.registrate.AbstractRegistrate/REGISTRATE.REGISTER]: Captured registration for entry display_board of type minecraft:item
[09Jun2026 14:46:07.731] [modloading-worker-0/DEBUG] [com.tterrag.registrate.AbstractRegistrate/REGISTRATE.REGISTER]: Captured registration for entry display_board of type minecraft:block
[09Jun2026 14:46:07.732] [modloading-worker-0/DEBUG] [com.tterrag.registrate.AbstractRegistrate/REGISTRATE.REGISTER]: Captured registration for entry nixie_tube of type minecraft:item
[09Jun2026 14:46:07.732] [modloading-worker-0/DEBUG] [com.tterrag.registrate.AbstractRegistrate/REGISTRATE.REGISTER]: Captured registration for entry nixie_tube of type minecraft:block
[09Jun2026 14:46:07.733] [modloading-worker-0/DEBUG] [com.tterrag.registrate.AbstractRegistrate/REGISTRATE.REGISTER]: Captured registration for entry white_nixie_tube of type minecraft:block
[09Jun2026 14:46:07.733] [modloading-worker-0/DEBUG] [com.tterrag.registrate.AbstractRegistrate/REGISTRATE.REGISTER]: Captured registration for entry magenta_nixie_tube of type minecraft:block
[09Jun2026 14:46:07.733] [modloading-worker-0/DEBUG] [com.tterrag.registrate.AbstractRegistrate/REGISTRATE.REGISTER]: Captured registration for entry light_blue_nixie_tube of type minecraft:block
[09Jun2026 14:46:07.733] [modloading-worker-0/DEBUG] [com.tterrag.registrate.AbstractRegistrate/REGISTRATE.REGISTER]: Captured registration for entry yellow_nixie_tube of type minecraft:block
[09Jun2026 14:46:07.733] [modloading-worker-0/DEBUG] [com.tterrag.registrate.AbstractRegistrate/REGISTRATE.REGISTER]: Captured registration for entry lime_nixie_tube of type minecraft:block
[09Jun2026 14:46:07.733] [modloading-worker-0/DEBUG] [com.tterrag.registrate.AbstractRegistrate/REGISTRATE.REGISTER]: Captured registration for entry pink_nixie_tube of type minecraft:block
[09Jun2026 14:46:07.733] [modloading-worker-0/DEBUG] [com.tterrag.registrate.AbstractRegistrate/REGISTRATE.REGISTER]: Captured registration for entry gray_nixie_tube of type minecraft:block
[09Jun2026 14:46:07.733] [modloading-worker-0/DEBUG] [com.tterrag.registrate.AbstractRegistrate/REGISTRATE.REGISTER]: Captured registration for entry light_gray_nixie_tube of type minecraft:block
[09Jun2026 14:46:07.733] [modloading-worker-0/DEBUG] [com.tterrag.registrate.AbstractRegistrate/REGISTRATE.REGISTER]: Captured registration for entry cyan_nixie_tube of type minecraft:block
[09Jun2026 14:46:07.733] [modloading-worker-0/DEBUG] [com.tterrag.registrate.AbstractRegistrate/REGISTRATE.REGISTER]: Captured registration for entry purple_nixie_tube of type minecraft:block
[09Jun2026 14:46:07.733] [modloading-worker-0/DEBUG] [com.tterrag.registrate.AbstractRegistrate/REGISTRATE.REGISTER]: Captured registration for entry blue_nixie_tube of type minecraft:block
[09Jun2026 14:46:07.734] [modloading-worker-0/DEBUG] [com.tterrag.registrate.AbstractRegistrate/REGISTRATE.REGISTER]: Captured registration for entry brown_nixie_tube of type minecraft:block
[09Jun2026 14:46:07.734] [modloading-worker-0/DEBUG] [com.tterrag.registrate.AbstractRegistrate/REGISTRATE.REGISTER]: Captured registration for entry green_nixie_tube of type minecraft:block
[09Jun2026 14:46:07.734] [modloading-worker-0/DEBUG] [com.tterrag.registrate.AbstractRegistrate/REGISTRATE.REGISTER]: Captured registration for entry red_nixie_tube of type minecraft:block
[09Jun2026 14:46:07.734] [modloading-worker-0/DEBUG] [com.tterrag.registrate.AbstractRegistrate/REGISTRATE.REGISTER]: Captured registration for entry black_nixie_tube of type minecraft:block
[09Jun2026 14:46:07.735] [modloading-worker-0/DEBUG] [com.tterrag.registrate.AbstractRegistrate/REGISTRATE.REGISTER]: Captured registration for entry rose_quartz_lamp of type minecraft:item
[09Jun2026 14:46:07.735] [modloading-worker-0/DEBUG] [com.tterrag.registrate.AbstractRegistrate/REGISTRATE.REGISTER]: Captured registration for entry rose_quartz_lamp of type minecraft:block
[09Jun2026 14:46:07.737] [modloading-worker-0/DEBUG] [com.tterrag.registrate.AbstractRegistrate/REGISTRATE.REGISTER]: Captured registration for entry redstone_link of type minecraft:item
[09Jun2026 14:46:07.737] [modloading-worker-0/DEBUG] [com.tterrag.registrate.AbstractRegistrate/REGISTRATE.REGISTER]: Captured registration for entry redstone_link of type minecraft:block
[09Jun2026 14:46:07.739] [modloading-worker-0/DEBUG] [com.tterrag.registrate.AbstractRegistrate/REGISTRATE.REGISTER]: Captured registration for entry analog_lever of type minecraft:item
[09Jun2026 14:46:07.739] [modloading-worker-0/DEBUG] [com.tterrag.registrate.AbstractRegistrate/REGISTRATE.REGISTER]: Captured registration for entry analog_lever of type minecraft:block
[09Jun2026 14:46:07.741] [modloading-worker-0/DEBUG] [com.tterrag.registrate.AbstractRegistrate/REGISTRATE.REGISTER]: Captured registration for entry placard of type minecraft:item
[09Jun2026 14:46:07.741] [modloading-worker-0/DEBUG] [com.tterrag.registrate.AbstractRegistrate/REGISTRATE.REGISTER]: Captured registration for entry placard of type minecraft:block
[09Jun2026 14:46:07.746] [modloading-worker-0/DEBUG] [com.tterrag.registrate.AbstractRegistrate/REGISTRATE.REGISTER]: Captured registration for entry pulse_repeater of type minecraft:item
[09Jun2026 14:46:07.746] [modloading-worker-0/DEBUG] [com.tterrag.registrate.AbstractRegistrate/REGISTRATE.REGISTER]: Captured registration for entry pulse_repeater of type minecraft:block
[09Jun2026 14:46:07.747] [modloading-worker-0/DEBUG] [com.tterrag.registrate.AbstractRegistrate/REGISTRATE.REGISTER]: Captured registration for entry pulse_extender of type minecraft:item
[09Jun2026 14:46:07.747] [modloading-worker-0/DEBUG] [com.tterrag.registrate.AbstractRegistrate/REGISTRATE.REGISTER]: Captured registration for entry pulse_extender of type minecraft:block
[09Jun2026 14:46:07.751] [modloading-worker-0/DEBUG] [com.tterrag.registrate.AbstractRegistrate/REGISTRATE.REGISTER]: Captured registration for entry powered_latch of type minecraft:item
[09Jun2026 14:46:07.751] [modloading-worker-0/DEBUG] [com.tterrag.registrate.AbstractRegistrate/REGISTRATE.REGISTER]: Captured registration for entry powered_latch of type minecraft:block
[09Jun2026 14:46:07.752] [modloading-worker-0/DEBUG] [com.tterrag.registrate.AbstractRegistrate/REGISTRATE.REGISTER]: Captured registration for entry powered_toggle_latch of type minecraft:item
[09Jun2026 14:46:07.752] [modloading-worker-0/DEBUG] [com.tterrag.registrate.AbstractRegistrate/REGISTRATE.REGISTER]: Captured registration for entry powered_toggle_latch of type minecraft:block
[09Jun2026 14:46:07.754] [modloading-worker-0/DEBUG] [com.tterrag.registrate.AbstractRegistrate/REGISTRATE.REGISTER]: Captured registration for entry lectern_controller of type minecraft:block
[09Jun2026 14:46:07.759] [modloading-worker-0/DEBUG] [com.tterrag.registrate.AbstractRegistrate/REGISTRATE.REGISTER]: Captured registration for entry wheat_flour of type minecraft:item
[09Jun2026 14:46:07.760] [modloading-worker-0/DEBUG] [com.tterrag.registrate.AbstractRegistrate/REGISTRATE.REGISTER]: Captured registration for entry dough of type minecraft:item
[09Jun2026 14:46:07.760] [modloading-worker-0/DEBUG] [com.tterrag.registrate.AbstractRegistrate/REGISTRATE.REGISTER]: Captured registration for entry cinder_flour of type minecraft:item
[09Jun2026 14:46:07.760] [modloading-worker-0/DEBUG] [com.tterrag.registrate.AbstractRegistrate/REGISTRATE.REGISTER]: Captured registration for entry rose_quartz of type minecraft:item
[09Jun2026 14:46:07.760] [modloading-worker-0/DEBUG] [com.tterrag.registrate.AbstractRegistrate/REGISTRATE.REGISTER]: Captured registration for entry polished_rose_quartz of type minecraft:item
[09Jun2026 14:46:07.760] [modloading-worker-0/DEBUG] [com.tterrag.registrate.AbstractRegistrate/REGISTRATE.REGISTER]: Captured registration for entry powdered_obsidian of type minecraft:item
[09Jun2026 14:46:07.760] [modloading-worker-0/DEBUG] [com.tterrag.registrate.AbstractRegistrate/REGISTRATE.REGISTER]: Captured registration for entry sturdy_sheet of type minecraft:item
[09Jun2026 14:46:07.760] [modloading-worker-0/DEBUG] [com.tterrag.registrate.AbstractRegistrate/REGISTRATE.REGISTER]: Captured registration for entry propeller of type minecraft:item
[09Jun2026 14:46:07.761] [modloading-worker-0/DEBUG] [com.tterrag.registrate.AbstractRegistrate/REGISTRATE.REGISTER]: Captured registration for entry whisk of type minecraft:item
[09Jun2026 14:46:07.761] [modloading-worker-0/DEBUG] [com.tterrag.registrate.AbstractRegistrate/REGISTRATE.REGISTER]: Captured registration for entry brass_hand of type minecraft:item
[09Jun2026 14:46:07.761] [modloading-worker-0/DEBUG] [com.tterrag.registrate.AbstractRegistrate/REGISTRATE.REGISTER]: Captured registration for entry crafter_slot_cover of type minecraft:item
[09Jun2026 14:46:07.761] [modloading-worker-0/DEBUG] [com.tterrag.registrate.AbstractRegistrate/REGISTRATE.REGISTER]: Captured registration for entry electron_tube of type minecraft:item
[09Jun2026 14:46:07.762] [modloading-worker-0/DEBUG] [com.tterrag.registrate.AbstractRegistrate/REGISTRATE.REGISTER]: Captured registration for entry incomplete_precision_mechanism of type minecraft:item
[09Jun2026 14:46:07.762] [modloading-worker-0/DEBUG] [com.tterrag.registrate.AbstractRegistrate/REGISTRATE.REGISTER]: Captured registration for entry unprocessed_obsidian_sheet of type minecraft:item
[09Jun2026 14:46:07.762] [modloading-worker-0/DEBUG] [com.tterrag.registrate.AbstractRegistrate/REGISTRATE.REGISTER]: Captured registration for entry incomplete_track of type minecraft:item
[09Jun2026 14:46:07.762] [modloading-worker-0/DEBUG] [com.tterrag.registrate.AbstractRegistrate/REGISTRATE.REGISTER]: Captured registration for entry precision_mechanism of type minecraft:item
[09Jun2026 14:46:07.762] [modloading-worker-0/DEBUG] [com.tterrag.registrate.AbstractRegistrate/REGISTRATE.REGISTER]: Captured registration for entry blaze_cake_base of type minecraft:item
[09Jun2026 14:46:07.763] [modloading-worker-0/DEBUG] [com.tterrag.registrate.AbstractRegistrate/REGISTRATE.REGISTER]: Captured registration for entry blaze_cake of type minecraft:item
[09Jun2026 14:46:07.764] [modloading-worker-0/DEBUG] [com.tterrag.registrate.AbstractRegistrate/REGISTRATE.REGISTER]: Captured registration for entry creative_blaze_cake of type minecraft:item
[09Jun2026 14:46:07.764] [modloading-worker-0/DEBUG] [com.tterrag.registrate.AbstractRegistrate/REGISTRATE.REGISTER]: Captured registration for entry bar_of_chocolate of type minecraft:item
[09Jun2026 14:46:07.765] [modloading-worker-0/DEBUG] [com.tterrag.registrate.AbstractRegistrate/REGISTRATE.REGISTER]: Captured registration for entry sweet_roll of type minecraft:item
[09Jun2026 14:46:07.765] [modloading-worker-0/DEBUG] [com.tterrag.registrate.AbstractRegistrate/REGISTRATE.REGISTER]: Captured registration for entry chocolate_glazed_berries of type minecraft:item
[09Jun2026 14:46:07.765] [modloading-worker-0/DEBUG] [com.tterrag.registrate.AbstractRegistrate/REGISTRATE.REGISTER]: Captured registration for entry honeyed_apple of type minecraft:item
[09Jun2026 14:46:07.766] [modloading-worker-0/DEBUG] [com.tterrag.registrate.AbstractRegistrate/REGISTRATE.REGISTER]: Captured registration for entry builders_tea of type minecraft:item
[09Jun2026 14:46:07.766] [modloading-worker-0/DEBUG] [com.tterrag.registrate.AbstractRegistrate/REGISTRATE.REGISTER]: Captured registration for entry raw_zinc of type minecraft:item
[09Jun2026 14:46:07.766] [modloading-worker-0/DEBUG] [com.tterrag.registrate.AbstractRegistrate/REGISTRATE.REGISTER]: Captured registration for entry andesite_alloy of type minecraft:item
[09Jun2026 14:46:07.767] [modloading-worker-0/DEBUG] [com.tterrag.registrate.AbstractRegistrate/REGISTRATE.REGISTER]: Captured registration for entry zinc_ingot of type minecraft:item
[09Jun2026 14:46:07.767] [modloading-worker-0/DEBUG] [com.tterrag.registrate.AbstractRegistrate/REGISTRATE.REGISTER]: Captured registration for entry brass_ingot of type minecraft:item
[09Jun2026 14:46:07.769] [modloading-worker-0/DEBUG] [com.tterrag.registrate.AbstractRegistrate/REGISTRATE.REGISTER]: Captured registration for entry chromatic_compound of type minecraft:item
[09Jun2026 14:46:07.770] [modloading-worker-0/DEBUG] [com.tterrag.registrate.AbstractRegistrate/REGISTRATE.REGISTER]: Captured registration for entry shadow_steel of type minecraft:item
[09Jun2026 14:46:07.771] [modloading-worker-0/DEBUG] [com.tterrag.registrate.AbstractRegistrate/REGISTRATE.REGISTER]: Captured registration for entry refined_radiance of type minecraft:item
[09Jun2026 14:46:07.771] [modloading-worker-0/DEBUG] [com.tterrag.registrate.AbstractRegistrate/REGISTRATE.REGISTER]: Captured registration for entry copper_nugget of type minecraft:item
[09Jun2026 14:46:07.771] [modloading-worker-0/DEBUG] [com.tterrag.registrate.AbstractRegistrate/REGISTRATE.REGISTER]: Captured registration for entry zinc_nugget of type minecraft:item
[09Jun2026 14:46:07.771] [modloading-worker-0/DEBUG] [com.tterrag.registrate.AbstractRegistrate/REGISTRATE.REGISTER]: Captured registration for entry brass_nugget of type minecraft:item
[09Jun2026 14:46:07.772] [modloading-worker-0/DEBUG] [com.tterrag.registrate.AbstractRegistrate/REGISTRATE.REGISTER]: Captured registration for entry experience_nugget of type minecraft:item
[09Jun2026 14:46:07.773] [modloading-worker-0/DEBUG] [com.tterrag.registrate.AbstractRegistrate/REGISTRATE.REGISTER]: Captured registration for entry copper_sheet of type minecraft:item
[09Jun2026 14:46:07.773] [modloading-worker-0/DEBUG] [com.tterrag.registrate.AbstractRegistrate/REGISTRATE.REGISTER]: Captured registration for entry brass_sheet of type minecraft:item
[09Jun2026 14:46:07.773] [modloading-worker-0/DEBUG] [com.tterrag.registrate.AbstractRegistrate/REGISTRATE.REGISTER]: Captured registration for entry iron_sheet of type minecraft:item
[09Jun2026 14:46:07.773] [modloading-worker-0/DEBUG] [com.tterrag.registrate.AbstractRegistrate/REGISTRATE.REGISTER]: Captured registration for entry golden_sheet of type minecraft:item
[09Jun2026 14:46:07.773] [modloading-worker-0/DEBUG] [com.tterrag.registrate.AbstractRegistrate/REGISTRATE.REGISTER]: Captured registration for entry crushed_raw_iron of type minecraft:item
[09Jun2026 14:46:07.773] [modloading-worker-0/DEBUG] [com.tterrag.registrate.AbstractRegistrate/REGISTRATE.REGISTER]: Captured registration for entry crushed_raw_gold of type minecraft:item
[09Jun2026 14:46:07.773] [modloading-worker-0/DEBUG] [com.tterrag.registrate.AbstractRegistrate/REGISTRATE.REGISTER]: Captured registration for entry crushed_raw_copper of type minecraft:item
[09Jun2026 14:46:07.773] [modloading-worker-0/DEBUG] [com.tterrag.registrate.AbstractRegistrate/REGISTRATE.REGISTER]: Captured registration for entry crushed_raw_zinc of type minecraft:item
[09Jun2026 14:46:07.776] [modloading-worker-0/DEBUG] [com.tterrag.registrate.AbstractRegistrate/REGISTRATE.REGISTER]: Captured registration for entry crushed_raw_osmium of type minecraft:item
[09Jun2026 14:46:07.777] [modloading-worker-0/DEBUG] [com.tterrag.registrate.AbstractRegistrate/REGISTRATE.REGISTER]: Captured registration for entry crushed_raw_platinum of type minecraft:item
[09Jun2026 14:46:07.777] [modloading-worker-0/DEBUG] [com.tterrag.registrate.AbstractRegistrate/REGISTRATE.REGISTER]: Captured registration for entry crushed_raw_silver of type minecraft:item
[09Jun2026 14:46:07.777] [modloading-worker-0/DEBUG] [com.tterrag.registrate.AbstractRegistrate/REGISTRATE.REGISTER]: Captured registration for entry crushed_raw_tin of type minecraft:item
[09Jun2026 14:46:07.777] [modloading-worker-0/DEBUG] [com.tterrag.registrate.AbstractRegistrate/REGISTRATE.REGISTER]: Captured registration for entry crushed_raw_lead of type minecraft:item
[09Jun2026 14:46:07.777] [modloading-worker-0/DEBUG] [com.tterrag.registrate.AbstractRegistrate/REGISTRATE.REGISTER]: Captured registration for entry crushed_raw_quicksilver of type minecraft:item
[09Jun2026 14:46:07.777] [modloading-worker-0/DEBUG] [com.tterrag.registrate.AbstractRegistrate/REGISTRATE.REGISTER]: Captured registration for entry crushed_raw_aluminum of type minecraft:item
[09Jun2026 14:46:07.777] [modloading-worker-0/DEBUG] [com.tterrag.registrate.AbstractRegistrate/REGISTRATE.REGISTER]: Captured registration for entry crushed_raw_uranium of type minecraft:item
[09Jun2026 14:46:07.777] [modloading-worker-0/DEBUG] [com.tterrag.registrate.AbstractRegistrate/REGISTRATE.REGISTER]: Captured registration for entry crushed_raw_nickel of type minecraft:item
[09Jun2026 14:46:07.779] [modloading-worker-0/DEBUG] [com.tterrag.registrate.AbstractRegistrate/REGISTRATE.REGISTER]: Captured registration for entry belt_connector of type minecraft:item
[09Jun2026 14:46:07.780] [modloading-worker-0/DEBUG] [com.tterrag.registrate.AbstractRegistrate/REGISTRATE.REGISTER]: Captured registration for entry vertical_gearbox of type minecraft:item
[09Jun2026 14:46:07.780] [modloading-worker-0/DEBUG] [com.tterrag.registrate.AbstractRegistrate/REGISTRATE.REGISTER]: Captured registration for entry empty_blaze_burner of type minecraft:item
[09Jun2026 14:46:07.781] [modloading-worker-0/DEBUG] [com.tterrag.registrate.AbstractRegistrate/REGISTRATE.REGISTER]: Captured registration for entry goggles of type minecraft:item
[09Jun2026 14:46:07.782] [modloading-worker-0/DEBUG] [com.tterrag.registrate.AbstractRegistrate/REGISTRATE.REGISTER]: Captured registration for entry super_glue of type minecraft:item
[09Jun2026 14:46:07.784] [modloading-worker-0/DEBUG] [com.tterrag.registrate.AbstractRegistrate/REGISTRATE.REGISTER]: Captured registration for entry minecart_coupling of type minecraft:item
[09Jun2026 14:46:07.787] [modloading-worker-0/DEBUG] [com.tterrag.registrate.AbstractRegistrate/REGISTRATE.REGISTER]: Captured registration for entry crafting_blueprint of type minecraft:item
[09Jun2026 14:46:07.788] [modloading-worker-0/DEBUG] [com.tterrag.registrate.AbstractRegistrate/REGISTRATE.REGISTER]: Captured registration for entry copper_backtank_placeable of type minecraft:item
[09Jun2026 14:46:07.789] [modloading-worker-0/DEBUG] [com.tterrag.registrate.AbstractRegistrate/REGISTRATE.REGISTER]: Captured registration for entry netherite_backtank_placeable of type minecraft:item
[09Jun2026 14:46:07.791] [modloading-worker-0/DEBUG] [com.tterrag.registrate.AbstractRegistrate/REGISTRATE.REGISTER]: Captured registration for entry copper_backtank of type minecraft:item
[09Jun2026 14:46:07.793] [modloading-worker-0/DEBUG] [com.tterrag.registrate.AbstractRegistrate/REGISTRATE.REGISTER]: Captured registration for entry netherite_backtank of type minecraft:item
[09Jun2026 14:46:07.794] [modloading-worker-0/DEBUG] [com.tterrag.registrate.AbstractRegistrate/REGISTRATE.REGISTER]: Captured registration for entry copper_diving_helmet of type minecraft:item
[09Jun2026 14:46:07.794] [modloading-worker-0/DEBUG] [com.tterrag.registrate.AbstractRegistrate/REGISTRATE.REGISTER]: Captured registration for entry netherite_diving_helmet of type minecraft:item
[09Jun2026 14:46:07.794] [modloading-worker-0/DEBUG] [com.tterrag.registrate.AbstractRegistrate/REGISTRATE.REGISTER]: Captured registration for entry copper_diving_boots of type minecraft:item
[09Jun2026 14:46:07.795] [modloading-worker-0/DEBUG] [com.tterrag.registrate.AbstractRegistrate/REGISTRATE.REGISTER]: Captured registration for entry netherite_diving_boots of type minecraft:item
[09Jun2026 14:46:07.799] [modloading-worker-0/DEBUG] [com.tterrag.registrate.AbstractRegistrate/REGISTRATE.REGISTER]: Captured registration for entry sand_paper of type minecraft:item
[09Jun2026 14:46:07.800] [modloading-worker-0/DEBUG] [com.tterrag.registrate.AbstractRegistrate/REGISTRATE.REGISTER]: Captured registration for entry red_sand_paper of type minecraft:item
[09Jun2026 14:46:07.804] [modloading-worker-0/DEBUG] [com.tterrag.registrate.AbstractRegistrate/REGISTRATE.REGISTER]: Captured registration for entry wrench of type minecraft:item
[09Jun2026 14:46:07.807] [modloading-worker-0/DEBUG] [com.tterrag.registrate.AbstractRegistrate/REGISTRATE.REGISTER]: Captured registration for entry minecart_contraption of type minecraft:item
[09Jun2026 14:46:07.807] [modloading-worker-0/DEBUG] [com.tterrag.registrate.AbstractRegistrate/REGISTRATE.REGISTER]: Captured registration for entry furnace_minecart_contraption of type minecraft:item
[09Jun2026 14:46:07.808] [modloading-worker-0/DEBUG] [com.tterrag.registrate.AbstractRegistrate/REGISTRATE.REGISTER]: Captured registration for entry chest_minecart_contraption of type minecraft:item
[09Jun2026 14:46:07.812] [modloading-worker-0/DEBUG] [com.tterrag.registrate.AbstractRegistrate/REGISTRATE.REGISTER]: Captured registration for entry linked_controller of type minecraft:item
[09Jun2026 14:46:07.816] [modloading-worker-0/DEBUG] [com.tterrag.registrate.AbstractRegistrate/REGISTRATE.REGISTER]: Captured registration for entry potato_cannon of type minecraft:item
[09Jun2026 14:46:07.819] [modloading-worker-0/DEBUG] [com.tterrag.registrate.AbstractRegistrate/REGISTRATE.REGISTER]: Captured registration for entry extendo_grip of type minecraft:item
[09Jun2026 14:46:07.822] [modloading-worker-0/DEBUG] [com.tterrag.registrate.AbstractRegistrate/REGISTRATE.REGISTER]: Captured registration for entry wand_of_symmetry of type minecraft:item
[09Jun2026 14:46:07.828] [modloading-worker-0/DEBUG] [com.tterrag.registrate.AbstractRegistrate/REGISTRATE.REGISTER]: Captured registration for entry handheld_worldshaper of type minecraft:item
[09Jun2026 14:46:07.831] [modloading-worker-0/DEBUG] [com.tterrag.registrate.AbstractRegistrate/REGISTRATE.REGISTER]: Captured registration for entry tree_fertilizer of type minecraft:item
[09Jun2026 14:46:07.834] [modloading-worker-0/DEBUG] [com.tterrag.registrate.AbstractRegistrate/REGISTRATE.REGISTER]: Captured registration for entry filter of type minecraft:item
[09Jun2026 14:46:07.835] [modloading-worker-0/DEBUG] [com.tterrag.registrate.AbstractRegistrate/REGISTRATE.REGISTER]: Captured registration for entry attribute_filter of type minecraft:item
[09Jun2026 14:46:07.836] [modloading-worker-0/DEBUG] [com.tterrag.registrate.AbstractRegistrate/REGISTRATE.REGISTER]: Captured registration for entry schedule of type minecraft:item
[09Jun2026 14:46:07.836] [modloading-worker-0/DEBUG] [com.tterrag.registrate.AbstractRegistrate/REGISTRATE.REGISTER]: Captured registration for entry empty_schematic of type minecraft:item
[09Jun2026 14:46:07.837] [modloading-worker-0/DEBUG] [com.tterrag.registrate.AbstractRegistrate/REGISTRATE.REGISTER]: Captured registration for entry schematic_and_quill of type minecraft:item
[09Jun2026 14:46:07.840] [modloading-worker-0/DEBUG] [com.tterrag.registrate.AbstractRegistrate/REGISTRATE.REGISTER]: Captured registration for entry schematic of type minecraft:item
[09Jun2026 14:46:07.841] [modloading-worker-0/DEBUG] [com.tterrag.registrate.AbstractRegistrate/REGISTRATE.REGISTER]: Captured registration for entry copper_backtank of type minecraft:block
[09Jun2026 14:46:07.841] [modloading-worker-0/DEBUG] [com.tterrag.registrate.AbstractRegistrate/REGISTRATE.REGISTER]: Captured registration for entry netherite_backtank of type minecraft:block
[09Jun2026 14:46:07.843] [modloading-worker-0/DEBUG] [com.tterrag.registrate.AbstractRegistrate/REGISTRATE.REGISTER]: Captured registration for entry peculiar_bell of type minecraft:item
[09Jun2026 14:46:07.844] [modloading-worker-0/DEBUG] [com.tterrag.registrate.AbstractRegistrate/REGISTRATE.REGISTER]: Captured registration for entry peculiar_bell of type minecraft:block
[09Jun2026 14:46:07.845] [modloading-worker-0/DEBUG] [com.tterrag.registrate.AbstractRegistrate/REGISTRATE.REGISTER]: Captured registration for entry haunted_bell of type minecraft:item
[09Jun2026 14:46:07.845] [modloading-worker-0/DEBUG] [com.tterrag.registrate.AbstractRegistrate/REGISTRATE.REGISTER]: Captured registration for entry haunted_bell of type minecraft:block
[09Jun2026 14:46:07.847] [modloading-worker-0/DEBUG] [com.tterrag.registrate.AbstractRegistrate/REGISTRATE.REGISTER]: Captured registration for entry white_toolbox of type minecraft:item
[09Jun2026 14:46:07.847] [modloading-worker-0/DEBUG] [com.tterrag.registrate.AbstractRegistrate/REGISTRATE.REGISTER]: Captured registration for entry white_toolbox of type minecraft:block
[09Jun2026 14:46:07.847] [modloading-worker-0/DEBUG] [com.tterrag.registrate.AbstractRegistrate/REGISTRATE.REGISTER]: Captured registration for entry orange_toolbox of type minecraft:item
[09Jun2026 14:46:07.847] [modloading-worker-0/DEBUG] [com.tterrag.registrate.AbstractRegistrate/REGISTRATE.REGISTER]: Captured registration for entry orange_toolbox of type minecraft:block
[09Jun2026 14:46:07.847] [modloading-worker-0/DEBUG] [com.tterrag.registrate.AbstractRegistrate/REGISTRATE.REGISTER]: Captured registration for entry magenta_toolbox of type minecraft:item
[09Jun2026 14:46:07.847] [modloading-worker-0/DEBUG] [com.tterrag.registrate.AbstractRegistrate/REGISTRATE.REGISTER]: Captured registration for entry magenta_toolbox of type minecraft:block
[09Jun2026 14:46:07.847] [modloading-worker-0/DEBUG] [com.tterrag.registrate.AbstractRegistrate/REGISTRATE.REGISTER]: Captured registration for entry light_blue_toolbox of type minecraft:item
[09Jun2026 14:46:07.847] [modloading-worker-0/DEBUG] [com.tterrag.registrate.AbstractRegistrate/REGISTRATE.REGISTER]: Captured registration for entry light_blue_toolbox of type minecraft:block
[09Jun2026 14:46:07.848] [modloading-worker-0/DEBUG] [com.tterrag.registrate.AbstractRegistrate/REGISTRATE.REGISTER]: Captured registration for entry yellow_toolbox of type minecraft:item
[09Jun2026 14:46:07.848] [modloading-worker-0/DEBUG] [com.tterrag.registrate.AbstractRegistrate/REGISTRATE.REGISTER]: Captured registration for entry yellow_toolbox of type minecraft:block
[09Jun2026 14:46:07.848] [modloading-worker-0/DEBUG] [com.tterrag.registrate.AbstractRegistrate/REGISTRATE.REGISTER]: Captured registration for entry lime_toolbox of type minecraft:item
[09Jun2026 14:46:07.848] [modloading-worker-0/DEBUG] [com.tterrag.registrate.AbstractRegistrate/REGISTRATE.REGISTER]: Captured registration for entry lime_toolbox of type minecraft:block
[09Jun2026 14:46:07.848] [modloading-worker-0/DEBUG] [com.tterrag.registrate.AbstractRegistrate/REGISTRATE.REGISTER]: Captured registration for entry pink_toolbox of type minecraft:item
[09Jun2026 14:46:07.848] [modloading-worker-0/DEBUG] [com.tterrag.registrate.AbstractRegistrate/REGISTRATE.REGISTER]: Captured registration for entry pink_toolbox of type minecraft:block
[09Jun2026 14:46:07.848] [modloading-worker-0/DEBUG] [com.tterrag.registrate.AbstractRegistrate/REGISTRATE.REGISTER]: Captured registration for entry gray_toolbox of type minecraft:item
[09Jun2026 14:46:07.848] [modloading-worker-0/DEBUG] [com.tterrag.registrate.AbstractRegistrate/REGISTRATE.REGISTER]: Captured registration for entry gray_toolbox of type minecraft:block
[09Jun2026 14:46:07.849] [modloading-worker-0/DEBUG] [com.tterrag.registrate.AbstractRegistrate/REGISTRATE.REGISTER]: Captured registration for entry light_gray_toolbox of type minecraft:item
[09Jun2026 14:46:07.849] [modloading-worker-0/DEBUG] [com.tterrag.registrate.AbstractRegistrate/REGISTRATE.REGISTER]: Captured registration for entry light_gray_toolbox of type minecraft:block
[09Jun2026 14:46:07.849] [modloading-worker-0/DEBUG] [com.tterrag.registrate.AbstractRegistrate/REGISTRATE.REGISTER]: Captured registration for entry cyan_toolbox of type minecraft:item
[09Jun2026 14:46:07.849] [modloading-worker-0/DEBUG] [com.tterrag.registrate.AbstractRegistrate/REGISTRATE.REGISTER]: Captured registration for entry cyan_toolbox of type minecraft:block
[09Jun2026 14:46:07.849] [modloading-worker-0/DEBUG] [com.tterrag.registrate.AbstractRegistrate/REGISTRATE.REGISTER]: Captured registration for entry purple_toolbox of type minecraft:item
[09Jun2026 14:46:07.849] [modloading-worker-0/DEBUG] [com.tterrag.registrate.AbstractRegistrate/REGISTRATE.REGISTER]: Captured registration for entry purple_toolbox of type minecraft:block
[09Jun2026 14:46:07.849] [modloading-worker-0/DEBUG] [com.tterrag.registrate.AbstractRegistrate/REGISTRATE.REGISTER]: Captured registration for entry blue_toolbox of type minecraft:item
[09Jun2026 14:46:07.849] [modloading-worker-0/DEBUG] [com.tterrag.registrate.AbstractRegistrate/REGISTRATE.REGISTER]: Captured registration for entry blue_toolbox of type minecraft:block
[09Jun2026 14:46:07.849] [modloading-worker-0/DEBUG] [com.tterrag.registrate.AbstractRegistrate/REGISTRATE.REGISTER]: Captured registration for entry brown_toolbox of type minecraft:item
[09Jun2026 14:46:07.849] [modloading-worker-0/DEBUG] [com.tterrag.registrate.AbstractRegistrate/REGISTRATE.REGISTER]: Captured registration for entry brown_toolbox of type minecraft:block
[09Jun2026 14:46:07.850] [modloading-worker-0/DEBUG] [com.tterrag.registrate.AbstractRegistrate/REGISTRATE.REGISTER]: Captured registration for entry green_toolbox of type minecraft:item
[09Jun2026 14:46:07.850] [modloading-worker-0/DEBUG] [com.tterrag.registrate.AbstractRegistrate/REGISTRATE.REGISTER]: Captured registration for entry green_toolbox of type minecraft:block
[09Jun2026 14:46:07.850] [modloading-worker-0/DEBUG] [com.tterrag.registrate.AbstractRegistrate/REGISTRATE.REGISTER]: Captured registration for entry red_toolbox of type minecraft:item
[09Jun2026 14:46:07.850] [modloading-worker-0/DEBUG] [com.tterrag.registrate.AbstractRegistrate/REGISTRATE.REGISTER]: Captured registration for entry red_toolbox of type minecraft:block
[09Jun2026 14:46:07.850] [modloading-worker-0/DEBUG] [com.tterrag.registrate.AbstractRegistrate/REGISTRATE.REGISTER]: Captured registration for entry black_toolbox of type minecraft:item
[09Jun2026 14:46:07.850] [modloading-worker-0/DEBUG] [com.tterrag.registrate.AbstractRegistrate/REGISTRATE.REGISTER]: Captured registration for entry black_toolbox of type minecraft:block
[09Jun2026 14:46:07.854] [modloading-worker-0/DEBUG] [com.tterrag.registrate.AbstractRegistrate/REGISTRATE.REGISTER]: Captured registration for entry clipboard of type minecraft:item
[09Jun2026 14:46:07.854] [modloading-worker-0/DEBUG] [com.tterrag.registrate.AbstractRegistrate/REGISTRATE.REGISTER]: Captured registration for entry clipboard of type minecraft:block
[09Jun2026 14:46:07.857] [modloading-worker-0/DEBUG] [com.tterrag.registrate.AbstractRegistrate/REGISTRATE.REGISTER]: Captured registration for entry andesite_ladder of type minecraft:item
[09Jun2026 14:46:07.857] [modloading-worker-0/DEBUG] [com.tterrag.registrate.AbstractRegistrate/REGISTRATE.REGISTER]: Captured registration for entry andesite_ladder of type minecraft:block
[09Jun2026 14:46:07.858] [modloading-worker-0/DEBUG] [com.tterrag.registrate.AbstractRegistrate/REGISTRATE.REGISTER]: Captured registration for entry brass_ladder of type minecraft:item
[09Jun2026 14:46:07.858] [modloading-worker-0/DEBUG] [com.tterrag.registrate.AbstractRegistrate/REGISTRATE.REGISTER]: Captured registration for entry brass_ladder of type minecraft:block
[09Jun2026 14:46:07.858] [modloading-worker-0/DEBUG] [com.tterrag.registrate.AbstractRegistrate/REGISTRATE.REGISTER]: Captured registration for entry copper_ladder of type minecraft:item
[09Jun2026 14:46:07.858] [modloading-worker-0/DEBUG] [com.tterrag.registrate.AbstractRegistrate/REGISTRATE.REGISTER]: Captured registration for entry copper_ladder of type minecraft:block
[09Jun2026 14:46:07.860] [modloading-worker-0/DEBUG] [com.tterrag.registrate.AbstractRegistrate/REGISTRATE.REGISTER]: Captured registration for entry andesite_bars of type minecraft:item
[09Jun2026 14:46:07.860] [modloading-worker-0/DEBUG] [com.tterrag.registrate.AbstractRegistrate/REGISTRATE.REGISTER]: Captured registration for entry andesite_bars of type minecraft:block
[09Jun2026 14:46:07.860] [modloading-worker-0/DEBUG] [com.tterrag.registrate.AbstractRegistrate/REGISTRATE.REGISTER]: Captured registration for entry brass_bars of type minecraft:item
[09Jun2026 14:46:07.860] [modloading-worker-0/DEBUG] [com.tterrag.registrate.AbstractRegistrate/REGISTRATE.REGISTER]: Captured registration for entry brass_bars of type minecraft:block
[09Jun2026 14:46:07.860] [modloading-worker-0/DEBUG] [com.tterrag.registrate.AbstractRegistrate/REGISTRATE.REGISTER]: Captured registration for entry copper_bars of type minecraft:item
[09Jun2026 14:46:07.860] [modloading-worker-0/DEBUG] [com.tterrag.registrate.AbstractRegistrate/REGISTRATE.REGISTER]: Captured registration for entry copper_bars of type minecraft:block
[09Jun2026 14:46:07.872] [modloading-worker-0/DEBUG] [com.tterrag.registrate.AbstractRegistrate/REGISTRATE.REGISTER]: Captured registration for entry andesite_scaffolding of type minecraft:item
[09Jun2026 14:46:07.872] [modloading-worker-0/DEBUG] [com.tterrag.registrate.AbstractRegistrate/REGISTRATE.REGISTER]: Captured registration for entry andesite_scaffolding of type minecraft:block
[09Jun2026 14:46:07.872] [modloading-worker-0/DEBUG] [com.tterrag.registrate.AbstractRegistrate/REGISTRATE.REGISTER]: Captured registration for entry brass_scaffolding of type minecraft:item
[09Jun2026 14:46:07.872] [modloading-worker-0/DEBUG] [com.tterrag.registrate.AbstractRegistrate/REGISTRATE.REGISTER]: Captured registration for entry brass_scaffolding of type minecraft:block
[09Jun2026 14:46:07.873] [modloading-worker-0/DEBUG] [com.tterrag.registrate.AbstractRegistrate/REGISTRATE.REGISTER]: Captured registration for entry copper_scaffolding of type minecraft:item
[09Jun2026 14:46:07.873] [modloading-worker-0/DEBUG] [com.tterrag.registrate.AbstractRegistrate/REGISTRATE.REGISTER]: Captured registration for entry copper_scaffolding of type minecraft:block
[09Jun2026 14:46:07.874] [modloading-worker-0/DEBUG] [com.tterrag.registrate.AbstractRegistrate/REGISTRATE.REGISTER]: Captured registration for entry metal_girder of type minecraft:item
[09Jun2026 14:46:07.875] [modloading-worker-0/DEBUG] [com.tterrag.registrate.AbstractRegistrate/REGISTRATE.REGISTER]: Captured registration for entry metal_girder of type minecraft:block
[09Jun2026 14:46:07.876] [modloading-worker-0/DEBUG] [com.tterrag.registrate.AbstractRegistrate/REGISTRATE.REGISTER]: Captured registration for entry metal_girder_encased_shaft of type minecraft:block
[09Jun2026 14:46:07.877] [modloading-worker-0/DEBUG] [com.tterrag.registrate.AbstractRegistrate/REGISTRATE.REGISTER]: Captured registration for entry copycat_base of type minecraft:block
[09Jun2026 14:46:07.883] [modloading-worker-0/DEBUG] [com.tterrag.registrate.AbstractRegistrate/REGISTRATE.REGISTER]: Captured registration for entry copycat_step of type minecraft:item
[09Jun2026 14:46:07.883] [modloading-worker-0/DEBUG] [com.tterrag.registrate.AbstractRegistrate/REGISTRATE.REGISTER]: Captured registration for entry copycat_step of type minecraft:block
[09Jun2026 14:46:07.885] [modloading-worker-0/DEBUG] [com.tterrag.registrate.AbstractRegistrate/REGISTRATE.REGISTER]: Captured registration for entry copycat_panel of type minecraft:item
[09Jun2026 14:46:07.885] [modloading-worker-0/DEBUG] [com.tterrag.registrate.AbstractRegistrate/REGISTRATE.REGISTER]: Captured registration for entry copycat_panel of type minecraft:block
[09Jun2026 14:46:07.886] [modloading-worker-0/DEBUG] [com.tterrag.registrate.AbstractRegistrate/REGISTRATE.REGISTER]: Captured registration for entry copycat_bars of type minecraft:block
[09Jun2026 14:46:07.889] [modloading-worker-0/DEBUG] [com.tterrag.registrate.AbstractRegistrate/REGISTRATE.REGISTER]: Captured registration for entry white_seat of type minecraft:item
[09Jun2026 14:46:07.889] [modloading-worker-0/DEBUG] [com.tterrag.registrate.AbstractRegistrate/REGISTRATE.REGISTER]: Captured registration for entry white_seat of type minecraft:block
[09Jun2026 14:46:07.889] [modloading-worker-0/DEBUG] [com.tterrag.registrate.AbstractRegistrate/REGISTRATE.REGISTER]: Captured registration for entry orange_seat of type minecraft:item
[09Jun2026 14:46:07.889] [modloading-worker-0/DEBUG] [com.tterrag.registrate.AbstractRegistrate/REGISTRATE.REGISTER]: Captured registration for entry orange_seat of type minecraft:block
[09Jun2026 14:46:07.889] [modloading-worker-0/DEBUG] [com.tterrag.registrate.AbstractRegistrate/REGISTRATE.REGISTER]: Captured registration for entry magenta_seat of type minecraft:item
[09Jun2026 14:46:07.889] [modloading-worker-0/DEBUG] [com.tterrag.registrate.AbstractRegistrate/REGISTRATE.REGISTER]: Captured registration for entry magenta_seat of type minecraft:block
[09Jun2026 14:46:07.889] [modloading-worker-0/DEBUG] [com.tterrag.registrate.AbstractRegistrate/REGISTRATE.REGISTER]: Captured registration for entry light_blue_seat of type minecraft:item
[09Jun2026 14:46:07.889] [modloading-worker-0/DEBUG] [com.tterrag.registrate.AbstractRegistrate/REGISTRATE.REGISTER]: Captured registration for entry light_blue_seat of type minecraft:block
[09Jun2026 14:46:07.889] [modloading-worker-0/DEBUG] [com.tterrag.registrate.AbstractRegistrate/REGISTRATE.REGISTER]: Captured registration for entry yellow_seat of type minecraft:item
[09Jun2026 14:46:07.889] [modloading-worker-0/DEBUG] [com.tterrag.registrate.AbstractRegistrate/REGISTRATE.REGISTER]: Captured registration for entry yellow_seat of type minecraft:block
[09Jun2026 14:46:07.889] [modloading-worker-0/DEBUG] [com.tterrag.registrate.AbstractRegistrate/REGISTRATE.REGISTER]: Captured registration for entry lime_seat of type minecraft:item
[09Jun2026 14:46:07.890] [modloading-worker-0/DEBUG] [com.tterrag.registrate.AbstractRegistrate/REGISTRATE.REGISTER]: Captured registration for entry lime_seat of type minecraft:block
[09Jun2026 14:46:07.890] [modloading-worker-0/DEBUG] [com.tterrag.registrate.AbstractRegistrate/REGISTRATE.REGISTER]: Captured registration for entry pink_seat of type minecraft:item
[09Jun2026 14:46:07.890] [modloading-worker-0/DEBUG] [com.tterrag.registrate.AbstractRegistrate/REGISTRATE.REGISTER]: Captured registration for entry pink_seat of type minecraft:block
[09Jun2026 14:46:07.890] [modloading-worker-0/DEBUG] [com.tterrag.registrate.AbstractRegistrate/REGISTRATE.REGISTER]: Captured registration for entry gray_seat of type minecraft:item
[09Jun2026 14:46:07.890] [modloading-worker-0/DEBUG] [com.tterrag.registrate.AbstractRegistrate/REGISTRATE.REGISTER]: Captured registration for entry gray_seat of type minecraft:block
[09Jun2026 14:46:07.890] [modloading-worker-0/DEBUG] [com.tterrag.registrate.AbstractRegistrate/REGISTRATE.REGISTER]: Captured registration for entry light_gray_seat of type minecraft:item
[09Jun2026 14:46:07.890] [modloading-worker-0/DEBUG] [com.tterrag.registrate.AbstractRegistrate/REGISTRATE.REGISTER]: Captured registration for entry light_gray_seat of type minecraft:block
[09Jun2026 14:46:07.890] [modloading-worker-0/DEBUG] [com.tterrag.registrate.AbstractRegistrate/REGISTRATE.REGISTER]: Captured registration for entry cyan_seat of type minecraft:item
[09Jun2026 14:46:07.890] [modloading-worker-0/DEBUG] [com.tterrag.registrate.AbstractRegistrate/REGISTRATE.REGISTER]: Captured registration for entry cyan_seat of type minecraft:block
[09Jun2026 14:46:07.890] [modloading-worker-0/DEBUG] [com.tterrag.registrate.AbstractRegistrate/REGISTRATE.REGISTER]: Captured registration for entry purple_seat of type minecraft:item
[09Jun2026 14:46:07.890] [modloading-worker-0/DEBUG] [com.tterrag.registrate.AbstractRegistrate/REGISTRATE.REGISTER]: Captured registration for entry purple_seat of type minecraft:block
[09Jun2026 14:46:07.890] [modloading-worker-0/DEBUG] [com.tterrag.registrate.AbstractRegistrate/REGISTRATE.REGISTER]: Captured registration for entry blue_seat of type minecraft:item
[09Jun2026 14:46:07.890] [modloading-worker-0/DEBUG] [com.tterrag.registrate.AbstractRegistrate/REGISTRATE.REGISTER]: Captured registration for entry blue_seat of type minecraft:block
[09Jun2026 14:46:07.890] [modloading-worker-0/DEBUG] [com.tterrag.registrate.AbstractRegistrate/REGISTRATE.REGISTER]: Captured registration for entry brown_seat of type minecraft:item
[09Jun2026 14:46:07.890] [modloading-worker-0/DEBUG] [com.tterrag.registrate.AbstractRegistrate/REGISTRATE.REGISTER]: Captured registration for entry brown_seat of type minecraft:block
[09Jun2026 14:46:07.891] [modloading-worker-0/DEBUG] [com.tterrag.registrate.AbstractRegistrate/REGISTRATE.REGISTER]: Captured registration for entry green_seat of type minecraft:item
[09Jun2026 14:46:07.891] [modloading-worker-0/DEBUG] [com.tterrag.registrate.AbstractRegistrate/REGISTRATE.REGISTER]: Captured registration for entry green_seat of type minecraft:block
[09Jun2026 14:46:07.891] [modloading-worker-0/DEBUG] [com.tterrag.registrate.AbstractRegistrate/REGISTRATE.REGISTER]: Captured registration for entry red_seat of type minecraft:item
[09Jun2026 14:46:07.891] [modloading-worker-0/DEBUG] [com.tterrag.registrate.AbstractRegistrate/REGISTRATE.REGISTER]: Captured registration for entry red_seat of type minecraft:block
[09Jun2026 14:46:07.891] [modloading-worker-0/DEBUG] [com.tterrag.registrate.AbstractRegistrate/REGISTRATE.REGISTER]: Captured registration for entry black_seat of type minecraft:item
[09Jun2026 14:46:07.891] [modloading-worker-0/DEBUG] [com.tterrag.registrate.AbstractRegistrate/REGISTRATE.REGISTER]: Captured registration for entry black_seat of type minecraft:block
[09Jun2026 14:46:07.893] [modloading-worker-0/DEBUG] [com.tterrag.registrate.AbstractRegistrate/REGISTRATE.REGISTER]: Captured registration for entry andesite_door of type minecraft:item
[09Jun2026 14:46:07.893] [modloading-worker-0/DEBUG] [com.tterrag.registrate.AbstractRegistrate/REGISTRATE.REGISTER]: Captured registration for entry andesite_door of type minecraft:block
[09Jun2026 14:46:07.894] [modloading-worker-0/DEBUG] [com.tterrag.registrate.AbstractRegistrate/REGISTRATE.REGISTER]: Captured registration for entry brass_door of type minecraft:item
[09Jun2026 14:46:07.894] [modloading-worker-0/DEBUG] [com.tterrag.registrate.AbstractRegistrate/REGISTRATE.REGISTER]: Captured registration for entry brass_door of type minecraft:block
[09Jun2026 14:46:07.894] [modloading-worker-0/DEBUG] [com.tterrag.registrate.AbstractRegistrate/REGISTRATE.REGISTER]: Captured registration for entry copper_door of type minecraft:item
[09Jun2026 14:46:07.894] [modloading-worker-0/DEBUG] [com.tterrag.registrate.AbstractRegistrate/REGISTRATE.REGISTER]: Captured registration for entry copper_door of type minecraft:block
[09Jun2026 14:46:07.895] [modloading-worker-0/DEBUG] [com.tterrag.registrate.AbstractRegistrate/REGISTRATE.REGISTER]: Captured registration for entry train_door of type minecraft:item
[09Jun2026 14:46:07.895] [modloading-worker-0/DEBUG] [com.tterrag.registrate.AbstractRegistrate/REGISTRATE.REGISTER]: Captured registration for entry train_door of type minecraft:block
[09Jun2026 14:46:07.896] [modloading-worker-0/DEBUG] [com.tterrag.registrate.AbstractRegistrate/REGISTRATE.REGISTER]: Captured registration for entry train_trapdoor of type minecraft:item
[09Jun2026 14:46:07.896] [modloading-worker-0/DEBUG] [com.tterrag.registrate.AbstractRegistrate/REGISTRATE.REGISTER]: Captured registration for entry train_trapdoor of type minecraft:block
[09Jun2026 14:46:07.897] [modloading-worker-0/DEBUG] [com.tterrag.registrate.AbstractRegistrate/REGISTRATE.REGISTER]: Captured registration for entry framed_glass_door of type minecraft:item
[09Jun2026 14:46:07.897] [modloading-worker-0/DEBUG] [com.tterrag.registrate.AbstractRegistrate/REGISTRATE.REGISTER]: Captured registration for entry framed_glass_door of type minecraft:block
[09Jun2026 14:46:07.897] [modloading-worker-0/DEBUG] [com.tterrag.registrate.AbstractRegistrate/REGISTRATE.REGISTER]: Captured registration for entry framed_glass_trapdoor of type minecraft:item
[09Jun2026 14:46:07.898] [modloading-worker-0/DEBUG] [com.tterrag.registrate.AbstractRegistrate/REGISTRATE.REGISTER]: Captured registration for entry framed_glass_trapdoor of type minecraft:block
[09Jun2026 14:46:07.898] [modloading-worker-0/DEBUG] [com.tterrag.registrate.AbstractRegistrate/REGISTRATE.REGISTER]: Captured registration for entry zinc_ore of type minecraft:item
[09Jun2026 14:46:07.899] [modloading-worker-0/DEBUG] [com.tterrag.registrate.AbstractRegistrate/REGISTRATE.REGISTER]: Captured registration for entry zinc_ore of type minecraft:block
[09Jun2026 14:46:07.899] [modloading-worker-0/DEBUG] [com.tterrag.registrate.AbstractRegistrate/REGISTRATE.REGISTER]: Captured registration for entry deepslate_zinc_ore of type minecraft:item
[09Jun2026 14:46:07.899] [modloading-worker-0/DEBUG] [com.tterrag.registrate.AbstractRegistrate/REGISTRATE.REGISTER]: Captured registration for entry deepslate_zinc_ore of type minecraft:block
[09Jun2026 14:46:07.900] [modloading-worker-0/DEBUG] [com.tterrag.registrate.AbstractRegistrate/REGISTRATE.REGISTER]: Captured registration for entry raw_zinc_block of type minecraft:item
[09Jun2026 14:46:07.900] [modloading-worker-0/DEBUG] [com.tterrag.registrate.AbstractRegistrate/REGISTRATE.REGISTER]: Captured registration for entry raw_zinc_block of type minecraft:block
[09Jun2026 14:46:07.900] [modloading-worker-0/DEBUG] [com.tterrag.registrate.AbstractRegistrate/REGISTRATE.REGISTER]: Captured registration for entry zinc_block of type minecraft:item
[09Jun2026 14:46:07.900] [modloading-worker-0/DEBUG] [com.tterrag.registrate.AbstractRegistrate/REGISTRATE.REGISTER]: Captured registration for entry zinc_block of type minecraft:block
[09Jun2026 14:46:07.901] [modloading-worker-0/DEBUG] [com.tterrag.registrate.AbstractRegistrate/REGISTRATE.REGISTER]: Captured registration for entry andesite_alloy_block of type minecraft:item
[09Jun2026 14:46:07.901] [modloading-worker-0/DEBUG] [com.tterrag.registrate.AbstractRegistrate/REGISTRATE.REGISTER]: Captured registration for entry andesite_alloy_block of type minecraft:block
[09Jun2026 14:46:07.902] [modloading-worker-0/DEBUG] [com.tterrag.registrate.AbstractRegistrate/REGISTRATE.REGISTER]: Captured registration for entry industrial_iron_block of type minecraft:item
[09Jun2026 14:46:07.902] [modloading-worker-0/DEBUG] [com.tterrag.registrate.AbstractRegistrate/REGISTRATE.REGISTER]: Captured registration for entry industrial_iron_block of type minecraft:block
[09Jun2026 14:46:07.902] [modloading-worker-0/DEBUG] [com.tterrag.registrate.AbstractRegistrate/REGISTRATE.REGISTER]: Captured registration for entry brass_block of type minecraft:item
[09Jun2026 14:46:07.902] [modloading-worker-0/DEBUG] [com.tterrag.registrate.AbstractRegistrate/REGISTRATE.REGISTER]: Captured registration for entry brass_block of type minecraft:block
[09Jun2026 14:46:07.904] [modloading-worker-0/DEBUG] [com.tterrag.registrate.AbstractRegistrate/REGISTRATE.REGISTER]: Captured registration for entry experience_block of type minecraft:item
[09Jun2026 14:46:07.904] [modloading-worker-0/DEBUG] [com.tterrag.registrate.AbstractRegistrate/REGISTRATE.REGISTER]: Captured registration for entry experience_block of type minecraft:block
[09Jun2026 14:46:07.904] [modloading-worker-0/DEBUG] [com.tterrag.registrate.AbstractRegistrate/REGISTRATE.REGISTER]: Captured registration for entry rose_quartz_block of type minecraft:item
[09Jun2026 14:46:07.904] [modloading-worker-0/DEBUG] [com.tterrag.registrate.AbstractRegistrate/REGISTRATE.REGISTER]: Captured registration for entry rose_quartz_block of type minecraft:block
[09Jun2026 14:46:07.905] [modloading-worker-0/DEBUG] [com.tterrag.registrate.AbstractRegistrate/REGISTRATE.REGISTER]: Captured registration for entry rose_quartz_tiles of type minecraft:item
[09Jun2026 14:46:07.905] [modloading-worker-0/DEBUG] [com.tterrag.registrate.AbstractRegistrate/REGISTRATE.REGISTER]: Captured registration for entry rose_quartz_tiles of type minecraft:block
[09Jun2026 14:46:07.906] [modloading-worker-0/DEBUG] [com.tterrag.registrate.AbstractRegistrate/REGISTRATE.REGISTER]: Captured registration for entry small_rose_quartz_tiles of type minecraft:item
[09Jun2026 14:46:07.906] [modloading-worker-0/DEBUG] [com.tterrag.registrate.AbstractRegistrate/REGISTRATE.REGISTER]: Captured registration for entry small_rose_quartz_tiles of type minecraft:block
[09Jun2026 14:46:07.910] [modloading-worker-0/DEBUG] [com.tterrag.registrate.AbstractRegistrate/REGISTRATE.REGISTER]: Captured registration for entry copper_shingles of type minecraft:item
[09Jun2026 14:46:07.911] [modloading-worker-0/DEBUG] [com.tterrag.registrate.AbstractRegistrate/REGISTRATE.REGISTER]: Captured registration for entry copper_shingles of type minecraft:block
[09Jun2026 14:46:07.911] [modloading-worker-0/DEBUG] [com.tterrag.registrate.AbstractRegistrate/REGISTRATE.REGISTER]: Captured registration for entry exposed_copper_shingles of type minecraft:item
[09Jun2026 14:46:07.911] [modloading-worker-0/DEBUG] [com.tterrag.registrate.AbstractRegistrate/REGISTRATE.REGISTER]: Captured registration for entry exposed_copper_shingles of type minecraft:block
[09Jun2026 14:46:07.912] [modloading-worker-0/DEBUG] [com.tterrag.registrate.AbstractRegistrate/REGISTRATE.REGISTER]: Captured registration for entry weathered_copper_shingles of type minecraft:item
[09Jun2026 14:46:07.912] [modloading-worker-0/DEBUG] [com.tterrag.registrate.AbstractRegistrate/REGISTRATE.REGISTER]: Captured registration for entry weathered_copper_shingles of type minecraft:block
[09Jun2026 14:46:07.912] [modloading-worker-0/DEBUG] [com.tterrag.registrate.AbstractRegistrate/REGISTRATE.REGISTER]: Captured registration for entry oxidized_copper_shingles of type minecraft:item
[09Jun2026 14:46:07.912] [modloading-worker-0/DEBUG] [com.tterrag.registrate.AbstractRegistrate/REGISTRATE.REGISTER]: Captured registration for entry oxidized_copper_shingles of type minecraft:block
[09Jun2026 14:46:07.912] [modloading-worker-0/DEBUG] [com.tterrag.registrate.AbstractRegistrate/REGISTRATE.REGISTER]: Captured registration for entry copper_shingle_slab of type minecraft:item
[09Jun2026 14:46:07.913] [modloading-worker-0/DEBUG] [com.tterrag.registrate.AbstractRegistrate/REGISTRATE.REGISTER]: Captured registration for entry copper_shingle_slab of type minecraft:block
[09Jun2026 14:46:07.913] [modloading-worker-0/DEBUG] [com.tterrag.registrate.AbstractRegistrate/REGISTRATE.REGISTER]: Captured registration for entry exposed_copper_shingle_slab of type minecraft:item
[09Jun2026 14:46:07.913] [modloading-worker-0/DEBUG] [com.tterrag.registrate.AbstractRegistrate/REGISTRATE.REGISTER]: Captured registration for entry exposed_copper_shingle_slab of type minecraft:block
[09Jun2026 14:46:07.913] [modloading-worker-0/DEBUG] [com.tterrag.registrate.AbstractRegistrate/REGISTRATE.REGISTER]: Captured registration for entry weathered_copper_shingle_slab of type minecraft:item
[09Jun2026 14:46:07.913] [modloading-worker-0/DEBUG] [com.tterrag.registrate.AbstractRegistrate/REGISTRATE.REGISTER]: Captured registration for entry weathered_copper_shingle_slab of type minecraft:block
[09Jun2026 14:46:07.913] [modloading-worker-0/DEBUG] [com.tterrag.registrate.AbstractRegistrate/REGISTRATE.REGISTER]: Captured registration for entry oxidized_copper_shingle_slab of type minecraft:item
[09Jun2026 14:46:07.913] [modloading-worker-0/DEBUG] [com.tterrag.registrate.AbstractRegistrate/REGISTRATE.REGISTER]: Captured registration for entry oxidized_copper_shingle_slab of type minecraft:block
[09Jun2026 14:46:07.913] [modloading-worker-0/DEBUG] [com.tterrag.registrate.AbstractRegistrate/REGISTRATE.REGISTER]: Captured registration for entry copper_shingle_stairs of type minecraft:item
[09Jun2026 14:46:07.913] [modloading-worker-0/DEBUG] [com.tterrag.registrate.AbstractRegistrate/REGISTRATE.REGISTER]: Captured registration for entry copper_shingle_stairs of type minecraft:block
[09Jun2026 14:46:07.914] [modloading-worker-0/DEBUG] [com.tterrag.registrate.AbstractRegistrate/REGISTRATE.REGISTER]: Captured registration for entry exposed_copper_shingle_stairs of type minecraft:item
[09Jun2026 14:46:07.914] [modloading-worker-0/DEBUG] [com.tterrag.registrate.AbstractRegistrate/REGISTRATE.REGISTER]: Captured registration for entry exposed_copper_shingle_stairs of type minecraft:block
[09Jun2026 14:46:07.914] [modloading-worker-0/DEBUG] [com.tterrag.registrate.AbstractRegistrate/REGISTRATE.REGISTER]: Captured registration for entry weathered_copper_shingle_stairs of type minecraft:item
[09Jun2026 14:46:07.914] [modloading-worker-0/DEBUG] [com.tterrag.registrate.AbstractRegistrate/REGISTRATE.REGISTER]: Captured registration for entry weathered_copper_shingle_stairs of type minecraft:block
[09Jun2026 14:46:07.914] [modloading-worker-0/DEBUG] [com.tterrag.registrate.AbstractRegistrate/REGISTRATE.REGISTER]: Captured registration for entry oxidized_copper_shingle_stairs of type minecraft:item
[09Jun2026 14:46:07.914] [modloading-worker-0/DEBUG] [com.tterrag.registrate.AbstractRegistrate/REGISTRATE.REGISTER]: Captured registration for entry oxidized_copper_shingle_stairs of type minecraft:block
[09Jun2026 14:46:07.914] [modloading-worker-0/DEBUG] [com.tterrag.registrate.AbstractRegistrate/REGISTRATE.REGISTER]: Captured registration for entry waxed_copper_shingles of type minecraft:item
[09Jun2026 14:46:07.914] [modloading-worker-0/DEBUG] [com.tterrag.registrate.AbstractRegistrate/REGISTRATE.REGISTER]: Captured registration for entry waxed_copper_shingles of type minecraft:block
[09Jun2026 14:46:07.915] [modloading-worker-0/DEBUG] [com.tterrag.registrate.AbstractRegistrate/REGISTRATE.REGISTER]: Captured registration for entry waxed_exposed_copper_shingles of type minecraft:item
[09Jun2026 14:46:07.915] [modloading-worker-0/DEBUG] [com.tterrag.registrate.AbstractRegistrate/REGISTRATE.REGISTER]: Captured registration for entry waxed_exposed_copper_shingles of type minecraft:block
[09Jun2026 14:46:07.915] [modloading-worker-0/DEBUG] [com.tterrag.registrate.AbstractRegistrate/REGISTRATE.REGISTER]: Captured registration for entry waxed_weathered_copper_shingles of type minecraft:item
[09Jun2026 14:46:07.915] [modloading-worker-0/DEBUG] [com.tterrag.registrate.AbstractRegistrate/REGISTRATE.REGISTER]: Captured registration for entry waxed_weathered_copper_shingles of type minecraft:block
[09Jun2026 14:46:07.915] [modloading-worker-0/DEBUG] [com.tterrag.registrate.AbstractRegistrate/REGISTRATE.REGISTER]: Captured registration for entry waxed_oxidized_copper_shingles of type minecraft:item
[09Jun2026 14:46:07.915] [modloading-worker-0/DEBUG] [com.tterrag.registrate.AbstractRegistrate/REGISTRATE.REGISTER]: Captured registration for entry waxed_oxidized_copper_shingles of type minecraft:block
[09Jun2026 14:46:07.915] [modloading-worker-0/DEBUG] [com.tterrag.registrate.AbstractRegistrate/REGISTRATE.REGISTER]: Captured registration for entry waxed_copper_shingle_slab of type minecraft:item
[09Jun2026 14:46:07.915] [modloading-worker-0/DEBUG] [com.tterrag.registrate.AbstractRegistrate/REGISTRATE.REGISTER]: Captured registration for entry waxed_copper_shingle_slab of type minecraft:block
[09Jun2026 14:46:07.916] [modloading-worker-0/DEBUG] [com.tterrag.registrate.AbstractRegistrate/REGISTRATE.REGISTER]: Captured registration for entry waxed_exposed_copper_shingle_slab of type minecraft:item
[09Jun2026 14:46:07.916] [modloading-worker-0/DEBUG] [com.tterrag.registrate.AbstractRegistrate/REGISTRATE.REGISTER]: Captured registration for entry waxed_exposed_copper_shingle_slab of type minecraft:block
[09Jun2026 14:46:07.916] [modloading-worker-0/DEBUG] [com.tterrag.registrate.AbstractRegistrate/REGISTRATE.REGISTER]: Captured registration for entry waxed_weathered_copper_shingle_slab of type minecraft:item
[09Jun2026 14:46:07.916] [modloading-worker-0/DEBUG] [com.tterrag.registrate.AbstractRegistrate/REGISTRATE.REGISTER]: Captured registration for entry waxed_weathered_copper_shingle_slab of type minecraft:block
[09Jun2026 14:46:07.916] [modloading-worker-0/DEBUG] [com.tterrag.registrate.AbstractRegistrate/REGISTRATE.REGISTER]: Captured registration for entry waxed_oxidized_copper_shingle_slab of type minecraft:item
[09Jun2026 14:46:07.916] [modloading-worker-0/DEBUG] [com.tterrag.registrate.AbstractRegistrate/REGISTRATE.REGISTER]: Captured registration for entry waxed_oxidized_copper_shingle_slab of type minecraft:block
[09Jun2026 14:46:07.916] [modloading-worker-0/DEBUG] [com.tterrag.registrate.AbstractRegistrate/REGISTRATE.REGISTER]: Captured registration for entry waxed_copper_shingle_stairs of type minecraft:item
[09Jun2026 14:46:07.916] [modloading-worker-0/DEBUG] [com.tterrag.registrate.AbstractRegistrate/REGISTRATE.REGISTER]: Captured registration for entry waxed_copper_shingle_stairs of type minecraft:block
[09Jun2026 14:46:07.917] [modloading-worker-0/DEBUG] [com.tterrag.registrate.AbstractRegistrate/REGISTRATE.REGISTER]: Captured registration for entry waxed_exposed_copper_shingle_stairs of type minecraft:item
[09Jun2026 14:46:07.917] [modloading-worker-0/DEBUG] [com.tterrag.registrate.AbstractRegistrate/REGISTRATE.REGISTER]: Captured registration for entry waxed_exposed_copper_shingle_stairs of type minecraft:block
[09Jun2026 14:46:07.917] [modloading-worker-0/DEBUG] [com.tterrag.registrate.AbstractRegistrate/REGISTRATE.REGISTER]: Captured registration for entry waxed_weathered_copper_shingle_stairs of type minecraft:item
[09Jun2026 14:46:07.917] [modloading-worker-0/DEBUG] [com.tterrag.registrate.AbstractRegistrate/REGISTRATE.REGISTER]: Captured registration for entry waxed_weathered_copper_shingle_stairs of type minecraft:block
[09Jun2026 14:46:07.917] [modloading-worker-0/DEBUG] [com.tterrag.registrate.AbstractRegistrate/REGISTRATE.REGISTER]: Captured registration for entry waxed_oxidized_copper_shingle_stairs of type minecraft:item
[09Jun2026 14:46:07.917] [modloading-worker-0/DEBUG] [com.tterrag.registrate.AbstractRegistrate/REGISTRATE.REGISTER]: Captured registration for entry waxed_oxidized_copper_shingle_stairs of type minecraft:block
[09Jun2026 14:46:07.917] [modloading-worker-0/DEBUG] [com.tterrag.registrate.AbstractRegistrate/REGISTRATE.REGISTER]: Captured registration for entry copper_tiles of type minecraft:item
[09Jun2026 14:46:07.917] [modloading-worker-0/DEBUG] [com.tterrag.registrate.AbstractRegistrate/REGISTRATE.REGISTER]: Captured registration for entry copper_tiles of type minecraft:block
[09Jun2026 14:46:07.917] [modloading-worker-0/DEBUG] [com.tterrag.registrate.AbstractRegistrate/REGISTRATE.REGISTER]: Captured registration for entry exposed_copper_tiles of type minecraft:item
[09Jun2026 14:46:07.917] [modloading-worker-0/DEBUG] [com.tterrag.registrate.AbstractRegistrate/REGISTRATE.REGISTER]: Captured registration for entry exposed_copper_tiles of type minecraft:block
[09Jun2026 14:46:07.917] [modloading-worker-0/DEBUG] [com.tterrag.registrate.AbstractRegistrate/REGISTRATE.REGISTER]: Captured registration for entry weathered_copper_tiles of type minecraft:item
[09Jun2026 14:46:07.917] [modloading-worker-0/DEBUG] [com.tterrag.registrate.AbstractRegistrate/REGISTRATE.REGISTER]: Captured registration for entry weathered_copper_tiles of type minecraft:block
[09Jun2026 14:46:07.918] [modloading-worker-0/DEBUG] [com.tterrag.registrate.AbstractRegistrate/REGISTRATE.REGISTER]: Captured registration for entry oxidized_copper_tiles of type minecraft:item
[09Jun2026 14:46:07.918] [modloading-worker-0/DEBUG] [com.tterrag.registrate.AbstractRegistrate/REGISTRATE.REGISTER]: Captured registration for entry oxidized_copper_tiles of type minecraft:block
[09Jun2026 14:46:07.918] [modloading-worker-0/DEBUG] [com.tterrag.registrate.AbstractRegistrate/REGISTRATE.REGISTER]: Captured registration for entry copper_tile_slab of type minecraft:item
[09Jun2026 14:46:07.918] [modloading-worker-0/DEBUG] [com.tterrag.registrate.AbstractRegistrate/REGISTRATE.REGISTER]: Captured registration for entry copper_tile_slab of type minecraft:block
[09Jun2026 14:46:07.918] [modloading-worker-0/DEBUG] [com.tterrag.registrate.AbstractRegistrate/REGISTRATE.REGISTER]: Captured registration for entry exposed_copper_tile_slab of type minecraft:item
[09Jun2026 14:46:07.918] [modloading-worker-0/DEBUG] [com.tterrag.registrate.AbstractRegistrate/REGISTRATE.REGISTER]: Captured registration for entry exposed_copper_tile_slab of type minecraft:block
[09Jun2026 14:46:07.918] [modloading-worker-0/DEBUG] [com.tterrag.registrate.AbstractRegistrate/REGISTRATE.REGISTER]: Captured registration for entry weathered_copper_tile_slab of type minecraft:item
[09Jun2026 14:46:07.918] [modloading-worker-0/DEBUG] [com.tterrag.registrate.AbstractRegistrate/REGISTRATE.REGISTER]: Captured registration for entry weathered_copper_tile_slab of type minecraft:block
[09Jun2026 14:46:07.918] [modloading-worker-0/DEBUG] [com.tterrag.registrate.AbstractRegistrate/REGISTRATE.REGISTER]: Captured registration for entry oxidized_copper_tile_slab of type minecraft:item
[09Jun2026 14:46:07.918] [modloading-worker-0/DEBUG] [com.tterrag.registrate.AbstractRegistrate/REGISTRATE.REGISTER]: Captured registration for entry oxidized_copper_tile_slab of type minecraft:block
[09Jun2026 14:46:07.918] [modloading-worker-0/DEBUG] [com.tterrag.registrate.AbstractRegistrate/REGISTRATE.REGISTER]: Captured registration for entry copper_tile_stairs of type minecraft:item
[09Jun2026 14:46:07.918] [modloading-worker-0/DEBUG] [com.tterrag.registrate.AbstractRegistrate/REGISTRATE.REGISTER]: Captured registration for entry copper_tile_stairs of type minecraft:block
[09Jun2026 14:46:07.918] [modloading-worker-0/DEBUG] [com.tterrag.registrate.AbstractRegistrate/REGISTRATE.REGISTER]: Captured registration for entry exposed_copper_tile_stairs of type minecraft:item
[09Jun2026 14:46:07.918] [modloading-worker-0/DEBUG] [com.tterrag.registrate.AbstractRegistrate/REGISTRATE.REGISTER]: Captured registration for entry exposed_copper_tile_stairs of type minecraft:block
[09Jun2026 14:46:07.918] [modloading-worker-0/DEBUG] [com.tterrag.registrate.AbstractRegistrate/REGISTRATE.REGISTER]: Captured registration for entry weathered_copper_tile_stairs of type minecraft:item
[09Jun2026 14:46:07.918] [modloading-worker-0/DEBUG] [com.tterrag.registrate.AbstractRegistrate/REGISTRATE.REGISTER]: Captured registration for entry weathered_copper_tile_stairs of type minecraft:block
[09Jun2026 14:46:07.918] [modloading-worker-0/DEBUG] [com.tterrag.registrate.AbstractRegistrate/REGISTRATE.REGISTER]: Captured registration for entry oxidized_copper_tile_stairs of type minecraft:item
[09Jun2026 14:46:07.918] [modloading-worker-0/DEBUG] [com.tterrag.registrate.AbstractRegistrate/REGISTRATE.REGISTER]: Captured registration for entry oxidized_copper_tile_stairs of type minecraft:block
[09Jun2026 14:46:07.919] [modloading-worker-0/DEBUG] [com.tterrag.registrate.AbstractRegistrate/REGISTRATE.REGISTER]: Captured registration for entry waxed_copper_tiles of type minecraft:item
[09Jun2026 14:46:07.919] [modloading-worker-0/DEBUG] [com.tterrag.registrate.AbstractRegistrate/REGISTRATE.REGISTER]: Captured registration for entry waxed_copper_tiles of type minecraft:block
[09Jun2026 14:46:07.919] [modloading-worker-0/DEBUG] [com.tterrag.registrate.AbstractRegistrate/REGISTRATE.REGISTER]: Captured registration for entry waxed_exposed_copper_tiles of type minecraft:item
[09Jun2026 14:46:07.919] [modloading-worker-0/DEBUG] [com.tterrag.registrate.AbstractRegistrate/REGISTRATE.REGISTER]: Captured registration for entry waxed_exposed_copper_tiles of type minecraft:block
[09Jun2026 14:46:07.919] [modloading-worker-0/DEBUG] [com.tterrag.registrate.AbstractRegistrate/REGISTRATE.REGISTER]: Captured registration for entry waxed_weathered_copper_tiles of type minecraft:item
[09Jun2026 14:46:07.919] [modloading-worker-0/DEBUG] [com.tterrag.registrate.AbstractRegistrate/REGISTRATE.REGISTER]: Captured registration for entry waxed_weathered_copper_tiles of type minecraft:block
[09Jun2026 14:46:07.919] [modloading-worker-0/DEBUG] [com.tterrag.registrate.AbstractRegistrate/REGISTRATE.REGISTER]: Captured registration for entry waxed_oxidized_copper_tiles of type minecraft:item
[09Jun2026 14:46:07.919] [modloading-worker-0/DEBUG] [com.tterrag.registrate.AbstractRegistrate/REGISTRATE.REGISTER]: Captured registration for entry waxed_oxidized_copper_tiles of type minecraft:block
[09Jun2026 14:46:07.919] [modloading-worker-0/DEBUG] [com.tterrag.registrate.AbstractRegistrate/REGISTRATE.REGISTER]: Captured registration for entry waxed_copper_tile_slab of type minecraft:item
[09Jun2026 14:46:07.919] [modloading-worker-0/DEBUG] [com.tterrag.registrate.AbstractRegistrate/REGISTRATE.REGISTER]: Captured registration for entry waxed_copper_tile_slab of type minecraft:block
[09Jun2026 14:46:07.919] [modloading-worker-0/DEBUG] [com.tterrag.registrate.AbstractRegistrate/REGISTRATE.REGISTER]: Captured registration for entry waxed_exposed_copper_tile_slab of type minecraft:item
[09Jun2026 14:46:07.919] [modloading-worker-0/DEBUG] [com.tterrag.registrate.AbstractRegistrate/REGISTRATE.REGISTER]: Captured registration for entry waxed_exposed_copper_tile_slab of type minecraft:block
[09Jun2026 14:46:07.919] [modloading-worker-0/DEBUG] [com.tterrag.registrate.AbstractRegistrate/REGISTRATE.REGISTER]: Captured registration for entry waxed_weathered_copper_tile_slab of type minecraft:item
[09Jun2026 14:46:07.919] [modloading-worker-0/DEBUG] [com.tterrag.registrate.AbstractRegistrate/REGISTRATE.REGISTER]: Captured registration for entry waxed_weathered_copper_tile_slab of type minecraft:block
[09Jun2026 14:46:07.919] [modloading-worker-0/DEBUG] [com.tterrag.registrate.AbstractRegistrate/REGISTRATE.REGISTER]: Captured registration for entry waxed_oxidized_copper_tile_slab of type minecraft:item
[09Jun2026 14:46:07.920] [modloading-worker-0/DEBUG] [com.tterrag.registrate.AbstractRegistrate/REGISTRATE.REGISTER]: Captured registration for entry waxed_oxidized_copper_tile_slab of type minecraft:block
[09Jun2026 14:46:07.920] [modloading-worker-0/DEBUG] [com.tterrag.registrate.AbstractRegistrate/REGISTRATE.REGISTER]: Captured registration for entry waxed_copper_tile_stairs of type minecraft:item
[09Jun2026 14:46:07.920] [modloading-worker-0/DEBUG] [com.tterrag.registrate.AbstractRegistrate/REGISTRATE.REGISTER]: Captured registration for entry waxed_copper_tile_stairs of type minecraft:block
[09Jun2026 14:46:07.920] [modloading-worker-0/DEBUG] [com.tterrag.registrate.AbstractRegistrate/REGISTRATE.REGISTER]: Captured registration for entry waxed_exposed_copper_tile_stairs of type minecraft:item
[09Jun2026 14:46:07.920] [modloading-worker-0/DEBUG] [com.tterrag.registrate.AbstractRegistrate/REGISTRATE.REGISTER]: Captured registration for entry waxed_exposed_copper_tile_stairs of type minecraft:block
[09Jun2026 14:46:07.920] [modloading-worker-0/DEBUG] [com.tterrag.registrate.AbstractRegistrate/REGISTRATE.REGISTER]: Captured registration for entry waxed_weathered_copper_tile_stairs of type minecraft:item
[09Jun2026 14:46:07.920] [modloading-worker-0/DEBUG] [com.tterrag.registrate.AbstractRegistrate/REGISTRATE.REGISTER]: Captured registration for entry waxed_weathered_copper_tile_stairs of type minecraft:block
[09Jun2026 14:46:07.920] [modloading-worker-0/DEBUG] [com.tterrag.registrate.AbstractRegistrate/REGISTRATE.REGISTER]: Captured registration for entry waxed_oxidized_copper_tile_stairs of type minecraft:item
[09Jun2026 14:46:07.920] [modloading-worker-0/DEBUG] [com.tterrag.registrate.AbstractRegistrate/REGISTRATE.REGISTER]: Captured registration for entry waxed_oxidized_copper_tile_stairs of type minecraft:block
[09Jun2026 14:46:07.926] [modloading-worker-0/DEBUG] [com.tterrag.registrate.AbstractRegistrate/REGISTRATE.REGISTER]: Captured registration for entry potion of type forge:fluid_type
[09Jun2026 14:46:07.927] [modloading-worker-0/DEBUG] [com.tterrag.registrate.AbstractRegistrate/REGISTRATE.REGISTER]: Captured registration for entry potion of type minecraft:fluid
[09Jun2026 14:46:07.927] [modloading-worker-0/DEBUG] [com.tterrag.registrate.AbstractRegistrate/REGISTRATE.REGISTER]: Captured registration for entry flowing_potion of type minecraft:fluid
[09Jun2026 14:46:07.928] [modloading-worker-0/DEBUG] [com.tterrag.registrate.AbstractRegistrate/REGISTRATE.REGISTER]: Captured registration for entry tea of type forge:fluid_type
[09Jun2026 14:46:07.928] [modloading-worker-0/DEBUG] [com.tterrag.registrate.AbstractRegistrate/REGISTRATE.REGISTER]: Captured registration for entry tea of type minecraft:fluid
[09Jun2026 14:46:07.928] [modloading-worker-0/DEBUG] [com.tterrag.registrate.AbstractRegistrate/REGISTRATE.REGISTER]: Captured registration for entry flowing_tea of type minecraft:fluid
[09Jun2026 14:46:07.931] [modloading-worker-0/DEBUG] [com.tterrag.registrate.AbstractRegistrate/REGISTRATE.REGISTER]: Captured registration for entry honey_bucket of type minecraft:item
[09Jun2026 14:46:07.931] [modloading-worker-0/DEBUG] [com.tterrag.registrate.AbstractRegistrate/REGISTRATE.REGISTER]: Captured registration for entry honey of type forge:fluid_type
[09Jun2026 14:46:07.932] [modloading-worker-0/DEBUG] [com.tterrag.registrate.AbstractRegistrate/REGISTRATE.REGISTER]: Captured registration for entry honey of type minecraft:block
[09Jun2026 14:46:07.932] [modloading-worker-0/DEBUG] [com.tterrag.registrate.AbstractRegistrate/REGISTRATE.REGISTER]: Captured registration for entry honey of type minecraft:fluid
[09Jun2026 14:46:07.932] [modloading-worker-0/DEBUG] [com.tterrag.registrate.AbstractRegistrate/REGISTRATE.REGISTER]: Captured registration for entry flowing_honey of type minecraft:fluid
[09Jun2026 14:46:07.933] [modloading-worker-0/DEBUG] [com.tterrag.registrate.AbstractRegistrate/REGISTRATE.REGISTER]: Captured registration for entry chocolate of type forge:fluid_type
[09Jun2026 14:46:07.933] [modloading-worker-0/DEBUG] [com.tterrag.registrate.AbstractRegistrate/REGISTRATE.REGISTER]: Captured registration for entry chocolate of type minecraft:block
[09Jun2026 14:46:07.933] [modloading-worker-0/DEBUG] [com.tterrag.registrate.AbstractRegistrate/REGISTRATE.REGISTER]: Captured registration for entry chocolate_bucket of type minecraft:item
[09Jun2026 14:46:07.933] [modloading-worker-0/DEBUG] [com.tterrag.registrate.AbstractRegistrate/REGISTRATE.REGISTER]: Captured registration for entry chocolate of type minecraft:fluid
[09Jun2026 14:46:07.933] [modloading-worker-0/DEBUG] [com.tterrag.registrate.AbstractRegistrate/REGISTRATE.REGISTER]: Captured registration for entry flowing_chocolate of type minecraft:fluid
[09Jun2026 14:46:07.935] [modloading-worker-0/DEBUG] [com.tterrag.registrate.AbstractRegistrate/REGISTRATE.REGISTER]: Captured registration for entry tiled_glass of type minecraft:item
[09Jun2026 14:46:07.935] [modloading-worker-0/DEBUG] [com.tterrag.registrate.AbstractRegistrate/REGISTRATE.REGISTER]: Captured registration for entry tiled_glass of type minecraft:block
[09Jun2026 14:46:07.939] [modloading-worker-0/DEBUG] [com.tterrag.registrate.AbstractRegistrate/REGISTRATE.REGISTER]: Captured registration for entry framed_glass of type minecraft:item
[09Jun2026 14:46:07.939] [modloading-worker-0/DEBUG] [com.tterrag.registrate.AbstractRegistrate/REGISTRATE.REGISTER]: Captured registration for entry framed_glass of type minecraft:block
[09Jun2026 14:46:07.939] [modloading-worker-0/DEBUG] [com.tterrag.registrate.AbstractRegistrate/REGISTRATE.REGISTER]: Captured registration for entry horizontal_framed_glass of type minecraft:item
[09Jun2026 14:46:07.939] [modloading-worker-0/DEBUG] [com.tterrag.registrate.AbstractRegistrate/REGISTRATE.REGISTER]: Captured registration for entry horizontal_framed_glass of type minecraft:block
[09Jun2026 14:46:07.940] [modloading-worker-0/DEBUG] [com.tterrag.registrate.AbstractRegistrate/REGISTRATE.REGISTER]: Captured registration for entry vertical_framed_glass of type minecraft:item
[09Jun2026 14:46:07.940] [modloading-worker-0/DEBUG] [com.tterrag.registrate.AbstractRegistrate/REGISTRATE.REGISTER]: Captured registration for entry vertical_framed_glass of type minecraft:block
[09Jun2026 14:46:07.941] [modloading-worker-0/DEBUG] [com.tterrag.registrate.AbstractRegistrate/REGISTRATE.REGISTER]: Captured registration for entry tiled_glass_pane of type minecraft:item
[09Jun2026 14:46:07.942] [modloading-worker-0/DEBUG] [com.tterrag.registrate.AbstractRegistrate/REGISTRATE.REGISTER]: Captured registration for entry tiled_glass_pane of type minecraft:block
[09Jun2026 14:46:07.943] [modloading-worker-0/DEBUG] [com.tterrag.registrate.AbstractRegistrate/REGISTRATE.REGISTER]: Captured registration for entry framed_glass_pane of type minecraft:item
[09Jun2026 14:46:07.944] [modloading-worker-0/DEBUG] [com.tterrag.registrate.AbstractRegistrate/REGISTRATE.REGISTER]: Captured registration for entry framed_glass_pane of type minecraft:block
[09Jun2026 14:46:07.944] [modloading-worker-0/DEBUG] [com.tterrag.registrate.AbstractRegistrate/REGISTRATE.REGISTER]: Captured registration for entry horizontal_framed_glass_pane of type minecraft:item
[09Jun2026 14:46:07.944] [modloading-worker-0/DEBUG] [com.tterrag.registrate.AbstractRegistrate/REGISTRATE.REGISTER]: Captured registration for entry horizontal_framed_glass_pane of type minecraft:block
[09Jun2026 14:46:07.944] [modloading-worker-0/DEBUG] [com.tterrag.registrate.AbstractRegistrate/REGISTRATE.REGISTER]: Captured registration for entry vertical_framed_glass_pane of type minecraft:item
[09Jun2026 14:46:07.944] [modloading-worker-0/DEBUG] [com.tterrag.registrate.AbstractRegistrate/REGISTRATE.REGISTER]: Captured registration for entry vertical_framed_glass_pane of type minecraft:block
[09Jun2026 14:46:07.948] [modloading-worker-0/DEBUG] [com.tterrag.registrate.AbstractRegistrate/REGISTRATE.REGISTER]: Captured registration for entry oak_window of type minecraft:item
[09Jun2026 14:46:07.948] [modloading-worker-0/DEBUG] [com.tterrag.registrate.AbstractRegistrate/REGISTRATE.REGISTER]: Captured registration for entry oak_window of type minecraft:block
[09Jun2026 14:46:07.949] [modloading-worker-0/DEBUG] [com.tterrag.registrate.AbstractRegistrate/REGISTRATE.REGISTER]: Captured registration for entry spruce_window of type minecraft:item
[09Jun2026 14:46:07.949] [modloading-worker-0/DEBUG] [com.tterrag.registrate.AbstractRegistrate/REGISTRATE.REGISTER]: Captured registration for entry spruce_window of type minecraft:block
[09Jun2026 14:46:07.949] [modloading-worker-0/DEBUG] [com.tterrag.registrate.AbstractRegistrate/REGISTRATE.REGISTER]: Captured registration for entry birch_window of type minecraft:item
[09Jun2026 14:46:07.950] [modloading-worker-0/DEBUG] [com.tterrag.registrate.AbstractRegistrate/REGISTRATE.REGISTER]: Captured registration for entry birch_window of type minecraft:block
[09Jun2026 14:46:07.950] [modloading-worker-0/DEBUG] [com.tterrag.registrate.AbstractRegistrate/REGISTRATE.REGISTER]: Captured registration for entry jungle_window of type minecraft:item
[09Jun2026 14:46:07.950] [modloading-worker-0/DEBUG] [com.tterrag.registrate.AbstractRegistrate/REGISTRATE.REGISTER]: Captured registration for entry jungle_window of type minecraft:block
[09Jun2026 14:46:07.950] [modloading-worker-0/DEBUG] [com.tterrag.registrate.AbstractRegistrate/REGISTRATE.REGISTER]: Captured registration for entry acacia_window of type minecraft:item
[09Jun2026 14:46:07.950] [modloading-worker-0/DEBUG] [com.tterrag.registrate.AbstractRegistrate/REGISTRATE.REGISTER]: Captured registration for entry acacia_window of type minecraft:block
[09Jun2026 14:46:07.950] [modloading-worker-0/DEBUG] [com.tterrag.registrate.AbstractRegistrate/REGISTRATE.REGISTER]: Captured registration for entry dark_oak_window of type minecraft:item
[09Jun2026 14:46:07.950] [modloading-worker-0/DEBUG] [com.tterrag.registrate.AbstractRegistrate/REGISTRATE.REGISTER]: Captured registration for entry dark_oak_window of type minecraft:block
[09Jun2026 14:46:07.950] [modloading-worker-0/DEBUG] [com.tterrag.registrate.AbstractRegistrate/REGISTRATE.REGISTER]: Captured registration for entry mangrove_window of type minecraft:item
[09Jun2026 14:46:07.950] [modloading-worker-0/DEBUG] [com.tterrag.registrate.AbstractRegistrate/REGISTRATE.REGISTER]: Captured registration for entry mangrove_window of type minecraft:block
[09Jun2026 14:46:07.950] [modloading-worker-0/DEBUG] [com.tterrag.registrate.AbstractRegistrate/REGISTRATE.REGISTER]: Captured registration for entry crimson_window of type minecraft:item
[09Jun2026 14:46:07.950] [modloading-worker-0/DEBUG] [com.tterrag.registrate.AbstractRegistrate/REGISTRATE.REGISTER]: Captured registration for entry crimson_window of type minecraft:block
[09Jun2026 14:46:07.950] [modloading-worker-0/DEBUG] [com.tterrag.registrate.AbstractRegistrate/REGISTRATE.REGISTER]: Captured registration for entry warped_window of type minecraft:item
[09Jun2026 14:46:07.950] [modloading-worker-0/DEBUG] [com.tterrag.registrate.AbstractRegistrate/REGISTRATE.REGISTER]: Captured registration for entry warped_window of type minecraft:block
[09Jun2026 14:46:07.952] [modloading-worker-0/DEBUG] [com.tterrag.registrate.AbstractRegistrate/REGISTRATE.REGISTER]: Captured registration for entry ornate_iron_window of type minecraft:item
[09Jun2026 14:46:07.952] [modloading-worker-0/DEBUG] [com.tterrag.registrate.AbstractRegistrate/REGISTRATE.REGISTER]: Captured registration for entry ornate_iron_window of type minecraft:block
[09Jun2026 14:46:07.954] [modloading-worker-0/DEBUG] [com.tterrag.registrate.AbstractRegistrate/REGISTRATE.REGISTER]: Captured registration for entry oak_window_pane of type minecraft:item
[09Jun2026 14:46:07.954] [modloading-worker-0/DEBUG] [com.tterrag.registrate.AbstractRegistrate/REGISTRATE.REGISTER]: Captured registration for entry oak_window_pane of type minecraft:block
[09Jun2026 14:46:07.954] [modloading-worker-0/DEBUG] [com.tterrag.registrate.AbstractRegistrate/REGISTRATE.REGISTER]: Captured registration for entry spruce_window_pane of type minecraft:item
[09Jun2026 14:46:07.954] [modloading-worker-0/DEBUG] [com.tterrag.registrate.AbstractRegistrate/REGISTRATE.REGISTER]: Captured registration for entry spruce_window_pane of type minecraft:block
[09Jun2026 14:46:07.955] [modloading-worker-0/DEBUG] [com.tterrag.registrate.AbstractRegistrate/REGISTRATE.REGISTER]: Captured registration for entry birch_window_pane of type minecraft:item
[09Jun2026 14:46:07.955] [modloading-worker-0/DEBUG] [com.tterrag.registrate.AbstractRegistrate/REGISTRATE.REGISTER]: Captured registration for entry birch_window_pane of type minecraft:block
[09Jun2026 14:46:07.955] [modloading-worker-0/DEBUG] [com.tterrag.registrate.AbstractRegistrate/REGISTRATE.REGISTER]: Captured registration for entry jungle_window_pane of type minecraft:item
[09Jun2026 14:46:07.955] [modloading-worker-0/DEBUG] [com.tterrag.registrate.AbstractRegistrate/REGISTRATE.REGISTER]: Captured registration for entry jungle_window_pane of type minecraft:block
[09Jun2026 14:46:07.956] [modloading-worker-0/DEBUG] [com.tterrag.registrate.AbstractRegistrate/REGISTRATE.REGISTER]: Captured registration for entry acacia_window_pane of type minecraft:item
[09Jun2026 14:46:07.956] [modloading-worker-0/DEBUG] [com.tterrag.registrate.AbstractRegistrate/REGISTRATE.REGISTER]: Captured registration for entry acacia_window_pane of type minecraft:block
[09Jun2026 14:46:07.956] [modloading-worker-0/DEBUG] [com.tterrag.registrate.AbstractRegistrate/REGISTRATE.REGISTER]: Captured registration for entry dark_oak_window_pane of type minecraft:item
[09Jun2026 14:46:07.956] [modloading-worker-0/DEBUG] [com.tterrag.registrate.AbstractRegistrate/REGISTRATE.REGISTER]: Captured registration for entry dark_oak_window_pane of type minecraft:block
[09Jun2026 14:46:07.956] [modloading-worker-0/DEBUG] [com.tterrag.registrate.AbstractRegistrate/REGISTRATE.REGISTER]: Captured registration for entry mangrove_window_pane of type minecraft:item
[09Jun2026 14:46:07.956] [modloading-worker-0/DEBUG] [com.tterrag.registrate.AbstractRegistrate/REGISTRATE.REGISTER]: Captured registration for entry mangrove_window_pane of type minecraft:block
[09Jun2026 14:46:07.956] [modloading-worker-0/DEBUG] [com.tterrag.registrate.AbstractRegistrate/REGISTRATE.REGISTER]: Captured registration for entry crimson_window_pane of type minecraft:item
[09Jun2026 14:46:07.956] [modloading-worker-0/DEBUG] [com.tterrag.registrate.AbstractRegistrate/REGISTRATE.REGISTER]: Captured registration for entry crimson_window_pane of type minecraft:block
[09Jun2026 14:46:07.956] [modloading-worker-0/DEBUG] [com.tterrag.registrate.AbstractRegistrate/REGISTRATE.REGISTER]: Captured registration for entry warped_window_pane of type minecraft:item
[09Jun2026 14:46:07.956] [modloading-worker-0/DEBUG] [com.tterrag.registrate.AbstractRegistrate/REGISTRATE.REGISTER]: Captured registration for entry warped_window_pane of type minecraft:block
[09Jun2026 14:46:07.957] [modloading-worker-0/DEBUG] [com.tterrag.registrate.AbstractRegistrate/REGISTRATE.REGISTER]: Captured registration for entry ornate_iron_window_pane of type minecraft:item
[09Jun2026 14:46:07.957] [modloading-worker-0/DEBUG] [com.tterrag.registrate.AbstractRegistrate/REGISTRATE.REGISTER]: Captured registration for entry ornate_iron_window_pane of type minecraft:block
[09Jun2026 14:46:07.970] [modloading-worker-0/DEBUG] [com.tterrag.registrate.AbstractRegistrate/REGISTRATE.REGISTER]: Captured registration for entry cut_granite of type minecraft:item
[09Jun2026 14:46:07.970] [modloading-worker-0/DEBUG] [com.tterrag.registrate.AbstractRegistrate/REGISTRATE.REGISTER]: Captured registration for entry cut_granite of type minecraft:block
[09Jun2026 14:46:07.972] [modloading-worker-0/DEBUG] [com.tterrag.registrate.AbstractRegistrate/REGISTRATE.REGISTER]: Captured registration for entry cut_granite_stairs of type minecraft:item
[09Jun2026 14:46:07.972] [modloading-worker-0/DEBUG] [com.tterrag.registrate.AbstractRegistrate/REGISTRATE.REGISTER]: Captured registration for entry cut_granite_stairs of type minecraft:block
[09Jun2026 14:46:07.973] [modloading-worker-0/DEBUG] [com.tterrag.registrate.AbstractRegistrate/REGISTRATE.REGISTER]: Captured registration for entry cut_granite_slab of type minecraft:item
[09Jun2026 14:46:07.973] [modloading-worker-0/DEBUG] [com.tterrag.registrate.AbstractRegistrate/REGISTRATE.REGISTER]: Captured registration for entry cut_granite_slab of type minecraft:block
[09Jun2026 14:46:07.974] [modloading-worker-0/DEBUG] [com.tterrag.registrate.AbstractRegistrate/REGISTRATE.REGISTER]: Captured registration for entry cut_granite_wall of type minecraft:item
[09Jun2026 14:46:07.974] [modloading-worker-0/DEBUG] [com.tterrag.registrate.AbstractRegistrate/REGISTRATE.REGISTER]: Captured registration for entry cut_granite_wall of type minecraft:block
[09Jun2026 14:46:07.974] [modloading-worker-0/DEBUG] [com.tterrag.registrate.AbstractRegistrate/REGISTRATE.REGISTER]: Captured registration for entry polished_cut_granite of type minecraft:item
[09Jun2026 14:46:07.974] [modloading-worker-0/DEBUG] [com.tterrag.registrate.AbstractRegistrate/REGISTRATE.REGISTER]: Captured registration for entry polished_cut_granite of type minecraft:block
[09Jun2026 14:46:07.974] [modloading-worker-0/DEBUG] [com.tterrag.registrate.AbstractRegistrate/REGISTRATE.REGISTER]: Captured registration for entry polished_cut_granite_stairs of type minecraft:item
[09Jun2026 14:46:07.974] [modloading-worker-0/DEBUG] [com.tterrag.registrate.AbstractRegistrate/REGISTRATE.REGISTER]: Captured registration for entry polished_cut_granite_stairs of type minecraft:block
[09Jun2026 14:46:07.974] [modloading-worker-0/DEBUG] [com.tterrag.registrate.AbstractRegistrate/REGISTRATE.REGISTER]: Captured registration for entry polished_cut_granite_slab of type minecraft:item
[09Jun2026 14:46:07.974] [modloading-worker-0/DEBUG] [com.tterrag.registrate.AbstractRegistrate/REGISTRATE.REGISTER]: Captured registration for entry polished_cut_granite_slab of type minecraft:block
[09Jun2026 14:46:07.974] [modloading-worker-0/DEBUG] [com.tterrag.registrate.AbstractRegistrate/REGISTRATE.REGISTER]: Captured registration for entry polished_cut_granite_wall of type minecraft:item
[09Jun2026 14:46:07.974] [modloading-worker-0/DEBUG] [com.tterrag.registrate.AbstractRegistrate/REGISTRATE.REGISTER]: Captured registration for entry polished_cut_granite_wall of type minecraft:block
[09Jun2026 14:46:07.974] [modloading-worker-0/DEBUG] [com.tterrag.registrate.AbstractRegistrate/REGISTRATE.REGISTER]: Captured registration for entry cut_granite_bricks of type minecraft:item
[09Jun2026 14:46:07.974] [modloading-worker-0/DEBUG] [com.tterrag.registrate.AbstractRegistrate/REGISTRATE.REGISTER]: Captured registration for entry cut_granite_bricks of type minecraft:block
[09Jun2026 14:46:07.974] [modloading-worker-0/DEBUG] [com.tterrag.registrate.AbstractRegistrate/REGISTRATE.REGISTER]: Captured registration for entry cut_granite_brick_stairs of type minecraft:item
[09Jun2026 14:46:07.974] [modloading-worker-0/DEBUG] [com.tterrag.registrate.AbstractRegistrate/REGISTRATE.REGISTER]: Captured registration for entry cut_granite_brick_stairs of type minecraft:block
[09Jun2026 14:46:07.974] [modloading-worker-0/DEBUG] [com.tterrag.registrate.AbstractRegistrate/REGISTRATE.REGISTER]: Captured registration for entry cut_granite_brick_slab of type minecraft:item
[09Jun2026 14:46:07.974] [modloading-worker-0/DEBUG] [com.tterrag.registrate.AbstractRegistrate/REGISTRATE.REGISTER]: Captured registration for entry cut_granite_brick_slab of type minecraft:block
[09Jun2026 14:46:07.975] [modloading-worker-0/DEBUG] [com.tterrag.registrate.AbstractRegistrate/REGISTRATE.REGISTER]: Captured registration for entry cut_granite_brick_wall of type minecraft:item
[09Jun2026 14:46:07.975] [modloading-worker-0/DEBUG] [com.tterrag.registrate.AbstractRegistrate/REGISTRATE.REGISTER]: Captured registration for entry cut_granite_brick_wall of type minecraft:block
[09Jun2026 14:46:07.975] [modloading-worker-0/DEBUG] [com.tterrag.registrate.AbstractRegistrate/REGISTRATE.REGISTER]: Captured registration for entry small_granite_bricks of type minecraft:item
[09Jun2026 14:46:07.975] [modloading-worker-0/DEBUG] [com.tterrag.registrate.AbstractRegistrate/REGISTRATE.REGISTER]: Captured registration for entry small_granite_bricks of type minecraft:block
[09Jun2026 14:46:07.975] [modloading-worker-0/DEBUG] [com.tterrag.registrate.AbstractRegistrate/REGISTRATE.REGISTER]: Captured registration for entry small_granite_brick_stairs of type minecraft:item
[09Jun2026 14:46:07.975] [modloading-worker-0/DEBUG] [com.tterrag.registrate.AbstractRegistrate/REGISTRATE.REGISTER]: Captured registration for entry small_granite_brick_stairs of type minecraft:block
[09Jun2026 14:46:07.975] [modloading-worker-0/DEBUG] [com.tterrag.registrate.AbstractRegistrate/REGISTRATE.REGISTER]: Captured registration for entry small_granite_brick_slab of type minecraft:item
[09Jun2026 14:46:07.975] [modloading-worker-0/DEBUG] [com.tterrag.registrate.AbstractRegistrate/REGISTRATE.REGISTER]: Captured registration for entry small_granite_brick_slab of type minecraft:block
[09Jun2026 14:46:07.975] [modloading-worker-0/DEBUG] [com.tterrag.registrate.AbstractRegistrate/REGISTRATE.REGISTER]: Captured registration for entry small_granite_brick_wall of type minecraft:item
[09Jun2026 14:46:07.975] [modloading-worker-0/DEBUG] [com.tterrag.registrate.AbstractRegistrate/REGISTRATE.REGISTER]: Captured registration for entry small_granite_brick_wall of type minecraft:block
[09Jun2026 14:46:07.976] [modloading-worker-0/DEBUG] [com.tterrag.registrate.AbstractRegistrate/REGISTRATE.REGISTER]: Captured registration for entry layered_granite of type minecraft:item
[09Jun2026 14:46:07.976] [modloading-worker-0/DEBUG] [com.tterrag.registrate.AbstractRegistrate/REGISTRATE.REGISTER]: Captured registration for entry layered_granite of type minecraft:block
[09Jun2026 14:46:07.976] [modloading-worker-0/DEBUG] [com.tterrag.registrate.AbstractRegistrate/REGISTRATE.REGISTER]: Captured registration for entry granite_pillar of type minecraft:item
[09Jun2026 14:46:07.976] [modloading-worker-0/DEBUG] [com.tterrag.registrate.AbstractRegistrate/REGISTRATE.REGISTER]: Captured registration for entry granite_pillar of type minecraft:block
[09Jun2026 14:46:07.978] [modloading-worker-0/DEBUG] [com.tterrag.registrate.AbstractRegistrate/REGISTRATE.REGISTER]: Captured registration for entry cut_diorite of type minecraft:item
[09Jun2026 14:46:07.978] [modloading-worker-0/DEBUG] [com.tterrag.registrate.AbstractRegistrate/REGISTRATE.REGISTER]: Captured registration for entry cut_diorite of type minecraft:block
[09Jun2026 14:46:07.978] [modloading-worker-0/DEBUG] [com.tterrag.registrate.AbstractRegistrate/REGISTRATE.REGISTER]: Captured registration for entry cut_diorite_stairs of type minecraft:item
[09Jun2026 14:46:07.978] [modloading-worker-0/DEBUG] [com.tterrag.registrate.AbstractRegistrate/REGISTRATE.REGISTER]: Captured registration for entry cut_diorite_stairs of type minecraft:block
[09Jun2026 14:46:07.978] [modloading-worker-0/DEBUG] [com.tterrag.registrate.AbstractRegistrate/REGISTRATE.REGISTER]: Captured registration for entry cut_diorite_slab of type minecraft:item
[09Jun2026 14:46:07.978] [modloading-worker-0/DEBUG] [com.tterrag.registrate.AbstractRegistrate/REGISTRATE.REGISTER]: Captured registration for entry cut_diorite_slab of type minecraft:block
[09Jun2026 14:46:07.979] [modloading-worker-0/DEBUG] [com.tterrag.registrate.AbstractRegistrate/REGISTRATE.REGISTER]: Captured registration for entry cut_diorite_wall of type minecraft:item
[09Jun2026 14:46:07.979] [modloading-worker-0/DEBUG] [com.tterrag.registrate.AbstractRegistrate/REGISTRATE.REGISTER]: Captured registration for entry cut_diorite_wall of type minecraft:block
[09Jun2026 14:46:07.979] [modloading-worker-0/DEBUG] [com.tterrag.registrate.AbstractRegistrate/REGISTRATE.REGISTER]: Captured registration for entry polished_cut_diorite of type minecraft:item
[09Jun2026 14:46:07.979] [modloading-worker-0/DEBUG] [com.tterrag.registrate.AbstractRegistrate/REGISTRATE.REGISTER]: Captured registration for entry polished_cut_diorite of type minecraft:block
[09Jun2026 14:46:07.979] [modloading-worker-0/DEBUG] [com.tterrag.registrate.AbstractRegistrate/REGISTRATE.REGISTER]: Captured registration for entry polished_cut_diorite_stairs of type minecraft:item
[09Jun2026 14:46:07.979] [modloading-worker-0/DEBUG] [com.tterrag.registrate.AbstractRegistrate/REGISTRATE.REGISTER]: Captured registration for entry polished_cut_diorite_stairs of type minecraft:block
[09Jun2026 14:46:07.979] [modloading-worker-0/DEBUG] [com.tterrag.registrate.AbstractRegistrate/REGISTRATE.REGISTER]: Captured registration for entry polished_cut_diorite_slab of type minecraft:item
[09Jun2026 14:46:07.979] [modloading-worker-0/DEBUG] [com.tterrag.registrate.AbstractRegistrate/REGISTRATE.REGISTER]: Captured registration for entry polished_cut_diorite_slab of type minecraft:block
[09Jun2026 14:46:07.979] [modloading-worker-0/DEBUG] [com.tterrag.registrate.AbstractRegistrate/REGISTRATE.REGISTER]: Captured registration for entry polished_cut_diorite_wall of type minecraft:item
[09Jun2026 14:46:07.979] [modloading-worker-0/DEBUG] [com.tterrag.registrate.AbstractRegistrate/REGISTRATE.REGISTER]: Captured registration for entry polished_cut_diorite_wall of type minecraft:block
[09Jun2026 14:46:07.979] [modloading-worker-0/DEBUG] [com.tterrag.registrate.AbstractRegistrate/REGISTRATE.REGISTER]: Captured registration for entry cut_diorite_bricks of type minecraft:item
[09Jun2026 14:46:07.980] [modloading-worker-0/DEBUG] [com.tterrag.registrate.AbstractRegistrate/REGISTRATE.REGISTER]: Captured registration for entry cut_diorite_bricks of type minecraft:block
[09Jun2026 14:46:07.980] [modloading-worker-0/DEBUG] [com.tterrag.registrate.AbstractRegistrate/REGISTRATE.REGISTER]: Captured registration for entry cut_diorite_brick_stairs of type minecraft:item
[09Jun2026 14:46:07.980] [modloading-worker-0/DEBUG] [com.tterrag.registrate.AbstractRegistrate/REGISTRATE.REGISTER]: Captured registration for entry cut_diorite_brick_stairs of type minecraft:block
[09Jun2026 14:46:07.980] [modloading-worker-0/DEBUG] [com.tterrag.registrate.AbstractRegistrate/REGISTRATE.REGISTER]: Captured registration for entry cut_diorite_brick_slab of type minecraft:item
[09Jun2026 14:46:07.980] [modloading-worker-0/DEBUG] [com.tterrag.registrate.AbstractRegistrate/REGISTRATE.REGISTER]: Captured registration for entry cut_diorite_brick_slab of type minecraft:block
[09Jun2026 14:46:07.980] [modloading-worker-0/DEBUG] [com.tterrag.registrate.AbstractRegistrate/REGISTRATE.REGISTER]: Captured registration for entry cut_diorite_brick_wall of type minecraft:item
[09Jun2026 14:46:07.980] [modloading-worker-0/DEBUG] [com.tterrag.registrate.AbstractRegistrate/REGISTRATE.REGISTER]: Captured registration for entry cut_diorite_brick_wall of type minecraft:block
[09Jun2026 14:46:07.980] [modloading-worker-0/DEBUG] [com.tterrag.registrate.AbstractRegistrate/REGISTRATE.REGISTER]: Captured registration for entry small_diorite_bricks of type minecraft:item
[09Jun2026 14:46:07.980] [modloading-worker-0/DEBUG] [com.tterrag.registrate.AbstractRegistrate/REGISTRATE.REGISTER]: Captured registration for entry small_diorite_bricks of type minecraft:block
[09Jun2026 14:46:07.980] [modloading-worker-0/DEBUG] [com.tterrag.registrate.AbstractRegistrate/REGISTRATE.REGISTER]: Captured registration for entry small_diorite_brick_stairs of type minecraft:item
[09Jun2026 14:46:07.980] [modloading-worker-0/DEBUG] [com.tterrag.registrate.AbstractRegistrate/REGISTRATE.REGISTER]: Captured registration for entry small_diorite_brick_stairs of type minecraft:block
[09Jun2026 14:46:07.981] [modloading-worker-0/DEBUG] [com.tterrag.registrate.AbstractRegistrate/REGISTRATE.REGISTER]: Captured registration for entry small_diorite_brick_slab of type minecraft:item
[09Jun2026 14:46:07.981] [modloading-worker-0/DEBUG] [com.tterrag.registrate.AbstractRegistrate/REGISTRATE.REGISTER]: Captured registration for entry small_diorite_brick_slab of type minecraft:block
[09Jun2026 14:46:07.981] [modloading-worker-0/DEBUG] [com.tterrag.registrate.AbstractRegistrate/REGISTRATE.REGISTER]: Captured registration for entry small_diorite_brick_wall of type minecraft:item
[09Jun2026 14:46:07.981] [modloading-worker-0/DEBUG] [com.tterrag.registrate.AbstractRegistrate/REGISTRATE.REGISTER]: Captured registration for entry small_diorite_brick_wall of type minecraft:block
[09Jun2026 14:46:07.981] [modloading-worker-0/DEBUG] [com.tterrag.registrate.AbstractRegistrate/REGISTRATE.REGISTER]: Captured registration for entry layered_diorite of type minecraft:item
[09Jun2026 14:46:07.981] [modloading-worker-0/DEBUG] [com.tterrag.registrate.AbstractRegistrate/REGISTRATE.REGISTER]: Captured registration for entry layered_diorite of type minecraft:block
[09Jun2026 14:46:07.981] [modloading-worker-0/DEBUG] [com.tterrag.registrate.AbstractRegistrate/REGISTRATE.REGISTER]: Captured registration for entry diorite_pillar of type minecraft:item
[09Jun2026 14:46:07.981] [modloading-worker-0/DEBUG] [com.tterrag.registrate.AbstractRegistrate/REGISTRATE.REGISTER]: Captured registration for entry diorite_pillar of type minecraft:block
[09Jun2026 14:46:07.982] [modloading-worker-0/DEBUG] [com.tterrag.registrate.AbstractRegistrate/REGISTRATE.REGISTER]: Captured registration for entry cut_andesite of type minecraft:item
[09Jun2026 14:46:07.982] [modloading-worker-0/DEBUG] [com.tterrag.registrate.AbstractRegistrate/REGISTRATE.REGISTER]: Captured registration for entry cut_andesite of type minecraft:block
[09Jun2026 14:46:07.982] [modloading-worker-0/DEBUG] [com.tterrag.registrate.AbstractRegistrate/REGISTRATE.REGISTER]: Captured registration for entry cut_andesite_stairs of type minecraft:item
[09Jun2026 14:46:07.982] [modloading-worker-0/DEBUG] [com.tterrag.registrate.AbstractRegistrate/REGISTRATE.REGISTER]: Captured registration for entry cut_andesite_stairs of type minecraft:block
[09Jun2026 14:46:07.982] [modloading-worker-0/DEBUG] [com.tterrag.registrate.AbstractRegistrate/REGISTRATE.REGISTER]: Captured registration for entry cut_andesite_slab of type minecraft:item
[09Jun2026 14:46:07.982] [modloading-worker-0/DEBUG] [com.tterrag.registrate.AbstractRegistrate/REGISTRATE.REGISTER]: Captured registration for entry cut_andesite_slab of type minecraft:block
[09Jun2026 14:46:07.982] [modloading-worker-0/DEBUG] [com.tterrag.registrate.AbstractRegistrate/REGISTRATE.REGISTER]: Captured registration for entry cut_andesite_wall of type minecraft:item
[09Jun2026 14:46:07.982] [modloading-worker-0/DEBUG] [com.tterrag.registrate.AbstractRegistrate/REGISTRATE.REGISTER]: Captured registration for entry cut_andesite_wall of type minecraft:block
[09Jun2026 14:46:07.982] [modloading-worker-0/DEBUG] [com.tterrag.registrate.AbstractRegistrate/REGISTRATE.REGISTER]: Captured registration for entry polished_cut_andesite of type minecraft:item
[09Jun2026 14:46:07.982] [modloading-worker-0/DEBUG] [com.tterrag.registrate.AbstractRegistrate/REGISTRATE.REGISTER]: Captured registration for entry polished_cut_andesite of type minecraft:block
[09Jun2026 14:46:07.982] [modloading-worker-0/DEBUG] [com.tterrag.registrate.AbstractRegistrate/REGISTRATE.REGISTER]: Captured registration for entry polished_cut_andesite_stairs of type minecraft:item
[09Jun2026 14:46:07.982] [modloading-worker-0/DEBUG] [com.tterrag.registrate.AbstractRegistrate/REGISTRATE.REGISTER]: Captured registration for entry polished_cut_andesite_stairs of type minecraft:block
[09Jun2026 14:46:07.982] [modloading-worker-0/DEBUG] [com.tterrag.registrate.AbstractRegistrate/REGISTRATE.REGISTER]: Captured registration for entry polished_cut_andesite_slab of type minecraft:item
[09Jun2026 14:46:07.982] [modloading-worker-0/DEBUG] [com.tterrag.registrate.AbstractRegistrate/REGISTRATE.REGISTER]: Captured registration for entry polished_cut_andesite_slab of type minecraft:block
[09Jun2026 14:46:07.982] [modloading-worker-0/DEBUG] [com.tterrag.registrate.AbstractRegistrate/REGISTRATE.REGISTER]: Captured registration for entry polished_cut_andesite_wall of type minecraft:item
[09Jun2026 14:46:07.982] [modloading-worker-0/DEBUG] [com.tterrag.registrate.AbstractRegistrate/REGISTRATE.REGISTER]: Captured registration for entry polished_cut_andesite_wall of type minecraft:block
[09Jun2026 14:46:07.982] [modloading-worker-0/DEBUG] [com.tterrag.registrate.AbstractRegistrate/REGISTRATE.REGISTER]: Captured registration for entry cut_andesite_bricks of type minecraft:item
[09Jun2026 14:46:07.983] [modloading-worker-0/DEBUG] [com.tterrag.registrate.AbstractRegistrate/REGISTRATE.REGISTER]: Captured registration for entry cut_andesite_bricks of type minecraft:block
[09Jun2026 14:46:07.983] [modloading-worker-0/DEBUG] [com.tterrag.registrate.AbstractRegistrate/REGISTRATE.REGISTER]: Captured registration for entry cut_andesite_brick_stairs of type minecraft:item
[09Jun2026 14:46:07.983] [modloading-worker-0/DEBUG] [com.tterrag.registrate.AbstractRegistrate/REGISTRATE.REGISTER]: Captured registration for entry cut_andesite_brick_stairs of type minecraft:block
[09Jun2026 14:46:07.983] [modloading-worker-0/DEBUG] [com.tterrag.registrate.AbstractRegistrate/REGISTRATE.REGISTER]: Captured registration for entry cut_andesite_brick_slab of type minecraft:item
[09Jun2026 14:46:07.983] [modloading-worker-0/DEBUG] [com.tterrag.registrate.AbstractRegistrate/REGISTRATE.REGISTER]: Captured registration for entry cut_andesite_brick_slab of type minecraft:block
[09Jun2026 14:46:07.983] [modloading-worker-0/DEBUG] [com.tterrag.registrate.AbstractRegistrate/REGISTRATE.REGISTER]: Captured registration for entry cut_andesite_brick_wall of type minecraft:item
[09Jun2026 14:46:07.983] [modloading-worker-0/DEBUG] [com.tterrag.registrate.AbstractRegistrate/REGISTRATE.REGISTER]: Captured registration for entry cut_andesite_brick_wall of type minecraft:block
[09Jun2026 14:46:07.983] [modloading-worker-0/DEBUG] [com.tterrag.registrate.AbstractRegistrate/REGISTRATE.REGISTER]: Captured registration for entry small_andesite_bricks of type minecraft:item
[09Jun2026 14:46:07.983] [modloading-worker-0/DEBUG] [com.tterrag.registrate.AbstractRegistrate/REGISTRATE.REGISTER]: Captured registration for entry small_andesite_bricks of type minecraft:block
[09Jun2026 14:46:07.983] [modloading-worker-0/DEBUG] [com.tterrag.registrate.AbstractRegistrate/REGISTRATE.REGISTER]: Captured registration for entry small_andesite_brick_stairs of type minecraft:item
[09Jun2026 14:46:07.983] [modloading-worker-0/DEBUG] [com.tterrag.registrate.AbstractRegistrate/REGISTRATE.REGISTER]: Captured registration for entry small_andesite_brick_stairs of type minecraft:block
[09Jun2026 14:46:07.983] [modloading-worker-0/DEBUG] [com.tterrag.registrate.AbstractRegistrate/REGISTRATE.REGISTER]: Captured registration for entry small_andesite_brick_slab of type minecraft:item
[09Jun2026 14:46:07.983] [modloading-worker-0/DEBUG] [com.tterrag.registrate.AbstractRegistrate/REGISTRATE.REGISTER]: Captured registration for entry small_andesite_brick_slab of type minecraft:block
[09Jun2026 14:46:07.983] [modloading-worker-0/DEBUG] [com.tterrag.registrate.AbstractRegistrate/REGISTRATE.REGISTER]: Captured registration for entry small_andesite_brick_wall of type minecraft:item
[09Jun2026 14:46:07.983] [modloading-worker-0/DEBUG] [com.tterrag.registrate.AbstractRegistrate/REGISTRATE.REGISTER]: Captured registration for entry small_andesite_brick_wall of type minecraft:block
[09Jun2026 14:46:07.983] [modloading-worker-0/DEBUG] [com.tterrag.registrate.AbstractRegistrate/REGISTRATE.REGISTER]: Captured registration for entry layered_andesite of type minecraft:item
[09Jun2026 14:46:07.983] [modloading-worker-0/DEBUG] [com.tterrag.registrate.AbstractRegistrate/REGISTRATE.REGISTER]: Captured registration for entry layered_andesite of type minecraft:block
[09Jun2026 14:46:07.983] [modloading-worker-0/DEBUG] [com.tterrag.registrate.AbstractRegistrate/REGISTRATE.REGISTER]: Captured registration for entry andesite_pillar of type minecraft:item
[09Jun2026 14:46:07.983] [modloading-worker-0/DEBUG] [com.tterrag.registrate.AbstractRegistrate/REGISTRATE.REGISTER]: Captured registration for entry andesite_pillar of type minecraft:block
[09Jun2026 14:46:07.984] [modloading-worker-0/DEBUG] [com.tterrag.registrate.AbstractRegistrate/REGISTRATE.REGISTER]: Captured registration for entry cut_calcite of type minecraft:item
[09Jun2026 14:46:07.984] [modloading-worker-0/DEBUG] [com.tterrag.registrate.AbstractRegistrate/REGISTRATE.REGISTER]: Captured registration for entry cut_calcite of type minecraft:block
[09Jun2026 14:46:07.984] [modloading-worker-0/DEBUG] [com.tterrag.registrate.AbstractRegistrate/REGISTRATE.REGISTER]: Captured registration for entry cut_calcite_stairs of type minecraft:item
[09Jun2026 14:46:07.984] [modloading-worker-0/DEBUG] [com.tterrag.registrate.AbstractRegistrate/REGISTRATE.REGISTER]: Captured registration for entry cut_calcite_stairs of type minecraft:block
[09Jun2026 14:46:07.984] [modloading-worker-0/DEBUG] [com.tterrag.registrate.AbstractRegistrate/REGISTRATE.REGISTER]: Captured registration for entry cut_calcite_slab of type minecraft:item
[09Jun2026 14:46:07.984] [modloading-worker-0/DEBUG] [com.tterrag.registrate.AbstractRegistrate/REGISTRATE.REGISTER]: Captured registration for entry cut_calcite_slab of type minecraft:block
[09Jun2026 14:46:07.984] [modloading-worker-0/DEBUG] [com.tterrag.registrate.AbstractRegistrate/REGISTRATE.REGISTER]: Captured registration for entry cut_calcite_wall of type minecraft:item
[09Jun2026 14:46:07.984] [modloading-worker-0/DEBUG] [com.tterrag.registrate.AbstractRegistrate/REGISTRATE.REGISTER]: Captured registration for entry cut_calcite_wall of type minecraft:block
[09Jun2026 14:46:07.984] [modloading-worker-0/DEBUG] [com.tterrag.registrate.AbstractRegistrate/REGISTRATE.REGISTER]: Captured registration for entry polished_cut_calcite of type minecraft:item
[09Jun2026 14:46:07.984] [modloading-worker-0/DEBUG] [com.tterrag.registrate.AbstractRegistrate/REGISTRATE.REGISTER]: Captured registration for entry polished_cut_calcite of type minecraft:block
[09Jun2026 14:46:07.985] [modloading-worker-0/DEBUG] [com.tterrag.registrate.AbstractRegistrate/REGISTRATE.REGISTER]: Captured registration for entry polished_cut_calcite_stairs of type minecraft:item
[09Jun2026 14:46:07.985] [modloading-worker-0/DEBUG] [com.tterrag.registrate.AbstractRegistrate/REGISTRATE.REGISTER]: Captured registration for entry polished_cut_calcite_stairs of type minecraft:block
[09Jun2026 14:46:07.985] [modloading-worker-0/DEBUG] [com.tterrag.registrate.AbstractRegistrate/REGISTRATE.REGISTER]: Captured registration for entry polished_cut_calcite_slab of type minecraft:item
[09Jun2026 14:46:07.985] [modloading-worker-0/DEBUG] [com.tterrag.registrate.AbstractRegistrate/REGISTRATE.REGISTER]: Captured registration for entry polished_cut_calcite_slab of type minecraft:block
[09Jun2026 14:46:07.985] [modloading-worker-0/DEBUG] [com.tterrag.registrate.AbstractRegistrate/REGISTRATE.REGISTER]: Captured registration for entry polished_cut_calcite_wall of type minecraft:item
[09Jun2026 14:46:07.985] [modloading-worker-0/DEBUG] [com.tterrag.registrate.AbstractRegistrate/REGISTRATE.REGISTER]: Captured registration for entry polished_cut_calcite_wall of type minecraft:block
[09Jun2026 14:46:07.985] [modloading-worker-0/DEBUG] [com.tterrag.registrate.AbstractRegistrate/REGISTRATE.REGISTER]: Captured registration for entry cut_calcite_bricks of type minecraft:item
[09Jun2026 14:46:07.985] [modloading-worker-0/DEBUG] [com.tterrag.registrate.AbstractRegistrate/REGISTRATE.REGISTER]: Captured registration for entry cut_calcite_bricks of type minecraft:block
[09Jun2026 14:46:07.985] [modloading-worker-0/DEBUG] [com.tterrag.registrate.AbstractRegistrate/REGISTRATE.REGISTER]: Captured registration for entry cut_calcite_brick_stairs of type minecraft:item
[09Jun2026 14:46:07.985] [modloading-worker-0/DEBUG] [com.tterrag.registrate.AbstractRegistrate/REGISTRATE.REGISTER]: Captured registration for entry cut_calcite_brick_stairs of type minecraft:block
[09Jun2026 14:46:07.985] [modloading-worker-0/DEBUG] [com.tterrag.registrate.AbstractRegistrate/REGISTRATE.REGISTER]: Captured registration for entry cut_calcite_brick_slab of type minecraft:item
[09Jun2026 14:46:07.985] [modloading-worker-0/DEBUG] [com.tterrag.registrate.AbstractRegistrate/REGISTRATE.REGISTER]: Captured registration for entry cut_calcite_brick_slab of type minecraft:block
[09Jun2026 14:46:07.985] [modloading-worker-0/DEBUG] [com.tterrag.registrate.AbstractRegistrate/REGISTRATE.REGISTER]: Captured registration for entry cut_calcite_brick_wall of type minecraft:item
[09Jun2026 14:46:07.985] [modloading-worker-0/DEBUG] [com.tterrag.registrate.AbstractRegistrate/REGISTRATE.REGISTER]: Captured registration for entry cut_calcite_brick_wall of type minecraft:block
[09Jun2026 14:46:07.985] [modloading-worker-0/DEBUG] [com.tterrag.registrate.AbstractRegistrate/REGISTRATE.REGISTER]: Captured registration for entry small_calcite_bricks of type minecraft:item
[09Jun2026 14:46:07.985] [modloading-worker-0/DEBUG] [com.tterrag.registrate.AbstractRegistrate/REGISTRATE.REGISTER]: Captured registration for entry small_calcite_bricks of type minecraft:block
[09Jun2026 14:46:07.985] [modloading-worker-0/DEBUG] [com.tterrag.registrate.AbstractRegistrate/REGISTRATE.REGISTER]: Captured registration for entry small_calcite_brick_stairs of type minecraft:item
[09Jun2026 14:46:07.985] [modloading-worker-0/DEBUG] [com.tterrag.registrate.AbstractRegistrate/REGISTRATE.REGISTER]: Captured registration for entry small_calcite_brick_stairs of type minecraft:block
[09Jun2026 14:46:07.985] [modloading-worker-0/DEBUG] [com.tterrag.registrate.AbstractRegistrate/REGISTRATE.REGISTER]: Captured registration for entry small_calcite_brick_slab of type minecraft:item
[09Jun2026 14:46:07.986] [modloading-worker-0/DEBUG] [com.tterrag.registrate.AbstractRegistrate/REGISTRATE.REGISTER]: Captured registration for entry small_calcite_brick_slab of type minecraft:block
[09Jun2026 14:46:07.986] [modloading-worker-0/DEBUG] [com.tterrag.registrate.AbstractRegistrate/REGISTRATE.REGISTER]: Captured registration for entry small_calcite_brick_wall of type minecraft:item
[09Jun2026 14:46:07.986] [modloading-worker-0/DEBUG] [com.tterrag.registrate.AbstractRegistrate/REGISTRATE.REGISTER]: Captured registration for entry small_calcite_brick_wall of type minecraft:block
[09Jun2026 14:46:07.986] [modloading-worker-0/DEBUG] [com.tterrag.registrate.AbstractRegistrate/REGISTRATE.REGISTER]: Captured registration for entry layered_calcite of type minecraft:item
[09Jun2026 14:46:07.986] [modloading-worker-0/DEBUG] [com.tterrag.registrate.AbstractRegistrate/REGISTRATE.REGISTER]: Captured registration for entry layered_calcite of type minecraft:block
[09Jun2026 14:46:07.986] [modloading-worker-0/DEBUG] [com.tterrag.registrate.AbstractRegistrate/REGISTRATE.REGISTER]: Captured registration for entry calcite_pillar of type minecraft:item
[09Jun2026 14:46:07.986] [modloading-worker-0/DEBUG] [com.tterrag.registrate.AbstractRegistrate/REGISTRATE.REGISTER]: Captured registration for entry calcite_pillar of type minecraft:block
[09Jun2026 14:46:07.986] [modloading-worker-0/DEBUG] [com.tterrag.registrate.AbstractRegistrate/REGISTRATE.REGISTER]: Captured registration for entry cut_dripstone of type minecraft:item
[09Jun2026 14:46:07.986] [modloading-worker-0/DEBUG] [com.tterrag.registrate.AbstractRegistrate/REGISTRATE.REGISTER]: Captured registration for entry cut_dripstone of type minecraft:block
[09Jun2026 14:46:07.987] [modloading-worker-0/DEBUG] [com.tterrag.registrate.AbstractRegistrate/REGISTRATE.REGISTER]: Captured registration for entry cut_dripstone_stairs of type minecraft:item
[09Jun2026 14:46:07.987] [modloading-worker-0/DEBUG] [com.tterrag.registrate.AbstractRegistrate/REGISTRATE.REGISTER]: Captured registration for entry cut_dripstone_stairs of type minecraft:block
[09Jun2026 14:46:07.987] [modloading-worker-0/DEBUG] [com.tterrag.registrate.AbstractRegistrate/REGISTRATE.REGISTER]: Captured registration for entry cut_dripstone_slab of type minecraft:item
[09Jun2026 14:46:07.987] [modloading-worker-0/DEBUG] [com.tterrag.registrate.AbstractRegistrate/REGISTRATE.REGISTER]: Captured registration for entry cut_dripstone_slab of type minecraft:block
[09Jun2026 14:46:07.987] [modloading-worker-0/DEBUG] [com.tterrag.registrate.AbstractRegistrate/REGISTRATE.REGISTER]: Captured registration for entry cut_dripstone_wall of type minecraft:item
[09Jun2026 14:46:07.987] [modloading-worker-0/DEBUG] [com.tterrag.registrate.AbstractRegistrate/REGISTRATE.REGISTER]: Captured registration for entry cut_dripstone_wall of type minecraft:block
[09Jun2026 14:46:07.987] [modloading-worker-0/DEBUG] [com.tterrag.registrate.AbstractRegistrate/REGISTRATE.REGISTER]: Captured registration for entry polished_cut_dripstone of type minecraft:item
[09Jun2026 14:46:07.987] [modloading-worker-0/DEBUG] [com.tterrag.registrate.AbstractRegistrate/REGISTRATE.REGISTER]: Captured registration for entry polished_cut_dripstone of type minecraft:block
[09Jun2026 14:46:07.987] [modloading-worker-0/DEBUG] [com.tterrag.registrate.AbstractRegistrate/REGISTRATE.REGISTER]: Captured registration for entry polished_cut_dripstone_stairs of type minecraft:item
[09Jun2026 14:46:07.987] [modloading-worker-0/DEBUG] [com.tterrag.registrate.AbstractRegistrate/REGISTRATE.REGISTER]: Captured registration for entry polished_cut_dripstone_stairs of type minecraft:block
[09Jun2026 14:46:07.987] [modloading-worker-0/DEBUG] [com.tterrag.registrate.AbstractRegistrate/REGISTRATE.REGISTER]: Captured registration for entry polished_cut_dripstone_slab of type minecraft:item
[09Jun2026 14:46:07.987] [modloading-worker-0/DEBUG] [com.tterrag.registrate.AbstractRegistrate/REGISTRATE.REGISTER]: Captured registration for entry polished_cut_dripstone_slab of type minecraft:block
[09Jun2026 14:46:07.987] [modloading-worker-0/DEBUG] [com.tterrag.registrate.AbstractRegistrate/REGISTRATE.REGISTER]: Captured registration for entry polished_cut_dripstone_wall of type minecraft:item
[09Jun2026 14:46:07.987] [modloading-worker-0/DEBUG] [com.tterrag.registrate.AbstractRegistrate/REGISTRATE.REGISTER]: Captured registration for entry polished_cut_dripstone_wall of type minecraft:block
[09Jun2026 14:46:07.988] [modloading-worker-0/DEBUG] [com.tterrag.registrate.AbstractRegistrate/REGISTRATE.REGISTER]: Captured registration for entry cut_dripstone_bricks of type minecraft:item
[09Jun2026 14:46:07.988] [modloading-worker-0/DEBUG] [com.tterrag.registrate.AbstractRegistrate/REGISTRATE.REGISTER]: Captured registration for entry cut_dripstone_bricks of type minecraft:block
[09Jun2026 14:46:07.988] [modloading-worker-0/DEBUG] [com.tterrag.registrate.AbstractRegistrate/REGISTRATE.REGISTER]: Captured registration for entry cut_dripstone_brick_stairs of type minecraft:item
[09Jun2026 14:46:07.988] [modloading-worker-0/DEBUG] [com.tterrag.registrate.AbstractRegistrate/REGISTRATE.REGISTER]: Captured registration for entry cut_dripstone_brick_stairs of type minecraft:block
[09Jun2026 14:46:07.988] [modloading-worker-0/DEBUG] [com.tterrag.registrate.AbstractRegistrate/REGISTRATE.REGISTER]: Captured registration for entry cut_dripstone_brick_slab of type minecraft:item
[09Jun2026 14:46:07.988] [modloading-worker-0/DEBUG] [com.tterrag.registrate.AbstractRegistrate/REGISTRATE.REGISTER]: Captured registration for entry cut_dripstone_brick_slab of type minecraft:block
[09Jun2026 14:46:07.988] [modloading-worker-0/DEBUG] [com.tterrag.registrate.AbstractRegistrate/REGISTRATE.REGISTER]: Captured registration for entry cut_dripstone_brick_wall of type minecraft:item
[09Jun2026 14:46:07.988] [modloading-worker-0/DEBUG] [com.tterrag.registrate.AbstractRegistrate/REGISTRATE.REGISTER]: Captured registration for entry cut_dripstone_brick_wall of type minecraft:block
[09Jun2026 14:46:07.988] [modloading-worker-0/DEBUG] [com.tterrag.registrate.AbstractRegistrate/REGISTRATE.REGISTER]: Captured registration for entry small_dripstone_bricks of type minecraft:item
[09Jun2026 14:46:07.988] [modloading-worker-0/DEBUG] [com.tterrag.registrate.AbstractRegistrate/REGISTRATE.REGISTER]: Captured registration for entry small_dripstone_bricks of type minecraft:block
[09Jun2026 14:46:07.989] [modloading-worker-0/DEBUG] [com.tterrag.registrate.AbstractRegistrate/REGISTRATE.REGISTER]: Captured registration for entry small_dripstone_brick_stairs of type minecraft:item
[09Jun2026 14:46:07.989] [modloading-worker-0/DEBUG] [com.tterrag.registrate.AbstractRegistrate/REGISTRATE.REGISTER]: Captured registration for entry small_dripstone_brick_stairs of type minecraft:block
[09Jun2026 14:46:07.989] [modloading-worker-0/DEBUG] [com.tterrag.registrate.AbstractRegistrate/REGISTRATE.REGISTER]: Captured registration for entry small_dripstone_brick_slab of type minecraft:item
[09Jun2026 14:46:07.989] [modloading-worker-0/DEBUG] [com.tterrag.registrate.AbstractRegistrate/REGISTRATE.REGISTER]: Captured registration for entry small_dripstone_brick_slab of type minecraft:block
[09Jun2026 14:46:07.989] [modloading-worker-0/DEBUG] [com.tterrag.registrate.AbstractRegistrate/REGISTRATE.REGISTER]: Captured registration for entry small_dripstone_brick_wall of type minecraft:item
[09Jun2026 14:46:07.989] [modloading-worker-0/DEBUG] [com.tterrag.registrate.AbstractRegistrate/REGISTRATE.REGISTER]: Captured registration for entry small_dripstone_brick_wall of type minecraft:block
[09Jun2026 14:46:07.989] [modloading-worker-0/DEBUG] [com.tterrag.registrate.AbstractRegistrate/REGISTRATE.REGISTER]: Captured registration for entry layered_dripstone of type minecraft:item
[09Jun2026 14:46:07.989] [modloading-worker-0/DEBUG] [com.tterrag.registrate.AbstractRegistrate/REGISTRATE.REGISTER]: Captured registration for entry layered_dripstone of type minecraft:block
[09Jun2026 14:46:07.989] [modloading-worker-0/DEBUG] [com.tterrag.registrate.AbstractRegistrate/REGISTRATE.REGISTER]: Captured registration for entry dripstone_pillar of type minecraft:item
[09Jun2026 14:46:07.989] [modloading-worker-0/DEBUG] [com.tterrag.registrate.AbstractRegistrate/REGISTRATE.REGISTER]: Captured registration for entry dripstone_pillar of type minecraft:block
[09Jun2026 14:46:07.990] [modloading-worker-0/DEBUG] [com.tterrag.registrate.AbstractRegistrate/REGISTRATE.REGISTER]: Captured registration for entry cut_deepslate of type minecraft:item
[09Jun2026 14:46:07.990] [modloading-worker-0/DEBUG] [com.tterrag.registrate.AbstractRegistrate/REGISTRATE.REGISTER]: Captured registration for entry cut_deepslate of type minecraft:block
[09Jun2026 14:46:07.990] [modloading-worker-0/DEBUG] [com.tterrag.registrate.AbstractRegistrate/REGISTRATE.REGISTER]: Captured registration for entry cut_deepslate_stairs of type minecraft:item
[09Jun2026 14:46:07.990] [modloading-worker-0/DEBUG] [com.tterrag.registrate.AbstractRegistrate/REGISTRATE.REGISTER]: Captured registration for entry cut_deepslate_stairs of type minecraft:block
[09Jun2026 14:46:07.990] [modloading-worker-0/DEBUG] [com.tterrag.registrate.AbstractRegistrate/REGISTRATE.REGISTER]: Captured registration for entry cut_deepslate_slab of type minecraft:item
[09Jun2026 14:46:07.990] [modloading-worker-0/DEBUG] [com.tterrag.registrate.AbstractRegistrate/REGISTRATE.REGISTER]: Captured registration for entry cut_deepslate_slab of type minecraft:block
[09Jun2026 14:46:07.990] [modloading-worker-0/DEBUG] [com.tterrag.registrate.AbstractRegistrate/REGISTRATE.REGISTER]: Captured registration for entry cut_deepslate_wall of type minecraft:item
[09Jun2026 14:46:07.990] [modloading-worker-0/DEBUG] [com.tterrag.registrate.AbstractRegistrate/REGISTRATE.REGISTER]: Captured registration for entry cut_deepslate_wall of type minecraft:block
[09Jun2026 14:46:07.990] [modloading-worker-0/DEBUG] [com.tterrag.registrate.AbstractRegistrate/REGISTRATE.REGISTER]: Captured registration for entry polished_cut_deepslate of type minecraft:item
[09Jun2026 14:46:07.990] [modloading-worker-0/DEBUG] [com.tterrag.registrate.AbstractRegistrate/REGISTRATE.REGISTER]: Captured registration for entry polished_cut_deepslate of type minecraft:block
[09Jun2026 14:46:07.991] [modloading-worker-0/DEBUG] [com.tterrag.registrate.AbstractRegistrate/REGISTRATE.REGISTER]: Captured registration for entry polished_cut_deepslate_stairs of type minecraft:item
[09Jun2026 14:46:07.991] [modloading-worker-0/DEBUG] [com.tterrag.registrate.AbstractRegistrate/REGISTRATE.REGISTER]: Captured registration for entry polished_cut_deepslate_stairs of type minecraft:block
[09Jun2026 14:46:07.991] [modloading-worker-0/DEBUG] [com.tterrag.registrate.AbstractRegistrate/REGISTRATE.REGISTER]: Captured registration for entry polished_cut_deepslate_slab of type minecraft:item
[09Jun2026 14:46:07.991] [modloading-worker-0/DEBUG] [com.tterrag.registrate.AbstractRegistrate/REGISTRATE.REGISTER]: Captured registration for entry polished_cut_deepslate_slab of type minecraft:block
[09Jun2026 14:46:07.991] [modloading-worker-0/DEBUG] [com.tterrag.registrate.AbstractRegistrate/REGISTRATE.REGISTER]: Captured registration for entry polished_cut_deepslate_wall of type minecraft:item
[09Jun2026 14:46:07.991] [modloading-worker-0/DEBUG] [com.tterrag.registrate.AbstractRegistrate/REGISTRATE.REGISTER]: Captured registration for entry polished_cut_deepslate_wall of type minecraft:block
[09Jun2026 14:46:07.991] [modloading-worker-0/DEBUG] [com.tterrag.registrate.AbstractRegistrate/REGISTRATE.REGISTER]: Captured registration for entry cut_deepslate_bricks of type minecraft:item
[09Jun2026 14:46:07.991] [modloading-worker-0/DEBUG] [com.tterrag.registrate.AbstractRegistrate/REGISTRATE.REGISTER]: Captured registration for entry cut_deepslate_bricks of type minecraft:block
[09Jun2026 14:46:07.991] [modloading-worker-0/DEBUG] [com.tterrag.registrate.AbstractRegistrate/REGISTRATE.REGISTER]: Captured registration for entry cut_deepslate_brick_stairs of type minecraft:item
[09Jun2026 14:46:07.991] [modloading-worker-0/DEBUG] [com.tterrag.registrate.AbstractRegistrate/REGISTRATE.REGISTER]: Captured registration for entry cut_deepslate_brick_stairs of type minecraft:block
[09Jun2026 14:46:07.991] [modloading-worker-0/DEBUG] [com.tterrag.registrate.AbstractRegistrate/REGISTRATE.REGISTER]: Captured registration for entry cut_deepslate_brick_slab of type minecraft:item
[09Jun2026 14:46:07.991] [modloading-worker-0/DEBUG] [com.tterrag.registrate.AbstractRegistrate/REGISTRATE.REGISTER]: Captured registration for entry cut_deepslate_brick_slab of type minecraft:block
[09Jun2026 14:46:07.991] [modloading-worker-0/DEBUG] [com.tterrag.registrate.AbstractRegistrate/REGISTRATE.REGISTER]: Captured registration for entry cut_deepslate_brick_wall of type minecraft:item
[09Jun2026 14:46:07.991] [modloading-worker-0/DEBUG] [com.tterrag.registrate.AbstractRegistrate/REGISTRATE.REGISTER]: Captured registration for entry cut_deepslate_brick_wall of type minecraft:block
[09Jun2026 14:46:07.991] [modloading-worker-0/DEBUG] [com.tterrag.registrate.AbstractRegistrate/REGISTRATE.REGISTER]: Captured registration for entry small_deepslate_bricks of type minecraft:item
[09Jun2026 14:46:07.991] [modloading-worker-0/DEBUG] [com.tterrag.registrate.AbstractRegistrate/REGISTRATE.REGISTER]: Captured registration for entry small_deepslate_bricks of type minecraft:block
[09Jun2026 14:46:07.991] [modloading-worker-0/DEBUG] [com.tterrag.registrate.AbstractRegistrate/REGISTRATE.REGISTER]: Captured registration for entry small_deepslate_brick_stairs of type minecraft:item
[09Jun2026 14:46:07.991] [modloading-worker-0/DEBUG] [com.tterrag.registrate.AbstractRegistrate/REGISTRATE.REGISTER]: Captured registration for entry small_deepslate_brick_stairs of type minecraft:block
[09Jun2026 14:46:07.992] [modloading-worker-0/DEBUG] [com.tterrag.registrate.AbstractRegistrate/REGISTRATE.REGISTER]: Captured registration for entry small_deepslate_brick_slab of type minecraft:item
[09Jun2026 14:46:07.992] [modloading-worker-0/DEBUG] [com.tterrag.registrate.AbstractRegistrate/REGISTRATE.REGISTER]: Captured registration for entry small_deepslate_brick_slab of type minecraft:block
[09Jun2026 14:46:07.992] [modloading-worker-0/DEBUG] [com.tterrag.registrate.AbstractRegistrate/REGISTRATE.REGISTER]: Captured registration for entry small_deepslate_brick_wall of type minecraft:item
[09Jun2026 14:46:07.992] [modloading-worker-0/DEBUG] [com.tterrag.registrate.AbstractRegistrate/REGISTRATE.REGISTER]: Captured registration for entry small_deepslate_brick_wall of type minecraft:block
[09Jun2026 14:46:07.992] [modloading-worker-0/DEBUG] [com.tterrag.registrate.AbstractRegistrate/REGISTRATE.REGISTER]: Captured registration for entry layered_deepslate of type minecraft:item
[09Jun2026 14:46:07.992] [modloading-worker-0/DEBUG] [com.tterrag.registrate.AbstractRegistrate/REGISTRATE.REGISTER]: Captured registration for entry layered_deepslate of type minecraft:block
[09Jun2026 14:46:07.992] [modloading-worker-0/DEBUG] [com.tterrag.registrate.AbstractRegistrate/REGISTRATE.REGISTER]: Captured registration for entry deepslate_pillar of type minecraft:item
[09Jun2026 14:46:07.992] [modloading-worker-0/DEBUG] [com.tterrag.registrate.AbstractRegistrate/REGISTRATE.REGISTER]: Captured registration for entry deepslate_pillar of type minecraft:block
[09Jun2026 14:46:07.992] [modloading-worker-0/DEBUG] [com.tterrag.registrate.AbstractRegistrate/REGISTRATE.REGISTER]: Captured registration for entry cut_tuff of type minecraft:item
[09Jun2026 14:46:07.992] [modloading-worker-0/DEBUG] [com.tterrag.registrate.AbstractRegistrate/REGISTRATE.REGISTER]: Captured registration for entry cut_tuff of type minecraft:block
[09Jun2026 14:46:07.992] [modloading-worker-0/DEBUG] [com.tterrag.registrate.AbstractRegistrate/REGISTRATE.REGISTER]: Captured registration for entry cut_tuff_stairs of type minecraft:item
[09Jun2026 14:46:07.993] [modloading-worker-0/DEBUG] [com.tterrag.registrate.AbstractRegistrate/REGISTRATE.REGISTER]: Captured registration for entry cut_tuff_stairs of type minecraft:block
[09Jun2026 14:46:07.993] [modloading-worker-0/DEBUG] [com.tterrag.registrate.AbstractRegistrate/REGISTRATE.REGISTER]: Captured registration for entry cut_tuff_slab of type minecraft:item
[09Jun2026 14:46:07.993] [modloading-worker-0/DEBUG] [com.tterrag.registrate.AbstractRegistrate/REGISTRATE.REGISTER]: Captured registration for entry cut_tuff_slab of type minecraft:block
[09Jun2026 14:46:07.993] [modloading-worker-0/DEBUG] [com.tterrag.registrate.AbstractRegistrate/REGISTRATE.REGISTER]: Captured registration for entry cut_tuff_wall of type minecraft:item
[09Jun2026 14:46:07.993] [modloading-worker-0/DEBUG] [com.tterrag.registrate.AbstractRegistrate/REGISTRATE.REGISTER]: Captured registration for entry cut_tuff_wall of type minecraft:block
[09Jun2026 14:46:07.993] [modloading-worker-0/DEBUG] [com.tterrag.registrate.AbstractRegistrate/REGISTRATE.REGISTER]: Captured registration for entry polished_cut_tuff of type minecraft:item
[09Jun2026 14:46:07.993] [modloading-worker-0/DEBUG] [com.tterrag.registrate.AbstractRegistrate/REGISTRATE.REGISTER]: Captured registration for entry polished_cut_tuff of type minecraft:block
[09Jun2026 14:46:07.993] [modloading-worker-0/DEBUG] [com.tterrag.registrate.AbstractRegistrate/REGISTRATE.REGISTER]: Captured registration for entry polished_cut_tuff_stairs of type minecraft:item
[09Jun2026 14:46:07.993] [modloading-worker-0/DEBUG] [com.tterrag.registrate.AbstractRegistrate/REGISTRATE.REGISTER]: Captured registration for entry polished_cut_tuff_stairs of type minecraft:block
[09Jun2026 14:46:07.993] [modloading-worker-0/DEBUG] [com.tterrag.registrate.AbstractRegistrate/REGISTRATE.REGISTER]: Captured registration for entry polished_cut_tuff_slab of type minecraft:item
[09Jun2026 14:46:07.993] [modloading-worker-0/DEBUG] [com.tterrag.registrate.AbstractRegistrate/REGISTRATE.REGISTER]: Captured registration for entry polished_cut_tuff_slab of type minecraft:block
[09Jun2026 14:46:07.993] [modloading-worker-0/DEBUG] [com.tterrag.registrate.AbstractRegistrate/REGISTRATE.REGISTER]: Captured registration for entry polished_cut_tuff_wall of type minecraft:item
[09Jun2026 14:46:07.993] [modloading-worker-0/DEBUG] [com.tterrag.registrate.AbstractRegistrate/REGISTRATE.REGISTER]: Captured registration for entry polished_cut_tuff_wall of type minecraft:block
[09Jun2026 14:46:07.994] [modloading-worker-0/DEBUG] [com.tterrag.registrate.AbstractRegistrate/REGISTRATE.REGISTER]: Captured registration for entry cut_tuff_bricks of type minecraft:item
[09Jun2026 14:46:07.994] [modloading-worker-0/DEBUG] [com.tterrag.registrate.AbstractRegistrate/REGISTRATE.REGISTER]: Captured registration for entry cut_tuff_bricks of type minecraft:block
[09Jun2026 14:46:07.994] [modloading-worker-0/DEBUG] [com.tterrag.registrate.AbstractRegistrate/REGISTRATE.REGISTER]: Captured registration for entry cut_tuff_brick_stairs of type minecraft:item
[09Jun2026 14:46:07.994] [modloading-worker-0/DEBUG] [com.tterrag.registrate.AbstractRegistrate/REGISTRATE.REGISTER]: Captured registration for entry cut_tuff_brick_stairs of type minecraft:block
[09Jun2026 14:46:07.994] [modloading-worker-0/DEBUG] [com.tterrag.registrate.AbstractRegistrate/REGISTRATE.REGISTER]: Captured registration for entry cut_tuff_brick_slab of type minecraft:item
[09Jun2026 14:46:07.994] [modloading-worker-0/DEBUG] [com.tterrag.registrate.AbstractRegistrate/REGISTRATE.REGISTER]: Captured registration for entry cut_tuff_brick_slab of type minecraft:block
[09Jun2026 14:46:07.994] [modloading-worker-0/DEBUG] [com.tterrag.registrate.AbstractRegistrate/REGISTRATE.REGISTER]: Captured registration for entry cut_tuff_brick_wall of type minecraft:item
[09Jun2026 14:46:07.994] [modloading-worker-0/DEBUG] [com.tterrag.registrate.AbstractRegistrate/REGISTRATE.REGISTER]: Captured registration for entry cut_tuff_brick_wall of type minecraft:block
[09Jun2026 14:46:07.994] [modloading-worker-0/DEBUG] [com.tterrag.registrate.AbstractRegistrate/REGISTRATE.REGISTER]: Captured registration for entry small_tuff_bricks of type minecraft:item
[09Jun2026 14:46:07.994] [modloading-worker-0/DEBUG] [com.tterrag.registrate.AbstractRegistrate/REGISTRATE.REGISTER]: Captured registration for entry small_tuff_bricks of type minecraft:block
[09Jun2026 14:46:07.994] [modloading-worker-0/DEBUG] [com.tterrag.registrate.AbstractRegistrate/REGISTRATE.REGISTER]: Captured registration for entry small_tuff_brick_stairs of type minecraft:item
[09Jun2026 14:46:07.994] [modloading-worker-0/DEBUG] [com.tterrag.registrate.AbstractRegistrate/REGISTRATE.REGISTER]: Captured registration for entry small_tuff_brick_stairs of type minecraft:block
[09Jun2026 14:46:07.994] [modloading-worker-0/DEBUG] [com.tterrag.registrate.AbstractRegistrate/REGISTRATE.REGISTER]: Captured registration for entry small_tuff_brick_slab of type minecraft:item
[09Jun2026 14:46:07.994] [modloading-worker-0/DEBUG] [com.tterrag.registrate.AbstractRegistrate/REGISTRATE.REGISTER]: Captured registration for entry small_tuff_brick_slab of type minecraft:block
[09Jun2026 14:46:07.994] [modloading-worker-0/DEBUG] [com.tterrag.registrate.AbstractRegistrate/REGISTRATE.REGISTER]: Captured registration for entry small_tuff_brick_wall of type minecraft:item
[09Jun2026 14:46:07.994] [modloading-worker-0/DEBUG] [com.tterrag.registrate.AbstractRegistrate/REGISTRATE.REGISTER]: Captured registration for entry small_tuff_brick_wall of type minecraft:block
[09Jun2026 14:46:07.995] [modloading-worker-0/DEBUG] [com.tterrag.registrate.AbstractRegistrate/REGISTRATE.REGISTER]: Captured registration for entry layered_tuff of type minecraft:item
[09Jun2026 14:46:07.995] [modloading-worker-0/DEBUG] [com.tterrag.registrate.AbstractRegistrate/REGISTRATE.REGISTER]: Captured registration for entry layered_tuff of type minecraft:block
[09Jun2026 14:46:07.995] [modloading-worker-0/DEBUG] [com.tterrag.registrate.AbstractRegistrate/REGISTRATE.REGISTER]: Captured registration for entry tuff_pillar of type minecraft:item
[09Jun2026 14:46:07.995] [modloading-worker-0/DEBUG] [com.tterrag.registrate.AbstractRegistrate/REGISTRATE.REGISTER]: Captured registration for entry tuff_pillar of type minecraft:block
[09Jun2026 14:46:07.996] [modloading-worker-0/DEBUG] [com.tterrag.registrate.AbstractRegistrate/REGISTRATE.REGISTER]: Captured registration for entry asurine of type minecraft:item
[09Jun2026 14:46:07.997] [modloading-worker-0/DEBUG] [com.tterrag.registrate.AbstractRegistrate/REGISTRATE.REGISTER]: Captured registration for entry asurine of type minecraft:block
[09Jun2026 14:46:07.997] [modloading-worker-0/DEBUG] [com.tterrag.registrate.AbstractRegistrate/REGISTRATE.REGISTER]: Captured registration for entry cut_asurine of type minecraft:item
[09Jun2026 14:46:07.997] [modloading-worker-0/DEBUG] [com.tterrag.registrate.AbstractRegistrate/REGISTRATE.REGISTER]: Captured registration for entry cut_asurine of type minecraft:block
[09Jun2026 14:46:07.997] [modloading-worker-0/DEBUG] [com.tterrag.registrate.AbstractRegistrate/REGISTRATE.REGISTER]: Captured registration for entry cut_asurine_stairs of type minecraft:item
[09Jun2026 14:46:07.997] [modloading-worker-0/DEBUG] [com.tterrag.registrate.AbstractRegistrate/REGISTRATE.REGISTER]: Captured registration for entry cut_asurine_stairs of type minecraft:block
[09Jun2026 14:46:07.997] [modloading-worker-0/DEBUG] [com.tterrag.registrate.AbstractRegistrate/REGISTRATE.REGISTER]: Captured registration for entry cut_asurine_slab of type minecraft:item
[09Jun2026 14:46:07.997] [modloading-worker-0/DEBUG] [com.tterrag.registrate.AbstractRegistrate/REGISTRATE.REGISTER]: Captured registration for entry cut_asurine_slab of type minecraft:block
[09Jun2026 14:46:07.997] [modloading-worker-0/DEBUG] [com.tterrag.registrate.AbstractRegistrate/REGISTRATE.REGISTER]: Captured registration for entry cut_asurine_wall of type minecraft:item
[09Jun2026 14:46:07.997] [modloading-worker-0/DEBUG] [com.tterrag.registrate.AbstractRegistrate/REGISTRATE.REGISTER]: Captured registration for entry cut_asurine_wall of type minecraft:block
[09Jun2026 14:46:07.997] [modloading-worker-0/DEBUG] [com.tterrag.registrate.AbstractRegistrate/REGISTRATE.REGISTER]: Captured registration for entry polished_cut_asurine of type minecraft:item
[09Jun2026 14:46:07.997] [modloading-worker-0/DEBUG] [com.tterrag.registrate.AbstractRegistrate/REGISTRATE.REGISTER]: Captured registration for entry polished_cut_asurine of type minecraft:block
[09Jun2026 14:46:07.997] [modloading-worker-0/DEBUG] [com.tterrag.registrate.AbstractRegistrate/REGISTRATE.REGISTER]: Captured registration for entry polished_cut_asurine_stairs of type minecraft:item
[09Jun2026 14:46:07.997] [modloading-worker-0/DEBUG] [com.tterrag.registrate.AbstractRegistrate/REGISTRATE.REGISTER]: Captured registration for entry polished_cut_asurine_stairs of type minecraft:block
[09Jun2026 14:46:07.997] [modloading-worker-0/DEBUG] [com.tterrag.registrate.AbstractRegistrate/REGISTRATE.REGISTER]: Captured registration for entry polished_cut_asurine_slab of type minecraft:item
[09Jun2026 14:46:07.997] [modloading-worker-0/DEBUG] [com.tterrag.registrate.AbstractRegistrate/REGISTRATE.REGISTER]: Captured registration for entry polished_cut_asurine_slab of type minecraft:block
[09Jun2026 14:46:07.997] [modloading-worker-0/DEBUG] [com.tterrag.registrate.AbstractRegistrate/REGISTRATE.REGISTER]: Captured registration for entry polished_cut_asurine_wall of type minecraft:item
[09Jun2026 14:46:07.997] [modloading-worker-0/DEBUG] [com.tterrag.registrate.AbstractRegistrate/REGISTRATE.REGISTER]: Captured registration for entry polished_cut_asurine_wall of type minecraft:block
[09Jun2026 14:46:07.998] [modloading-worker-0/DEBUG] [com.tterrag.registrate.AbstractRegistrate/REGISTRATE.REGISTER]: Captured registration for entry cut_asurine_bricks of type minecraft:item
[09Jun2026 14:46:07.998] [modloading-worker-0/DEBUG] [com.tterrag.registrate.AbstractRegistrate/REGISTRATE.REGISTER]: Captured registration for entry cut_asurine_bricks of type minecraft:block
[09Jun2026 14:46:07.998] [modloading-worker-0/DEBUG] [com.tterrag.registrate.AbstractRegistrate/REGISTRATE.REGISTER]: Captured registration for entry cut_asurine_brick_stairs of type minecraft:item
[09Jun2026 14:46:07.998] [modloading-worker-0/DEBUG] [com.tterrag.registrate.AbstractRegistrate/REGISTRATE.REGISTER]: Captured registration for entry cut_asurine_brick_stairs of type minecraft:block
[09Jun2026 14:46:07.998] [modloading-worker-0/DEBUG] [com.tterrag.registrate.AbstractRegistrate/REGISTRATE.REGISTER]: Captured registration for entry cut_asurine_brick_slab of type minecraft:item
[09Jun2026 14:46:07.998] [modloading-worker-0/DEBUG] [com.tterrag.registrate.AbstractRegistrate/REGISTRATE.REGISTER]: Captured registration for entry cut_asurine_brick_slab of type minecraft:block
[09Jun2026 14:46:07.998] [modloading-worker-0/DEBUG] [com.tterrag.registrate.AbstractRegistrate/REGISTRATE.REGISTER]: Captured registration for entry cut_asurine_brick_wall of type minecraft:item
[09Jun2026 14:46:07.998] [modloading-worker-0/DEBUG] [com.tterrag.registrate.AbstractRegistrate/REGISTRATE.REGISTER]: Captured registration for entry cut_asurine_brick_wall of type minecraft:block
[09Jun2026 14:46:07.998] [modloading-worker-0/DEBUG] [com.tterrag.registrate.AbstractRegistrate/REGISTRATE.REGISTER]: Captured registration for entry small_asurine_bricks of type minecraft:item
[09Jun2026 14:46:07.998] [modloading-worker-0/DEBUG] [com.tterrag.registrate.AbstractRegistrate/REGISTRATE.REGISTER]: Captured registration for entry small_asurine_bricks of type minecraft:block
[09Jun2026 14:46:07.998] [modloading-worker-0/DEBUG] [com.tterrag.registrate.AbstractRegistrate/REGISTRATE.REGISTER]: Captured registration for entry small_asurine_brick_stairs of type minecraft:item
[09Jun2026 14:46:07.998] [modloading-worker-0/DEBUG] [com.tterrag.registrate.AbstractRegistrate/REGISTRATE.REGISTER]: Captured registration for entry small_asurine_brick_stairs of type minecraft:block
[09Jun2026 14:46:07.998] [modloading-worker-0/DEBUG] [com.tterrag.registrate.AbstractRegistrate/REGISTRATE.REGISTER]: Captured registration for entry small_asurine_brick_slab of type minecraft:item
[09Jun2026 14:46:07.998] [modloading-worker-0/DEBUG] [com.tterrag.registrate.AbstractRegistrate/REGISTRATE.REGISTER]: Captured registration for entry small_asurine_brick_slab of type minecraft:block
[09Jun2026 14:46:07.998] [modloading-worker-0/DEBUG] [com.tterrag.registrate.AbstractRegistrate/REGISTRATE.REGISTER]: Captured registration for entry small_asurine_brick_wall of type minecraft:item
[09Jun2026 14:46:07.998] [modloading-worker-0/DEBUG] [com.tterrag.registrate.AbstractRegistrate/REGISTRATE.REGISTER]: Captured registration for entry small_asurine_brick_wall of type minecraft:block
[09Jun2026 14:46:07.998] [modloading-worker-0/DEBUG] [com.tterrag.registrate.AbstractRegistrate/REGISTRATE.REGISTER]: Captured registration for entry layered_asurine of type minecraft:item
[09Jun2026 14:46:07.998] [modloading-worker-0/DEBUG] [com.tterrag.registrate.AbstractRegistrate/REGISTRATE.REGISTER]: Captured registration for entry layered_asurine of type minecraft:block
[09Jun2026 14:46:07.998] [modloading-worker-0/DEBUG] [com.tterrag.registrate.AbstractRegistrate/REGISTRATE.REGISTER]: Captured registration for entry asurine_pillar of type minecraft:item
[09Jun2026 14:46:07.999] [modloading-worker-0/DEBUG] [com.tterrag.registrate.AbstractRegistrate/REGISTRATE.REGISTER]: Captured registration for entry asurine_pillar of type minecraft:block
[09Jun2026 14:46:07.999] [modloading-worker-0/DEBUG] [com.tterrag.registrate.AbstractRegistrate/REGISTRATE.REGISTER]: Captured registration for entry crimsite of type minecraft:item
[09Jun2026 14:46:07.999] [modloading-worker-0/DEBUG] [com.tterrag.registrate.AbstractRegistrate/REGISTRATE.REGISTER]: Captured registration for entry crimsite of type minecraft:block
[09Jun2026 14:46:07.999] [modloading-worker-0/DEBUG] [com.tterrag.registrate.AbstractRegistrate/REGISTRATE.REGISTER]: Captured registration for entry cut_crimsite of type minecraft:item
[09Jun2026 14:46:07.999] [modloading-worker-0/DEBUG] [com.tterrag.registrate.AbstractRegistrate/REGISTRATE.REGISTER]: Captured registration for entry cut_crimsite of type minecraft:block
[09Jun2026 14:46:07.999] [modloading-worker-0/DEBUG] [com.tterrag.registrate.AbstractRegistrate/REGISTRATE.REGISTER]: Captured registration for entry cut_crimsite_stairs of type minecraft:item
[09Jun2026 14:46:07.999] [modloading-worker-0/DEBUG] [com.tterrag.registrate.AbstractRegistrate/REGISTRATE.REGISTER]: Captured registration for entry cut_crimsite_stairs of type minecraft:block
[09Jun2026 14:46:07.999] [modloading-worker-0/DEBUG] [com.tterrag.registrate.AbstractRegistrate/REGISTRATE.REGISTER]: Captured registration for entry cut_crimsite_slab of type minecraft:item
[09Jun2026 14:46:07.999] [modloading-worker-0/DEBUG] [com.tterrag.registrate.AbstractRegistrate/REGISTRATE.REGISTER]: Captured registration for entry cut_crimsite_slab of type minecraft:block
[09Jun2026 14:46:07.999] [modloading-worker-0/DEBUG] [com.tterrag.registrate.AbstractRegistrate/REGISTRATE.REGISTER]: Captured registration for entry cut_crimsite_wall of type minecraft:item
[09Jun2026 14:46:07.999] [modloading-worker-0/DEBUG] [com.tterrag.registrate.AbstractRegistrate/REGISTRATE.REGISTER]: Captured registration for entry cut_crimsite_wall of type minecraft:block
[09Jun2026 14:46:08.000] [modloading-worker-0/DEBUG] [com.tterrag.registrate.AbstractRegistrate/REGISTRATE.REGISTER]: Captured registration for entry polished_cut_crimsite of type minecraft:item
[09Jun2026 14:46:08.000] [modloading-worker-0/DEBUG] [com.tterrag.registrate.AbstractRegistrate/REGISTRATE.REGISTER]: Captured registration for entry polished_cut_crimsite of type minecraft:block
[09Jun2026 14:46:08.000] [modloading-worker-0/DEBUG] [com.tterrag.registrate.AbstractRegistrate/REGISTRATE.REGISTER]: Captured registration for entry polished_cut_crimsite_stairs of type minecraft:item
[09Jun2026 14:46:08.000] [modloading-worker-0/DEBUG] [com.tterrag.registrate.AbstractRegistrate/REGISTRATE.REGISTER]: Captured registration for entry polished_cut_crimsite_stairs of type minecraft:block
[09Jun2026 14:46:08.000] [modloading-worker-0/DEBUG] [com.tterrag.registrate.AbstractRegistrate/REGISTRATE.REGISTER]: Captured registration for entry polished_cut_crimsite_slab of type minecraft:item
[09Jun2026 14:46:08.000] [modloading-worker-0/DEBUG] [com.tterrag.registrate.AbstractRegistrate/REGISTRATE.REGISTER]: Captured registration for entry polished_cut_crimsite_slab of type minecraft:block
[09Jun2026 14:46:08.000] [modloading-worker-0/DEBUG] [com.tterrag.registrate.AbstractRegistrate/REGISTRATE.REGISTER]: Captured registration for entry polished_cut_crimsite_wall of type minecraft:item
[09Jun2026 14:46:08.000] [modloading-worker-0/DEBUG] [com.tterrag.registrate.AbstractRegistrate/REGISTRATE.REGISTER]: Captured registration for entry polished_cut_crimsite_wall of type minecraft:block
[09Jun2026 14:46:08.000] [modloading-worker-0/DEBUG] [com.tterrag.registrate.AbstractRegistrate/REGISTRATE.REGISTER]: Captured registration for entry cut_crimsite_bricks of type minecraft:item
[09Jun2026 14:46:08.000] [modloading-worker-0/DEBUG] [com.tterrag.registrate.AbstractRegistrate/REGISTRATE.REGISTER]: Captured registration for entry cut_crimsite_bricks of type minecraft:block
[09Jun2026 14:46:08.000] [modloading-worker-0/DEBUG] [com.tterrag.registrate.AbstractRegistrate/REGISTRATE.REGISTER]: Captured registration for entry cut_crimsite_brick_stairs of type minecraft:item
[09Jun2026 14:46:08.000] [modloading-worker-0/DEBUG] [com.tterrag.registrate.AbstractRegistrate/REGISTRATE.REGISTER]: Captured registration for entry cut_crimsite_brick_stairs of type minecraft:block
[09Jun2026 14:46:08.000] [modloading-worker-0/DEBUG] [com.tterrag.registrate.AbstractRegistrate/REGISTRATE.REGISTER]: Captured registration for entry cut_crimsite_brick_slab of type minecraft:item
[09Jun2026 14:46:08.000] [modloading-worker-0/DEBUG] [com.tterrag.registrate.AbstractRegistrate/REGISTRATE.REGISTER]: Captured registration for entry cut_crimsite_brick_slab of type minecraft:block
[09Jun2026 14:46:08.000] [modloading-worker-0/DEBUG] [com.tterrag.registrate.AbstractRegistrate/REGISTRATE.REGISTER]: Captured registration for entry cut_crimsite_brick_wall of type minecraft:item
[09Jun2026 14:46:08.000] [modloading-worker-0/DEBUG] [com.tterrag.registrate.AbstractRegistrate/REGISTRATE.REGISTER]: Captured registration for entry cut_crimsite_brick_wall of type minecraft:block
[09Jun2026 14:46:08.000] [modloading-worker-0/DEBUG] [com.tterrag.registrate.AbstractRegistrate/REGISTRATE.REGISTER]: Captured registration for entry small_crimsite_bricks of type minecraft:item
[09Jun2026 14:46:08.000] [modloading-worker-0/DEBUG] [com.tterrag.registrate.AbstractRegistrate/REGISTRATE.REGISTER]: Captured registration for entry small_crimsite_bricks of type minecraft:block
[09Jun2026 14:46:08.001] [modloading-worker-0/DEBUG] [com.tterrag.registrate.AbstractRegistrate/REGISTRATE.REGISTER]: Captured registration for entry small_crimsite_brick_stairs of type minecraft:item
[09Jun2026 14:46:08.001] [modloading-worker-0/DEBUG] [com.tterrag.registrate.AbstractRegistrate/REGISTRATE.REGISTER]: Captured registration for entry small_crimsite_brick_stairs of type minecraft:block
[09Jun2026 14:46:08.001] [modloading-worker-0/DEBUG] [com.tterrag.registrate.AbstractRegistrate/REGISTRATE.REGISTER]: Captured registration for entry small_crimsite_brick_slab of type minecraft:item
[09Jun2026 14:46:08.001] [modloading-worker-0/DEBUG] [com.tterrag.registrate.AbstractRegistrate/REGISTRATE.REGISTER]: Captured registration for entry small_crimsite_brick_slab of type minecraft:block
[09Jun2026 14:46:08.001] [modloading-worker-0/DEBUG] [com.tterrag.registrate.AbstractRegistrate/REGISTRATE.REGISTER]: Captured registration for entry small_crimsite_brick_wall of type minecraft:item
[09Jun2026 14:46:08.001] [modloading-worker-0/DEBUG] [com.tterrag.registrate.AbstractRegistrate/REGISTRATE.REGISTER]: Captured registration for entry small_crimsite_brick_wall of type minecraft:block
[09Jun2026 14:46:08.001] [modloading-worker-0/DEBUG] [com.tterrag.registrate.AbstractRegistrate/REGISTRATE.REGISTER]: Captured registration for entry layered_crimsite of type minecraft:item
[09Jun2026 14:46:08.001] [modloading-worker-0/DEBUG] [com.tterrag.registrate.AbstractRegistrate/REGISTRATE.REGISTER]: Captured registration for entry layered_crimsite of type minecraft:block
[09Jun2026 14:46:08.001] [modloading-worker-0/DEBUG] [com.tterrag.registrate.AbstractRegistrate/REGISTRATE.REGISTER]: Captured registration for entry crimsite_pillar of type minecraft:item
[09Jun2026 14:46:08.001] [modloading-worker-0/DEBUG] [com.tterrag.registrate.AbstractRegistrate/REGISTRATE.REGISTER]: Captured registration for entry crimsite_pillar of type minecraft:block
[09Jun2026 14:46:08.002] [modloading-worker-0/DEBUG] [com.tterrag.registrate.AbstractRegistrate/REGISTRATE.REGISTER]: Captured registration for entry limestone of type minecraft:item
[09Jun2026 14:46:08.002] [modloading-worker-0/DEBUG] [com.tterrag.registrate.AbstractRegistrate/REGISTRATE.REGISTER]: Captured registration for entry limestone of type minecraft:block
[09Jun2026 14:46:08.002] [modloading-worker-0/DEBUG] [com.tterrag.registrate.AbstractRegistrate/REGISTRATE.REGISTER]: Captured registration for entry cut_limestone of type minecraft:item
[09Jun2026 14:46:08.002] [modloading-worker-0/DEBUG] [com.tterrag.registrate.AbstractRegistrate/REGISTRATE.REGISTER]: Captured registration for entry cut_limestone of type minecraft:block
[09Jun2026 14:46:08.002] [modloading-worker-0/DEBUG] [com.tterrag.registrate.AbstractRegistrate/REGISTRATE.REGISTER]: Captured registration for entry cut_limestone_stairs of type minecraft:item
[09Jun2026 14:46:08.002] [modloading-worker-0/DEBUG] [com.tterrag.registrate.AbstractRegistrate/REGISTRATE.REGISTER]: Captured registration for entry cut_limestone_stairs of type minecraft:block
[09Jun2026 14:46:08.002] [modloading-worker-0/DEBUG] [com.tterrag.registrate.AbstractRegistrate/REGISTRATE.REGISTER]: Captured registration for entry cut_limestone_slab of type minecraft:item
[09Jun2026 14:46:08.002] [modloading-worker-0/DEBUG] [com.tterrag.registrate.AbstractRegistrate/REGISTRATE.REGISTER]: Captured registration for entry cut_limestone_slab of type minecraft:block
[09Jun2026 14:46:08.002] [modloading-worker-0/DEBUG] [com.tterrag.registrate.AbstractRegistrate/REGISTRATE.REGISTER]: Captured registration for entry cut_limestone_wall of type minecraft:item
[09Jun2026 14:46:08.002] [modloading-worker-0/DEBUG] [com.tterrag.registrate.AbstractRegistrate/REGISTRATE.REGISTER]: Captured registration for entry cut_limestone_wall of type minecraft:block
[09Jun2026 14:46:08.002] [modloading-worker-0/DEBUG] [com.tterrag.registrate.AbstractRegistrate/REGISTRATE.REGISTER]: Captured registration for entry polished_cut_limestone of type minecraft:item
[09Jun2026 14:46:08.002] [modloading-worker-0/DEBUG] [com.tterrag.registrate.AbstractRegistrate/REGISTRATE.REGISTER]: Captured registration for entry polished_cut_limestone of type minecraft:block
[09Jun2026 14:46:08.002] [modloading-worker-0/DEBUG] [com.tterrag.registrate.AbstractRegistrate/REGISTRATE.REGISTER]: Captured registration for entry polished_cut_limestone_stairs of type minecraft:item
[09Jun2026 14:46:08.002] [modloading-worker-0/DEBUG] [com.tterrag.registrate.AbstractRegistrate/REGISTRATE.REGISTER]: Captured registration for entry polished_cut_limestone_stairs of type minecraft:block
[09Jun2026 14:46:08.002] [modloading-worker-0/DEBUG] [com.tterrag.registrate.AbstractRegistrate/REGISTRATE.REGISTER]: Captured registration for entry polished_cut_limestone_slab of type minecraft:item
[09Jun2026 14:46:08.002] [modloading-worker-0/DEBUG] [com.tterrag.registrate.AbstractRegistrate/REGISTRATE.REGISTER]: Captured registration for entry polished_cut_limestone_slab of type minecraft:block
[09Jun2026 14:46:08.003] [modloading-worker-0/DEBUG] [com.tterrag.registrate.AbstractRegistrate/REGISTRATE.REGISTER]: Captured registration for entry polished_cut_limestone_wall of type minecraft:item
[09Jun2026 14:46:08.003] [modloading-worker-0/DEBUG] [com.tterrag.registrate.AbstractRegistrate/REGISTRATE.REGISTER]: Captured registration for entry polished_cut_limestone_wall of type minecraft:block
[09Jun2026 14:46:08.003] [modloading-worker-0/DEBUG] [com.tterrag.registrate.AbstractRegistrate/REGISTRATE.REGISTER]: Captured registration for entry cut_limestone_bricks of type minecraft:item
[09Jun2026 14:46:08.003] [modloading-worker-0/DEBUG] [com.tterrag.registrate.AbstractRegistrate/REGISTRATE.REGISTER]: Captured registration for entry cut_limestone_bricks of type minecraft:block
[09Jun2026 14:46:08.003] [modloading-worker-0/DEBUG] [com.tterrag.registrate.AbstractRegistrate/REGISTRATE.REGISTER]: Captured registration for entry cut_limestone_brick_stairs of type minecraft:item
[09Jun2026 14:46:08.003] [modloading-worker-0/DEBUG] [com.tterrag.registrate.AbstractRegistrate/REGISTRATE.REGISTER]: Captured registration for entry cut_limestone_brick_stairs of type minecraft:block
[09Jun2026 14:46:08.003] [modloading-worker-0/DEBUG] [com.tterrag.registrate.AbstractRegistrate/REGISTRATE.REGISTER]: Captured registration for entry cut_limestone_brick_slab of type minecraft:item
[09Jun2026 14:46:08.003] [modloading-worker-0/DEBUG] [com.tterrag.registrate.AbstractRegistrate/REGISTRATE.REGISTER]: Captured registration for entry cut_limestone_brick_slab of type minecraft:block
[09Jun2026 14:46:08.003] [modloading-worker-0/DEBUG] [com.tterrag.registrate.AbstractRegistrate/REGISTRATE.REGISTER]: Captured registration for entry cut_limestone_brick_wall of type minecraft:item
[09Jun2026 14:46:08.003] [modloading-worker-0/DEBUG] [com.tterrag.registrate.AbstractRegistrate/REGISTRATE.REGISTER]: Captured registration for entry cut_limestone_brick_wall of type minecraft:block
[09Jun2026 14:46:08.003] [modloading-worker-0/DEBUG] [com.tterrag.registrate.AbstractRegistrate/REGISTRATE.REGISTER]: Captured registration for entry small_limestone_bricks of type minecraft:item
[09Jun2026 14:46:08.003] [modloading-worker-0/DEBUG] [com.tterrag.registrate.AbstractRegistrate/REGISTRATE.REGISTER]: Captured registration for entry small_limestone_bricks of type minecraft:block
[09Jun2026 14:46:08.003] [modloading-worker-0/DEBUG] [com.tterrag.registrate.AbstractRegistrate/REGISTRATE.REGISTER]: Captured registration for entry small_limestone_brick_stairs of type minecraft:item
[09Jun2026 14:46:08.003] [modloading-worker-0/DEBUG] [com.tterrag.registrate.AbstractRegistrate/REGISTRATE.REGISTER]: Captured registration for entry small_limestone_brick_stairs of type minecraft:block
[09Jun2026 14:46:08.003] [modloading-worker-0/DEBUG] [com.tterrag.registrate.AbstractRegistrate/REGISTRATE.REGISTER]: Captured registration for entry small_limestone_brick_slab of type minecraft:item
[09Jun2026 14:46:08.003] [modloading-worker-0/DEBUG] [com.tterrag.registrate.AbstractRegistrate/REGISTRATE.REGISTER]: Captured registration for entry small_limestone_brick_slab of type minecraft:block
[09Jun2026 14:46:08.003] [modloading-worker-0/DEBUG] [com.tterrag.registrate.AbstractRegistrate/REGISTRATE.REGISTER]: Captured registration for entry small_limestone_brick_wall of type minecraft:item
[09Jun2026 14:46:08.003] [modloading-worker-0/DEBUG] [com.tterrag.registrate.AbstractRegistrate/REGISTRATE.REGISTER]: Captured registration for entry small_limestone_brick_wall of type minecraft:block
[09Jun2026 14:46:08.003] [modloading-worker-0/DEBUG] [com.tterrag.registrate.AbstractRegistrate/REGISTRATE.REGISTER]: Captured registration for entry layered_limestone of type minecraft:item
[09Jun2026 14:46:08.004] [modloading-worker-0/DEBUG] [com.tterrag.registrate.AbstractRegistrate/REGISTRATE.REGISTER]: Captured registration for entry layered_limestone of type minecraft:block
[09Jun2026 14:46:08.004] [modloading-worker-0/DEBUG] [com.tterrag.registrate.AbstractRegistrate/REGISTRATE.REGISTER]: Captured registration for entry limestone_pillar of type minecraft:item
[09Jun2026 14:46:08.004] [modloading-worker-0/DEBUG] [com.tterrag.registrate.AbstractRegistrate/REGISTRATE.REGISTER]: Captured registration for entry limestone_pillar of type minecraft:block
[09Jun2026 14:46:08.004] [modloading-worker-0/DEBUG] [com.tterrag.registrate.AbstractRegistrate/REGISTRATE.REGISTER]: Captured registration for entry ochrum of type minecraft:item
[09Jun2026 14:46:08.005] [modloading-worker-0/DEBUG] [com.tterrag.registrate.AbstractRegistrate/REGISTRATE.REGISTER]: Captured registration for entry ochrum of type minecraft:block
[09Jun2026 14:46:08.005] [modloading-worker-0/DEBUG] [com.tterrag.registrate.AbstractRegistrate/REGISTRATE.REGISTER]: Captured registration for entry cut_ochrum of type minecraft:item
[09Jun2026 14:46:08.005] [modloading-worker-0/DEBUG] [com.tterrag.registrate.AbstractRegistrate/REGISTRATE.REGISTER]: Captured registration for entry cut_ochrum of type minecraft:block
[09Jun2026 14:46:08.006] [modloading-worker-0/DEBUG] [com.tterrag.registrate.AbstractRegistrate/REGISTRATE.REGISTER]: Captured registration for entry cut_ochrum_stairs of type minecraft:item
[09Jun2026 14:46:08.006] [modloading-worker-0/DEBUG] [com.tterrag.registrate.AbstractRegistrate/REGISTRATE.REGISTER]: Captured registration for entry cut_ochrum_stairs of type minecraft:block
[09Jun2026 14:46:08.006] [modloading-worker-0/DEBUG] [com.tterrag.registrate.AbstractRegistrate/REGISTRATE.REGISTER]: Captured registration for entry cut_ochrum_slab of type minecraft:item
[09Jun2026 14:46:08.006] [modloading-worker-0/DEBUG] [com.tterrag.registrate.AbstractRegistrate/REGISTRATE.REGISTER]: Captured registration for entry cut_ochrum_slab of type minecraft:block
[09Jun2026 14:46:08.006] [modloading-worker-0/DEBUG] [com.tterrag.registrate.AbstractRegistrate/REGISTRATE.REGISTER]: Captured registration for entry cut_ochrum_wall of type minecraft:item
[09Jun2026 14:46:08.006] [modloading-worker-0/DEBUG] [com.tterrag.registrate.AbstractRegistrate/REGISTRATE.REGISTER]: Captured registration for entry cut_ochrum_wall of type minecraft:block
[09Jun2026 14:46:08.006] [modloading-worker-0/DEBUG] [com.tterrag.registrate.AbstractRegistrate/REGISTRATE.REGISTER]: Captured registration for entry polished_cut_ochrum of type minecraft:item
[09Jun2026 14:46:08.006] [modloading-worker-0/DEBUG] [com.tterrag.registrate.AbstractRegistrate/REGISTRATE.REGISTER]: Captured registration for entry polished_cut_ochrum of type minecraft:block
[09Jun2026 14:46:08.006] [modloading-worker-0/DEBUG] [com.tterrag.registrate.AbstractRegistrate/REGISTRATE.REGISTER]: Captured registration for entry polished_cut_ochrum_stairs of type minecraft:item
[09Jun2026 14:46:08.007] [modloading-worker-0/DEBUG] [com.tterrag.registrate.AbstractRegistrate/REGISTRATE.REGISTER]: Captured registration for entry polished_cut_ochrum_stairs of type minecraft:block
[09Jun2026 14:46:08.007] [modloading-worker-0/DEBUG] [com.tterrag.registrate.AbstractRegistrate/REGISTRATE.REGISTER]: Captured registration for entry polished_cut_ochrum_slab of type minecraft:item
[09Jun2026 14:46:08.007] [modloading-worker-0/DEBUG] [com.tterrag.registrate.AbstractRegistrate/REGISTRATE.REGISTER]: Captured registration for entry polished_cut_ochrum_slab of type minecraft:block
[09Jun2026 14:46:08.008] [modloading-worker-0/DEBUG] [com.tterrag.registrate.AbstractRegistrate/REGISTRATE.REGISTER]: Captured registration for entry polished_cut_ochrum_wall of type minecraft:item
[09Jun2026 14:46:08.008] [modloading-worker-0/DEBUG] [com.tterrag.registrate.AbstractRegistrate/REGISTRATE.REGISTER]: Captured registration for entry polished_cut_ochrum_wall of type minecraft:block
[09Jun2026 14:46:08.008] [modloading-worker-0/DEBUG] [com.tterrag.registrate.AbstractRegistrate/REGISTRATE.REGISTER]: Captured registration for entry cut_ochrum_bricks of type minecraft:item
[09Jun2026 14:46:08.008] [modloading-worker-0/DEBUG] [com.tterrag.registrate.AbstractRegistrate/REGISTRATE.REGISTER]: Captured registration for entry cut_ochrum_bricks of type minecraft:block
[09Jun2026 14:46:08.008] [modloading-worker-0/DEBUG] [com.tterrag.registrate.AbstractRegistrate/REGISTRATE.REGISTER]: Captured registration for entry cut_ochrum_brick_stairs of type minecraft:item
[09Jun2026 14:46:08.008] [modloading-worker-0/DEBUG] [com.tterrag.registrate.AbstractRegistrate/REGISTRATE.REGISTER]: Captured registration for entry cut_ochrum_brick_stairs of type minecraft:block
[09Jun2026 14:46:08.008] [modloading-worker-0/DEBUG] [com.tterrag.registrate.AbstractRegistrate/REGISTRATE.REGISTER]: Captured registration for entry cut_ochrum_brick_slab of type minecraft:item
[09Jun2026 14:46:08.008] [modloading-worker-0/DEBUG] [com.tterrag.registrate.AbstractRegistrate/REGISTRATE.REGISTER]: Captured registration for entry cut_ochrum_brick_slab of type minecraft:block
[09Jun2026 14:46:08.008] [modloading-worker-0/DEBUG] [com.tterrag.registrate.AbstractRegistrate/REGISTRATE.REGISTER]: Captured registration for entry cut_ochrum_brick_wall of type minecraft:item
[09Jun2026 14:46:08.008] [modloading-worker-0/DEBUG] [com.tterrag.registrate.AbstractRegistrate/REGISTRATE.REGISTER]: Captured registration for entry cut_ochrum_brick_wall of type minecraft:block
[09Jun2026 14:46:08.009] [modloading-worker-0/DEBUG] [com.tterrag.registrate.AbstractRegistrate/REGISTRATE.REGISTER]: Captured registration for entry small_ochrum_bricks of type minecraft:item
[09Jun2026 14:46:08.009] [modloading-worker-0/DEBUG] [com.tterrag.registrate.AbstractRegistrate/REGISTRATE.REGISTER]: Captured registration for entry small_ochrum_bricks of type minecraft:block
[09Jun2026 14:46:08.009] [modloading-worker-0/DEBUG] [com.tterrag.registrate.AbstractRegistrate/REGISTRATE.REGISTER]: Captured registration for entry small_ochrum_brick_stairs of type minecraft:item
[09Jun2026 14:46:08.009] [modloading-worker-0/DEBUG] [com.tterrag.registrate.AbstractRegistrate/REGISTRATE.REGISTER]: Captured registration for entry small_ochrum_brick_stairs of type minecraft:block
[09Jun2026 14:46:08.009] [modloading-worker-0/DEBUG] [com.tterrag.registrate.AbstractRegistrate/REGISTRATE.REGISTER]: Captured registration for entry small_ochrum_brick_slab of type minecraft:item
[09Jun2026 14:46:08.009] [modloading-worker-0/DEBUG] [com.tterrag.registrate.AbstractRegistrate/REGISTRATE.REGISTER]: Captured registration for entry small_ochrum_brick_slab of type minecraft:block
[09Jun2026 14:46:08.009] [modloading-worker-0/DEBUG] [com.tterrag.registrate.AbstractRegistrate/REGISTRATE.REGISTER]: Captured registration for entry small_ochrum_brick_wall of type minecraft:item
[09Jun2026 14:46:08.009] [modloading-worker-0/DEBUG] [com.tterrag.registrate.AbstractRegistrate/REGISTRATE.REGISTER]: Captured registration for entry small_ochrum_brick_wall of type minecraft:block
[09Jun2026 14:46:08.009] [modloading-worker-0/DEBUG] [com.tterrag.registrate.AbstractRegistrate/REGISTRATE.REGISTER]: Captured registration for entry layered_ochrum of type minecraft:item
[09Jun2026 14:46:08.009] [modloading-worker-0/DEBUG] [com.tterrag.registrate.AbstractRegistrate/REGISTRATE.REGISTER]: Captured registration for entry layered_ochrum of type minecraft:block
[09Jun2026 14:46:08.009] [modloading-worker-0/DEBUG] [com.tterrag.registrate.AbstractRegistrate/REGISTRATE.REGISTER]: Captured registration for entry ochrum_pillar of type minecraft:item
[09Jun2026 14:46:08.009] [modloading-worker-0/DEBUG] [com.tterrag.registrate.AbstractRegistrate/REGISTRATE.REGISTER]: Captured registration for entry ochrum_pillar of type minecraft:block
[09Jun2026 14:46:08.010] [modloading-worker-0/DEBUG] [com.tterrag.registrate.AbstractRegistrate/REGISTRATE.REGISTER]: Captured registration for entry scoria of type minecraft:item
[09Jun2026 14:46:08.010] [modloading-worker-0/DEBUG] [com.tterrag.registrate.AbstractRegistrate/REGISTRATE.REGISTER]: Captured registration for entry scoria of type minecraft:block
[09Jun2026 14:46:08.010] [modloading-worker-0/DEBUG] [com.tterrag.registrate.AbstractRegistrate/REGISTRATE.REGISTER]: Captured registration for entry cut_scoria of type minecraft:item
[09Jun2026 14:46:08.010] [modloading-worker-0/DEBUG] [com.tterrag.registrate.AbstractRegistrate/REGISTRATE.REGISTER]: Captured registration for entry cut_scoria of type minecraft:block
[09Jun2026 14:46:08.010] [modloading-worker-0/DEBUG] [com.tterrag.registrate.AbstractRegistrate/REGISTRATE.REGISTER]: Captured registration for entry cut_scoria_stairs of type minecraft:item
[09Jun2026 14:46:08.010] [modloading-worker-0/DEBUG] [com.tterrag.registrate.AbstractRegistrate/REGISTRATE.REGISTER]: Captured registration for entry cut_scoria_stairs of type minecraft:block
[09Jun2026 14:46:08.011] [modloading-worker-0/DEBUG] [com.tterrag.registrate.AbstractRegistrate/REGISTRATE.REGISTER]: Captured registration for entry cut_scoria_slab of type minecraft:item
[09Jun2026 14:46:08.011] [modloading-worker-0/DEBUG] [com.tterrag.registrate.AbstractRegistrate/REGISTRATE.REGISTER]: Captured registration for entry cut_scoria_slab of type minecraft:block
[09Jun2026 14:46:08.011] [modloading-worker-0/DEBUG] [com.tterrag.registrate.AbstractRegistrate/REGISTRATE.REGISTER]: Captured registration for entry cut_scoria_wall of type minecraft:item
[09Jun2026 14:46:08.011] [modloading-worker-0/DEBUG] [com.tterrag.registrate.AbstractRegistrate/REGISTRATE.REGISTER]: Captured registration for entry cut_scoria_wall of type minecraft:block
[09Jun2026 14:46:08.011] [modloading-worker-0/DEBUG] [com.tterrag.registrate.AbstractRegistrate/REGISTRATE.REGISTER]: Captured registration for entry polished_cut_scoria of type minecraft:item
[09Jun2026 14:46:08.011] [modloading-worker-0/DEBUG] [com.tterrag.registrate.AbstractRegistrate/REGISTRATE.REGISTER]: Captured registration for entry polished_cut_scoria of type minecraft:block
[09Jun2026 14:46:08.011] [modloading-worker-0/DEBUG] [com.tterrag.registrate.AbstractRegistrate/REGISTRATE.REGISTER]: Captured registration for entry polished_cut_scoria_stairs of type minecraft:item
[09Jun2026 14:46:08.011] [modloading-worker-0/DEBUG] [com.tterrag.registrate.AbstractRegistrate/REGISTRATE.REGISTER]: Captured registration for entry polished_cut_scoria_stairs of type minecraft:block
[09Jun2026 14:46:08.011] [modloading-worker-0/DEBUG] [com.tterrag.registrate.AbstractRegistrate/REGISTRATE.REGISTER]: Captured registration for entry polished_cut_scoria_slab of type minecraft:item
[09Jun2026 14:46:08.011] [modloading-worker-0/DEBUG] [com.tterrag.registrate.AbstractRegistrate/REGISTRATE.REGISTER]: Captured registration for entry polished_cut_scoria_slab of type minecraft:block
[09Jun2026 14:46:08.011] [modloading-worker-0/DEBUG] [com.tterrag.registrate.AbstractRegistrate/REGISTRATE.REGISTER]: Captured registration for entry polished_cut_scoria_wall of type minecraft:item
[09Jun2026 14:46:08.011] [modloading-worker-0/DEBUG] [com.tterrag.registrate.AbstractRegistrate/REGISTRATE.REGISTER]: Captured registration for entry polished_cut_scoria_wall of type minecraft:block
[09Jun2026 14:46:08.011] [modloading-worker-0/DEBUG] [com.tterrag.registrate.AbstractRegistrate/REGISTRATE.REGISTER]: Captured registration for entry cut_scoria_bricks of type minecraft:item
[09Jun2026 14:46:08.012] [modloading-worker-0/DEBUG] [com.tterrag.registrate.AbstractRegistrate/REGISTRATE.REGISTER]: Captured registration for entry cut_scoria_bricks of type minecraft:block
[09Jun2026 14:46:08.012] [modloading-worker-0/DEBUG] [com.tterrag.registrate.AbstractRegistrate/REGISTRATE.REGISTER]: Captured registration for entry cut_scoria_brick_stairs of type minecraft:item
[09Jun2026 14:46:08.012] [modloading-worker-0/DEBUG] [com.tterrag.registrate.AbstractRegistrate/REGISTRATE.REGISTER]: Captured registration for entry cut_scoria_brick_stairs of type minecraft:block
[09Jun2026 14:46:08.012] [modloading-worker-0/DEBUG] [com.tterrag.registrate.AbstractRegistrate/REGISTRATE.REGISTER]: Captured registration for entry cut_scoria_brick_slab of type minecraft:item
[09Jun2026 14:46:08.012] [modloading-worker-0/DEBUG] [com.tterrag.registrate.AbstractRegistrate/REGISTRATE.REGISTER]: Captured registration for entry cut_scoria_brick_slab of type minecraft:block
[09Jun2026 14:46:08.012] [modloading-worker-0/DEBUG] [com.tterrag.registrate.AbstractRegistrate/REGISTRATE.REGISTER]: Captured registration for entry cut_scoria_brick_wall of type minecraft:item
[09Jun2026 14:46:08.012] [modloading-worker-0/DEBUG] [com.tterrag.registrate.AbstractRegistrate/REGISTRATE.REGISTER]: Captured registration for entry cut_scoria_brick_wall of type minecraft:block
[09Jun2026 14:46:08.012] [modloading-worker-0/DEBUG] [com.tterrag.registrate.AbstractRegistrate/REGISTRATE.REGISTER]: Captured registration for entry small_scoria_bricks of type minecraft:item
[09Jun2026 14:46:08.012] [modloading-worker-0/DEBUG] [com.tterrag.registrate.AbstractRegistrate/REGISTRATE.REGISTER]: Captured registration for entry small_scoria_bricks of type minecraft:block
[09Jun2026 14:46:08.012] [modloading-worker-0/DEBUG] [com.tterrag.registrate.AbstractRegistrate/REGISTRATE.REGISTER]: Captured registration for entry small_scoria_brick_stairs of type minecraft:item
[09Jun2026 14:46:08.012] [modloading-worker-0/DEBUG] [com.tterrag.registrate.AbstractRegistrate/REGISTRATE.REGISTER]: Captured registration for entry small_scoria_brick_stairs of type minecraft:block
[09Jun2026 14:46:08.012] [modloading-worker-0/DEBUG] [com.tterrag.registrate.AbstractRegistrate/REGISTRATE.REGISTER]: Captured registration for entry small_scoria_brick_slab of type minecraft:item
[09Jun2026 14:46:08.012] [modloading-worker-0/DEBUG] [com.tterrag.registrate.AbstractRegistrate/REGISTRATE.REGISTER]: Captured registration for entry small_scoria_brick_slab of type minecraft:block
[09Jun2026 14:46:08.012] [modloading-worker-0/DEBUG] [com.tterrag.registrate.AbstractRegistrate/REGISTRATE.REGISTER]: Captured registration for entry small_scoria_brick_wall of type minecraft:item
[09Jun2026 14:46:08.012] [modloading-worker-0/DEBUG] [com.tterrag.registrate.AbstractRegistrate/REGISTRATE.REGISTER]: Captured registration for entry small_scoria_brick_wall of type minecraft:block
[09Jun2026 14:46:08.013] [modloading-worker-0/DEBUG] [com.tterrag.registrate.AbstractRegistrate/REGISTRATE.REGISTER]: Captured registration for entry layered_scoria of type minecraft:item
[09Jun2026 14:46:08.013] [modloading-worker-0/DEBUG] [com.tterrag.registrate.AbstractRegistrate/REGISTRATE.REGISTER]: Captured registration for entry layered_scoria of type minecraft:block
[09Jun2026 14:46:08.013] [modloading-worker-0/DEBUG] [com.tterrag.registrate.AbstractRegistrate/REGISTRATE.REGISTER]: Captured registration for entry scoria_pillar of type minecraft:item
[09Jun2026 14:46:08.013] [modloading-worker-0/DEBUG] [com.tterrag.registrate.AbstractRegistrate/REGISTRATE.REGISTER]: Captured registration for entry scoria_pillar of type minecraft:block
[09Jun2026 14:46:08.013] [modloading-worker-0/DEBUG] [com.tterrag.registrate.AbstractRegistrate/REGISTRATE.REGISTER]: Captured registration for entry scorchia of type minecraft:item
[09Jun2026 14:46:08.013] [modloading-worker-0/DEBUG] [com.tterrag.registrate.AbstractRegistrate/REGISTRATE.REGISTER]: Captured registration for entry scorchia of type minecraft:block
[09Jun2026 14:46:08.014] [modloading-worker-0/DEBUG] [com.tterrag.registrate.AbstractRegistrate/REGISTRATE.REGISTER]: Captured registration for entry cut_scorchia of type minecraft:item
[09Jun2026 14:46:08.014] [modloading-worker-0/DEBUG] [com.tterrag.registrate.AbstractRegistrate/REGISTRATE.REGISTER]: Captured registration for entry cut_scorchia of type minecraft:block
[09Jun2026 14:46:08.014] [modloading-worker-0/DEBUG] [com.tterrag.registrate.AbstractRegistrate/REGISTRATE.REGISTER]: Captured registration for entry cut_scorchia_stairs of type minecraft:item
[09Jun2026 14:46:08.014] [modloading-worker-0/DEBUG] [com.tterrag.registrate.AbstractRegistrate/REGISTRATE.REGISTER]: Captured registration for entry cut_scorchia_stairs of type minecraft:block
[09Jun2026 14:46:08.014] [modloading-worker-0/DEBUG] [com.tterrag.registrate.AbstractRegistrate/REGISTRATE.REGISTER]: Captured registration for entry cut_scorchia_slab of type minecraft:item
[09Jun2026 14:46:08.014] [modloading-worker-0/DEBUG] [com.tterrag.registrate.AbstractRegistrate/REGISTRATE.REGISTER]: Captured registration for entry cut_scorchia_slab of type minecraft:block
[09Jun2026 14:46:08.014] [modloading-worker-0/DEBUG] [com.tterrag.registrate.AbstractRegistrate/REGISTRATE.REGISTER]: Captured registration for entry cut_scorchia_wall of type minecraft:item
[09Jun2026 14:46:08.014] [modloading-worker-0/DEBUG] [com.tterrag.registrate.AbstractRegistrate/REGISTRATE.REGISTER]: Captured registration for entry cut_scorchia_wall of type minecraft:block
[09Jun2026 14:46:08.014] [modloading-worker-0/DEBUG] [com.tterrag.registrate.AbstractRegistrate/REGISTRATE.REGISTER]: Captured registration for entry polished_cut_scorchia of type minecraft:item
[09Jun2026 14:46:08.014] [modloading-worker-0/DEBUG] [com.tterrag.registrate.AbstractRegistrate/REGISTRATE.REGISTER]: Captured registration for entry polished_cut_scorchia of type minecraft:block
[09Jun2026 14:46:08.014] [modloading-worker-0/DEBUG] [com.tterrag.registrate.AbstractRegistrate/REGISTRATE.REGISTER]: Captured registration for entry polished_cut_scorchia_stairs of type minecraft:item
[09Jun2026 14:46:08.014] [modloading-worker-0/DEBUG] [com.tterrag.registrate.AbstractRegistrate/REGISTRATE.REGISTER]: Captured registration for entry polished_cut_scorchia_stairs of type minecraft:block
[09Jun2026 14:46:08.014] [modloading-worker-0/DEBUG] [com.tterrag.registrate.AbstractRegistrate/REGISTRATE.REGISTER]: Captured registration for entry polished_cut_scorchia_slab of type minecraft:item
[09Jun2026 14:46:08.014] [modloading-worker-0/DEBUG] [com.tterrag.registrate.AbstractRegistrate/REGISTRATE.REGISTER]: Captured registration for entry polished_cut_scorchia_slab of type minecraft:block
[09Jun2026 14:46:08.014] [modloading-worker-0/DEBUG] [com.tterrag.registrate.AbstractRegistrate/REGISTRATE.REGISTER]: Captured registration for entry polished_cut_scorchia_wall of type minecraft:item
[09Jun2026 14:46:08.014] [modloading-worker-0/DEBUG] [com.tterrag.registrate.AbstractRegistrate/REGISTRATE.REGISTER]: Captured registration for entry polished_cut_scorchia_wall of type minecraft:block
[09Jun2026 14:46:08.014] [modloading-worker-0/DEBUG] [com.tterrag.registrate.AbstractRegistrate/REGISTRATE.REGISTER]: Captured registration for entry cut_scorchia_bricks of type minecraft:item
[09Jun2026 14:46:08.014] [modloading-worker-0/DEBUG] [com.tterrag.registrate.AbstractRegistrate/REGISTRATE.REGISTER]: Captured registration for entry cut_scorchia_bricks of type minecraft:block
[09Jun2026 14:46:08.015] [modloading-worker-0/DEBUG] [com.tterrag.registrate.AbstractRegistrate/REGISTRATE.REGISTER]: Captured registration for entry cut_scorchia_brick_stairs of type minecraft:item
[09Jun2026 14:46:08.015] [modloading-worker-0/DEBUG] [com.tterrag.registrate.AbstractRegistrate/REGISTRATE.REGISTER]: Captured registration for entry cut_scorchia_brick_stairs of type minecraft:block
[09Jun2026 14:46:08.015] [modloading-worker-0/DEBUG] [com.tterrag.registrate.AbstractRegistrate/REGISTRATE.REGISTER]: Captured registration for entry cut_scorchia_brick_slab of type minecraft:item
[09Jun2026 14:46:08.015] [modloading-worker-0/DEBUG] [com.tterrag.registrate.AbstractRegistrate/REGISTRATE.REGISTER]: Captured registration for entry cut_scorchia_brick_slab of type minecraft:block
[09Jun2026 14:46:08.015] [modloading-worker-0/DEBUG] [com.tterrag.registrate.AbstractRegistrate/REGISTRATE.REGISTER]: Captured registration for entry cut_scorchia_brick_wall of type minecraft:item
[09Jun2026 14:46:08.015] [modloading-worker-0/DEBUG] [com.tterrag.registrate.AbstractRegistrate/REGISTRATE.REGISTER]: Captured registration for entry cut_scorchia_brick_wall of type minecraft:block
[09Jun2026 14:46:08.015] [modloading-worker-0/DEBUG] [com.tterrag.registrate.AbstractRegistrate/REGISTRATE.REGISTER]: Captured registration for entry small_scorchia_bricks of type minecraft:item
[09Jun2026 14:46:08.015] [modloading-worker-0/DEBUG] [com.tterrag.registrate.AbstractRegistrate/REGISTRATE.REGISTER]: Captured registration for entry small_scorchia_bricks of type minecraft:block
[09Jun2026 14:46:08.015] [modloading-worker-0/DEBUG] [com.tterrag.registrate.AbstractRegistrate/REGISTRATE.REGISTER]: Captured registration for entry small_scorchia_brick_stairs of type minecraft:item
[09Jun2026 14:46:08.015] [modloading-worker-0/DEBUG] [com.tterrag.registrate.AbstractRegistrate/REGISTRATE.REGISTER]: Captured registration for entry small_scorchia_brick_stairs of type minecraft:block
[09Jun2026 14:46:08.015] [modloading-worker-0/DEBUG] [com.tterrag.registrate.AbstractRegistrate/REGISTRATE.REGISTER]: Captured registration for entry small_scorchia_brick_slab of type minecraft:item
[09Jun2026 14:46:08.015] [modloading-worker-0/DEBUG] [com.tterrag.registrate.AbstractRegistrate/REGISTRATE.REGISTER]: Captured registration for entry small_scorchia_brick_slab of type minecraft:block
[09Jun2026 14:46:08.015] [modloading-worker-0/DEBUG] [com.tterrag.registrate.AbstractRegistrate/REGISTRATE.REGISTER]: Captured registration for entry small_scorchia_brick_wall of type minecraft:item
[09Jun2026 14:46:08.015] [modloading-worker-0/DEBUG] [com.tterrag.registrate.AbstractRegistrate/REGISTRATE.REGISTER]: Captured registration for entry small_scorchia_brick_wall of type minecraft:block
[09Jun2026 14:46:08.016] [modloading-worker-0/DEBUG] [com.tterrag.registrate.AbstractRegistrate/REGISTRATE.REGISTER]: Captured registration for entry layered_scorchia of type minecraft:item
[09Jun2026 14:46:08.016] [modloading-worker-0/DEBUG] [com.tterrag.registrate.AbstractRegistrate/REGISTRATE.REGISTER]: Captured registration for entry layered_scorchia of type minecraft:block
[09Jun2026 14:46:08.016] [modloading-worker-0/DEBUG] [com.tterrag.registrate.AbstractRegistrate/REGISTRATE.REGISTER]: Captured registration for entry scorchia_pillar of type minecraft:item
[09Jun2026 14:46:08.016] [modloading-worker-0/DEBUG] [com.tterrag.registrate.AbstractRegistrate/REGISTRATE.REGISTER]: Captured registration for entry scorchia_pillar of type minecraft:block
[09Jun2026 14:46:08.016] [modloading-worker-0/DEBUG] [com.tterrag.registrate.AbstractRegistrate/REGISTRATE.REGISTER]: Captured registration for entry veridium of type minecraft:item
[09Jun2026 14:46:08.016] [modloading-worker-0/DEBUG] [com.tterrag.registrate.AbstractRegistrate/REGISTRATE.REGISTER]: Captured registration for entry veridium of type minecraft:block
[09Jun2026 14:46:08.016] [modloading-worker-0/DEBUG] [com.tterrag.registrate.AbstractRegistrate/REGISTRATE.REGISTER]: Captured registration for entry cut_veridium of type minecraft:item
[09Jun2026 14:46:08.016] [modloading-worker-0/DEBUG] [com.tterrag.registrate.AbstractRegistrate/REGISTRATE.REGISTER]: Captured registration for entry cut_veridium of type minecraft:block
[09Jun2026 14:46:08.016] [modloading-worker-0/DEBUG] [com.tterrag.registrate.AbstractRegistrate/REGISTRATE.REGISTER]: Captured registration for entry cut_veridium_stairs of type minecraft:item
[09Jun2026 14:46:08.016] [modloading-worker-0/DEBUG] [com.tterrag.registrate.AbstractRegistrate/REGISTRATE.REGISTER]: Captured registration for entry cut_veridium_stairs of type minecraft:block
[09Jun2026 14:46:08.017] [modloading-worker-0/DEBUG] [com.tterrag.registrate.AbstractRegistrate/REGISTRATE.REGISTER]: Captured registration for entry cut_veridium_slab of type minecraft:item
[09Jun2026 14:46:08.017] [modloading-worker-0/DEBUG] [com.tterrag.registrate.AbstractRegistrate/REGISTRATE.REGISTER]: Captured registration for entry cut_veridium_slab of type minecraft:block
[09Jun2026 14:46:08.017] [modloading-worker-0/DEBUG] [com.tterrag.registrate.AbstractRegistrate/REGISTRATE.REGISTER]: Captured registration for entry cut_veridium_wall of type minecraft:item
[09Jun2026 14:46:08.017] [modloading-worker-0/DEBUG] [com.tterrag.registrate.AbstractRegistrate/REGISTRATE.REGISTER]: Captured registration for entry cut_veridium_wall of type minecraft:block
[09Jun2026 14:46:08.017] [modloading-worker-0/DEBUG] [com.tterrag.registrate.AbstractRegistrate/REGISTRATE.REGISTER]: Captured registration for entry polished_cut_veridium of type minecraft:item
[09Jun2026 14:46:08.017] [modloading-worker-0/DEBUG] [com.tterrag.registrate.AbstractRegistrate/REGISTRATE.REGISTER]: Captured registration for entry polished_cut_veridium of type minecraft:block
[09Jun2026 14:46:08.017] [modloading-worker-0/DEBUG] [com.tterrag.registrate.AbstractRegistrate/REGISTRATE.REGISTER]: Captured registration for entry polished_cut_veridium_stairs of type minecraft:item
[09Jun2026 14:46:08.017] [modloading-worker-0/DEBUG] [com.tterrag.registrate.AbstractRegistrate/REGISTRATE.REGISTER]: Captured registration for entry polished_cut_veridium_stairs of type minecraft:block
[09Jun2026 14:46:08.017] [modloading-worker-0/DEBUG] [com.tterrag.registrate.AbstractRegistrate/REGISTRATE.REGISTER]: Captured registration for entry polished_cut_veridium_slab of type minecraft:item
[09Jun2026 14:46:08.017] [modloading-worker-0/DEBUG] [com.tterrag.registrate.AbstractRegistrate/REGISTRATE.REGISTER]: Captured registration for entry polished_cut_veridium_slab of type minecraft:block
[09Jun2026 14:46:08.017] [modloading-worker-0/DEBUG] [com.tterrag.registrate.AbstractRegistrate/REGISTRATE.REGISTER]: Captured registration for entry polished_cut_veridium_wall of type minecraft:item
[09Jun2026 14:46:08.017] [modloading-worker-0/DEBUG] [com.tterrag.registrate.AbstractRegistrate/REGISTRATE.REGISTER]: Captured registration for entry polished_cut_veridium_wall of type minecraft:block
[09Jun2026 14:46:08.017] [modloading-worker-0/DEBUG] [com.tterrag.registrate.AbstractRegistrate/REGISTRATE.REGISTER]: Captured registration for entry cut_veridium_bricks of type minecraft:item
[09Jun2026 14:46:08.017] [modloading-worker-0/DEBUG] [com.tterrag.registrate.AbstractRegistrate/REGISTRATE.REGISTER]: Captured registration for entry cut_veridium_bricks of type minecraft:block
[09Jun2026 14:46:08.017] [modloading-worker-0/DEBUG] [com.tterrag.registrate.AbstractRegistrate/REGISTRATE.REGISTER]: Captured registration for entry cut_veridium_brick_stairs of type minecraft:item
[09Jun2026 14:46:08.017] [modloading-worker-0/DEBUG] [com.tterrag.registrate.AbstractRegistrate/REGISTRATE.REGISTER]: Captured registration for entry cut_veridium_brick_stairs of type minecraft:block
[09Jun2026 14:46:08.018] [modloading-worker-0/DEBUG] [com.tterrag.registrate.AbstractRegistrate/REGISTRATE.REGISTER]: Captured registration for entry cut_veridium_brick_slab of type minecraft:item
[09Jun2026 14:46:08.018] [modloading-worker-0/DEBUG] [com.tterrag.registrate.AbstractRegistrate/REGISTRATE.REGISTER]: Captured registration for entry cut_veridium_brick_slab of type minecraft:block
[09Jun2026 14:46:08.018] [modloading-worker-0/DEBUG] [com.tterrag.registrate.AbstractRegistrate/REGISTRATE.REGISTER]: Captured registration for entry cut_veridium_brick_wall of type minecraft:item
[09Jun2026 14:46:08.018] [modloading-worker-0/DEBUG] [com.tterrag.registrate.AbstractRegistrate/REGISTRATE.REGISTER]: Captured registration for entry cut_veridium_brick_wall of type minecraft:block
[09Jun2026 14:46:08.018] [modloading-worker-0/DEBUG] [com.tterrag.registrate.AbstractRegistrate/REGISTRATE.REGISTER]: Captured registration for entry small_veridium_bricks of type minecraft:item
[09Jun2026 14:46:08.018] [modloading-worker-0/DEBUG] [com.tterrag.registrate.AbstractRegistrate/REGISTRATE.REGISTER]: Captured registration for entry small_veridium_bricks of type minecraft:block
[09Jun2026 14:46:08.018] [modloading-worker-0/DEBUG] [com.tterrag.registrate.AbstractRegistrate/REGISTRATE.REGISTER]: Captured registration for entry small_veridium_brick_stairs of type minecraft:item
[09Jun2026 14:46:08.018] [modloading-worker-0/DEBUG] [com.tterrag.registrate.AbstractRegistrate/REGISTRATE.REGISTER]: Captured registration for entry small_veridium_brick_stairs of type minecraft:block
[09Jun2026 14:46:08.018] [modloading-worker-0/DEBUG] [com.tterrag.registrate.AbstractRegistrate/REGISTRATE.REGISTER]: Captured registration for entry small_veridium_brick_slab of type minecraft:item
[09Jun2026 14:46:08.018] [modloading-worker-0/DEBUG] [com.tterrag.registrate.AbstractRegistrate/REGISTRATE.REGISTER]: Captured registration for entry small_veridium_brick_slab of type minecraft:block
[09Jun2026 14:46:08.018] [modloading-worker-0/DEBUG] [com.tterrag.registrate.AbstractRegistrate/REGISTRATE.REGISTER]: Captured registration for entry small_veridium_brick_wall of type minecraft:item
[09Jun2026 14:46:08.019] [modloading-worker-0/DEBUG] [com.tterrag.registrate.AbstractRegistrate/REGISTRATE.REGISTER]: Captured registration for entry small_veridium_brick_wall of type minecraft:block
[09Jun2026 14:46:08.019] [modloading-worker-0/DEBUG] [com.tterrag.registrate.AbstractRegistrate/REGISTRATE.REGISTER]: Captured registration for entry layered_veridium of type minecraft:item
[09Jun2026 14:46:08.019] [modloading-worker-0/DEBUG] [com.tterrag.registrate.AbstractRegistrate/REGISTRATE.REGISTER]: Captured registration for entry layered_veridium of type minecraft:block
[09Jun2026 14:46:08.019] [modloading-worker-0/DEBUG] [com.tterrag.registrate.AbstractRegistrate/REGISTRATE.REGISTER]: Captured registration for entry veridium_pillar of type minecraft:item
[09Jun2026 14:46:08.019] [modloading-worker-0/DEBUG] [com.tterrag.registrate.AbstractRegistrate/REGISTRATE.REGISTER]: Captured registration for entry veridium_pillar of type minecraft:block
[09Jun2026 14:46:08.024] [modloading-worker-0/DEBUG] [com.tterrag.registrate.AbstractRegistrate/REGISTRATE.REGISTER]: Captured registration for entry schematic_table of type minecraft:menu
[09Jun2026 14:46:08.025] [modloading-worker-0/DEBUG] [com.tterrag.registrate.AbstractRegistrate/REGISTRATE.REGISTER]: Captured registration for entry schematicannon of type minecraft:menu
[09Jun2026 14:46:08.026] [modloading-worker-0/DEBUG] [com.tterrag.registrate.AbstractRegistrate/REGISTRATE.REGISTER]: Captured registration for entry filter of type minecraft:menu
[09Jun2026 14:46:08.027] [modloading-worker-0/DEBUG] [com.tterrag.registrate.AbstractRegistrate/REGISTRATE.REGISTER]: Captured registration for entry attribute_filter of type minecraft:menu
[09Jun2026 14:46:08.029] [modloading-worker-0/DEBUG] [com.tterrag.registrate.AbstractRegistrate/REGISTRATE.REGISTER]: Captured registration for entry crafting_blueprint of type minecraft:menu
[09Jun2026 14:46:08.029] [modloading-worker-0/DEBUG] [com.tterrag.registrate.AbstractRegistrate/REGISTRATE.REGISTER]: Captured registration for entry linked_controller of type minecraft:menu
[09Jun2026 14:46:08.031] [modloading-worker-0/DEBUG] [com.tterrag.registrate.AbstractRegistrate/REGISTRATE.REGISTER]: Captured registration for entry toolbox of type minecraft:menu
[09Jun2026 14:46:08.033] [modloading-worker-0/DEBUG] [com.tterrag.registrate.AbstractRegistrate/REGISTRATE.REGISTER]: Captured registration for entry schedule of type minecraft:menu
[09Jun2026 14:46:08.041] [modloading-worker-0/DEBUG] [com.tterrag.registrate.AbstractRegistrate/REGISTRATE.REGISTER]: Captured registration for entry contraption of type minecraft:entity_type
[09Jun2026 14:46:08.044] [modloading-worker-0/DEBUG] [com.tterrag.registrate.AbstractRegistrate/REGISTRATE.REGISTER]: Captured registration for entry stationary_contraption of type minecraft:entity_type
[09Jun2026 14:46:08.047] [modloading-worker-0/DEBUG] [com.tterrag.registrate.AbstractRegistrate/REGISTRATE.REGISTER]: Captured registration for entry gantry_contraption of type minecraft:entity_type
[09Jun2026 14:46:08.058] [modloading-worker-0/DEBUG] [com.tterrag.registrate.AbstractRegistrate/REGISTRATE.REGISTER]: Captured registration for entry carriage_contraption of type minecraft:entity_type
[09Jun2026 14:46:08.061] [modloading-worker-0/DEBUG] [com.tterrag.registrate.AbstractRegistrate/REGISTRATE.REGISTER]: Captured registration for entry super_glue of type minecraft:entity_type
[09Jun2026 14:46:08.063] [modloading-worker-0/DEBUG] [com.tterrag.registrate.AbstractRegistrate/REGISTRATE.REGISTER]: Captured registration for entry crafting_blueprint of type minecraft:entity_type
[09Jun2026 14:46:08.065] [modloading-worker-0/DEBUG] [com.tterrag.registrate.AbstractRegistrate/REGISTRATE.REGISTER]: Captured registration for entry potato_projectile of type minecraft:entity_type
[09Jun2026 14:46:08.067] [modloading-worker-0/DEBUG] [com.tterrag.registrate.AbstractRegistrate/REGISTRATE.REGISTER]: Captured registration for entry seat of type minecraft:entity_type
[09Jun2026 14:46:08.080] [modloading-worker-0/DEBUG] [com.tterrag.registrate.AbstractRegistrate/REGISTRATE.REGISTER]: Captured registration for entry schematicannon of type minecraft:block_entity_type
[09Jun2026 14:46:08.082] [modloading-worker-0/DEBUG] [com.tterrag.registrate.AbstractRegistrate/REGISTRATE.REGISTER]: Captured registration for entry schematic_table of type minecraft:block_entity_type
[09Jun2026 14:46:08.085] [modloading-worker-0/DEBUG] [com.tterrag.registrate.AbstractRegistrate/REGISTRATE.REGISTER]: Captured registration for entry simple_kinetic of type minecraft:block_entity_type
[09Jun2026 14:46:08.090] [modloading-worker-0/DEBUG] [com.tterrag.registrate.AbstractRegistrate/REGISTRATE.REGISTER]: Captured registration for entry motor of type minecraft:block_entity_type
[09Jun2026 14:46:08.092] [modloading-worker-0/DEBUG] [com.tterrag.registrate.AbstractRegistrate/REGISTRATE.REGISTER]: Captured registration for entry gearbox of type minecraft:block_entity_type
[09Jun2026 14:46:08.092] [modloading-worker-0/DEBUG] [com.tterrag.registrate.AbstractRegistrate/REGISTRATE.REGISTER]: Captured registration for entry encased_shaft of type minecraft:block_entity_type
[09Jun2026 14:46:08.093] [modloading-worker-0/DEBUG] [com.tterrag.registrate.AbstractRegistrate/REGISTRATE.REGISTER]: Captured registration for entry encased_cogwheel of type minecraft:block_entity_type
[09Jun2026 14:46:08.093] [modloading-worker-0/DEBUG] [com.tterrag.registrate.AbstractRegistrate/REGISTRATE.REGISTER]: Captured registration for entry encased_large_cogwheel of type minecraft:block_entity_type
[09Jun2026 14:46:08.094] [modloading-worker-0/DEBUG] [com.tterrag.registrate.AbstractRegistrate/REGISTRATE.REGISTER]: Captured registration for entry adjustable_chain_gearshift of type minecraft:block_entity_type
[09Jun2026 14:46:08.095] [modloading-worker-0/DEBUG] [com.tterrag.registrate.AbstractRegistrate/REGISTRATE.REGISTER]: Captured registration for entry encased_fan of type minecraft:block_entity_type
[09Jun2026 14:46:08.097] [modloading-worker-0/DEBUG] [com.tterrag.registrate.AbstractRegistrate/REGISTRATE.REGISTER]: Captured registration for entry nozzle of type minecraft:block_entity_type
[09Jun2026 14:46:08.098] [modloading-worker-0/DEBUG] [com.tterrag.registrate.AbstractRegistrate/REGISTRATE.REGISTER]: Captured registration for entry clutch of type minecraft:block_entity_type
[09Jun2026 14:46:08.099] [modloading-worker-0/DEBUG] [com.tterrag.registrate.AbstractRegistrate/REGISTRATE.REGISTER]: Captured registration for entry gearshift of type minecraft:block_entity_type
[09Jun2026 14:46:08.100] [modloading-worker-0/DEBUG] [com.tterrag.registrate.AbstractRegistrate/REGISTRATE.REGISTER]: Captured registration for entry turntable of type minecraft:block_entity_type
[09Jun2026 14:46:08.101] [modloading-worker-0/DEBUG] [com.tterrag.registrate.AbstractRegistrate/REGISTRATE.REGISTER]: Captured registration for entry hand_crank of type minecraft:block_entity_type
[09Jun2026 14:46:08.102] [modloading-worker-0/DEBUG] [com.tterrag.registrate.AbstractRegistrate/REGISTRATE.REGISTER]: Captured registration for entry valve_handle of type minecraft:block_entity_type
[09Jun2026 14:46:08.104] [modloading-worker-0/DEBUG] [com.tterrag.registrate.AbstractRegistrate/REGISTRATE.REGISTER]: Captured registration for entry cuckoo_clock of type minecraft:block_entity_type
[09Jun2026 14:46:08.105] [modloading-worker-0/DEBUG] [com.tterrag.registrate.AbstractRegistrate/REGISTRATE.REGISTER]: Captured registration for entry gantry_shaft of type minecraft:block_entity_type
[09Jun2026 14:46:08.108] [modloading-worker-0/DEBUG] [com.tterrag.registrate.AbstractRegistrate/REGISTRATE.REGISTER]: Captured registration for entry gantry_pinion of type minecraft:block_entity_type
[09Jun2026 14:46:08.110] [modloading-worker-0/DEBUG] [com.tterrag.registrate.AbstractRegistrate/REGISTRATE.REGISTER]: Captured registration for entry mechanical_pump of type minecraft:block_entity_type
[09Jun2026 14:46:08.111] [modloading-worker-0/DEBUG] [com.tterrag.registrate.AbstractRegistrate/REGISTRATE.REGISTER]: Captured registration for entry smart_fluid_pipe of type minecraft:block_entity_type
[09Jun2026 14:46:08.112] [modloading-worker-0/DEBUG] [com.tterrag.registrate.AbstractRegistrate/REGISTRATE.REGISTER]: Captured registration for entry fluid_pipe of type minecraft:block_entity_type
[09Jun2026 14:46:08.112] [modloading-worker-0/DEBUG] [com.tterrag.registrate.AbstractRegistrate/REGISTRATE.REGISTER]: Captured registration for entry encased_fluid_pipe of type minecraft:block_entity_type
[09Jun2026 14:46:08.113] [modloading-worker-0/DEBUG] [com.tterrag.registrate.AbstractRegistrate/REGISTRATE.REGISTER]: Captured registration for entry glass_fluid_pipe of type minecraft:block_entity_type
[09Jun2026 14:46:08.115] [modloading-worker-0/DEBUG] [com.tterrag.registrate.AbstractRegistrate/REGISTRATE.REGISTER]: Captured registration for entry fluid_valve of type minecraft:block_entity_type
[09Jun2026 14:46:08.117] [modloading-worker-0/DEBUG] [com.tterrag.registrate.AbstractRegistrate/REGISTRATE.REGISTER]: Captured registration for entry fluid_tank of type minecraft:block_entity_type
[09Jun2026 14:46:08.119] [modloading-worker-0/DEBUG] [com.tterrag.registrate.AbstractRegistrate/REGISTRATE.REGISTER]: Captured registration for entry creative_fluid_tank of type minecraft:block_entity_type
[09Jun2026 14:46:08.120] [modloading-worker-0/DEBUG] [com.tterrag.registrate.AbstractRegistrate/REGISTRATE.REGISTER]: Captured registration for entry hose_pulley of type minecraft:block_entity_type
[09Jun2026 14:46:08.121] [modloading-worker-0/DEBUG] [com.tterrag.registrate.AbstractRegistrate/REGISTRATE.REGISTER]: Captured registration for entry spout of type minecraft:block_entity_type
[09Jun2026 14:46:08.122] [modloading-worker-0/DEBUG] [com.tterrag.registrate.AbstractRegistrate/REGISTRATE.REGISTER]: Captured registration for entry item_drain of type minecraft:block_entity_type
[09Jun2026 14:46:08.124] [modloading-worker-0/DEBUG] [com.tterrag.registrate.AbstractRegistrate/REGISTRATE.REGISTER]: Captured registration for entry belt of type minecraft:block_entity_type
[09Jun2026 14:46:08.126] [modloading-worker-0/DEBUG] [com.tterrag.registrate.AbstractRegistrate/REGISTRATE.REGISTER]: Captured registration for entry chute of type minecraft:block_entity_type
[09Jun2026 14:46:08.128] [modloading-worker-0/DEBUG] [com.tterrag.registrate.AbstractRegistrate/REGISTRATE.REGISTER]: Captured registration for entry smart_chute of type minecraft:block_entity_type
[09Jun2026 14:46:08.129] [modloading-worker-0/DEBUG] [com.tterrag.registrate.AbstractRegistrate/REGISTRATE.REGISTER]: Captured registration for entry andesite_tunnel of type minecraft:block_entity_type
[09Jun2026 14:46:08.135] [modloading-worker-0/DEBUG] [com.tterrag.registrate.AbstractRegistrate/REGISTRATE.REGISTER]: Captured registration for entry brass_tunnel of type minecraft:block_entity_type
[09Jun2026 14:46:08.139] [modloading-worker-0/DEBUG] [com.tterrag.registrate.AbstractRegistrate/REGISTRATE.REGISTER]: Captured registration for entry mechanical_arm of type minecraft:block_entity_type
[09Jun2026 14:46:08.140] [modloading-worker-0/DEBUG] [com.tterrag.registrate.AbstractRegistrate/REGISTRATE.REGISTER]: Captured registration for entry item_vault of type minecraft:block_entity_type
[09Jun2026 14:46:08.146] [modloading-worker-0/DEBUG] [com.tterrag.registrate.AbstractRegistrate/REGISTRATE.REGISTER]: Captured registration for entry mechanical_piston of type minecraft:block_entity_type
[09Jun2026 14:46:08.148] [modloading-worker-0/DEBUG] [com.tterrag.registrate.AbstractRegistrate/REGISTRATE.REGISTER]: Captured registration for entry windmill_bearing of type minecraft:block_entity_type
[09Jun2026 14:46:08.149] [modloading-worker-0/DEBUG] [com.tterrag.registrate.AbstractRegistrate/REGISTRATE.REGISTER]: Captured registration for entry mechanical_bearing of type minecraft:block_entity_type
[09Jun2026 14:46:08.150] [modloading-worker-0/DEBUG] [com.tterrag.registrate.AbstractRegistrate/REGISTRATE.REGISTER]: Captured registration for entry clockwork_bearing of type minecraft:block_entity_type
[09Jun2026 14:46:08.152] [modloading-worker-0/DEBUG] [com.tterrag.registrate.AbstractRegistrate/REGISTRATE.REGISTER]: Captured registration for entry rope_pulley of type minecraft:block_entity_type
[09Jun2026 14:46:08.155] [modloading-worker-0/DEBUG] [com.tterrag.registrate.AbstractRegistrate/REGISTRATE.REGISTER]: Captured registration for entry elevator_pulley of type minecraft:block_entity_type
[09Jun2026 14:46:08.155] [modloading-worker-0/DEBUG] [com.tterrag.registrate.AbstractRegistrate/REGISTRATE.REGISTER]: Captured registration for entry elevator_contact of type minecraft:block_entity_type
[09Jun2026 14:46:08.157] [modloading-worker-0/DEBUG] [com.tterrag.registrate.AbstractRegistrate/REGISTRATE.REGISTER]: Captured registration for entry chassis of type minecraft:block_entity_type
[09Jun2026 14:46:08.158] [modloading-worker-0/DEBUG] [com.tterrag.registrate.AbstractRegistrate/REGISTRATE.REGISTER]: Captured registration for entry sticker of type minecraft:block_entity_type
[09Jun2026 14:46:08.159] [modloading-worker-0/DEBUG] [com.tterrag.registrate.AbstractRegistrate/REGISTRATE.REGISTER]: Captured registration for entry contraption_controls of type minecraft:block_entity_type
[09Jun2026 14:46:08.160] [modloading-worker-0/DEBUG] [com.tterrag.registrate.AbstractRegistrate/REGISTRATE.REGISTER]: Captured registration for entry drill of type minecraft:block_entity_type
[09Jun2026 14:46:08.162] [modloading-worker-0/DEBUG] [com.tterrag.registrate.AbstractRegistrate/REGISTRATE.REGISTER]: Captured registration for entry saw of type minecraft:block_entity_type
[09Jun2026 14:46:08.163] [modloading-worker-0/DEBUG] [com.tterrag.registrate.AbstractRegistrate/REGISTRATE.REGISTER]: Captured registration for entry harvester of type minecraft:block_entity_type
[09Jun2026 14:46:08.164] [modloading-worker-0/DEBUG] [com.tterrag.registrate.AbstractRegistrate/REGISTRATE.REGISTER]: Captured registration for entry mechanical_roller of type minecraft:block_entity_type
[09Jun2026 14:46:08.166] [modloading-worker-0/DEBUG] [com.tterrag.registrate.AbstractRegistrate/REGISTRATE.REGISTER]: Captured registration for entry portable_storage_interface of type minecraft:block_entity_type
[09Jun2026 14:46:08.167] [modloading-worker-0/DEBUG] [com.tterrag.registrate.AbstractRegistrate/REGISTRATE.REGISTER]: Captured registration for entry portable_fluid_interface of type minecraft:block_entity_type
[09Jun2026 14:46:08.168] [modloading-worker-0/DEBUG] [com.tterrag.registrate.AbstractRegistrate/REGISTRATE.REGISTER]: Captured registration for entry steam_engine of type minecraft:block_entity_type
[09Jun2026 14:46:08.170] [modloading-worker-0/DEBUG] [com.tterrag.registrate.AbstractRegistrate/REGISTRATE.REGISTER]: Captured registration for entry steam_whistle of type minecraft:block_entity_type
[09Jun2026 14:46:08.171] [modloading-worker-0/DEBUG] [com.tterrag.registrate.AbstractRegistrate/REGISTRATE.REGISTER]: Captured registration for entry powered_shaft of type minecraft:block_entity_type
[09Jun2026 14:46:08.171] [modloading-worker-0/DEBUG] [com.tterrag.registrate.AbstractRegistrate/REGISTRATE.REGISTER]: Captured registration for entry flywheel of type minecraft:block_entity_type
[09Jun2026 14:46:08.173] [modloading-worker-0/DEBUG] [com.tterrag.registrate.AbstractRegistrate/REGISTRATE.REGISTER]: Captured registration for entry millstone of type minecraft:block_entity_type
[09Jun2026 14:46:08.174] [modloading-worker-0/DEBUG] [com.tterrag.registrate.AbstractRegistrate/REGISTRATE.REGISTER]: Captured registration for entry crushing_wheel of type minecraft:block_entity_type
[09Jun2026 14:46:08.176] [modloading-worker-0/DEBUG] [com.tterrag.registrate.AbstractRegistrate/REGISTRATE.REGISTER]: Captured registration for entry crushing_wheel_controller of type minecraft:block_entity_type
[09Jun2026 14:46:08.177] [modloading-worker-0/DEBUG] [com.tterrag.registrate.AbstractRegistrate/REGISTRATE.REGISTER]: Captured registration for entry water_wheel of type minecraft:block_entity_type
[09Jun2026 14:46:08.178] [modloading-worker-0/DEBUG] [com.tterrag.registrate.AbstractRegistrate/REGISTRATE.REGISTER]: Captured registration for entry large_water_wheel of type minecraft:block_entity_type
[09Jun2026 14:46:08.180] [modloading-worker-0/DEBUG] [com.tterrag.registrate.AbstractRegistrate/REGISTRATE.REGISTER]: Captured registration for entry mechanical_press of type minecraft:block_entity_type
[09Jun2026 14:46:08.182] [modloading-worker-0/DEBUG] [com.tterrag.registrate.AbstractRegistrate/REGISTRATE.REGISTER]: Captured registration for entry mechanical_mixer of type minecraft:block_entity_type
[09Jun2026 14:46:08.185] [modloading-worker-0/DEBUG] [com.tterrag.registrate.AbstractRegistrate/REGISTRATE.REGISTER]: Captured registration for entry deployer of type minecraft:block_entity_type
[09Jun2026 14:46:08.187] [modloading-worker-0/DEBUG] [com.tterrag.registrate.AbstractRegistrate/REGISTRATE.REGISTER]: Captured registration for entry basin of type minecraft:block_entity_type
[09Jun2026 14:46:08.188] [modloading-worker-0/DEBUG] [com.tterrag.registrate.AbstractRegistrate/REGISTRATE.REGISTER]: Captured registration for entry blaze_heater of type minecraft:block_entity_type
[09Jun2026 14:46:08.190] [modloading-worker-0/DEBUG] [com.tterrag.registrate.AbstractRegistrate/REGISTRATE.REGISTER]: Captured registration for entry mechanical_crafter of type minecraft:block_entity_type
[09Jun2026 14:46:08.191] [modloading-worker-0/DEBUG] [com.tterrag.registrate.AbstractRegistrate/REGISTRATE.REGISTER]: Captured registration for entry sequenced_gearshift of type minecraft:block_entity_type
[09Jun2026 14:46:08.192] [modloading-worker-0/DEBUG] [com.tterrag.registrate.AbstractRegistrate/REGISTRATE.REGISTER]: Captured registration for entry rotation_speed_controller of type minecraft:block_entity_type
[09Jun2026 14:46:08.193] [modloading-worker-0/DEBUG] [com.tterrag.registrate.AbstractRegistrate/REGISTRATE.REGISTER]: Captured registration for entry speedometer of type minecraft:block_entity_type
[09Jun2026 14:46:08.194] [modloading-worker-0/DEBUG] [com.tterrag.registrate.AbstractRegistrate/REGISTRATE.REGISTER]: Captured registration for entry stressometer of type minecraft:block_entity_type
[09Jun2026 14:46:08.195] [modloading-worker-0/DEBUG] [com.tterrag.registrate.AbstractRegistrate/REGISTRATE.REGISTER]: Captured registration for entry analog_lever of type minecraft:block_entity_type
[09Jun2026 14:46:08.196] [modloading-worker-0/DEBUG] [com.tterrag.registrate.AbstractRegistrate/REGISTRATE.REGISTER]: Captured registration for entry placard of type minecraft:block_entity_type
[09Jun2026 14:46:08.197] [modloading-worker-0/DEBUG] [com.tterrag.registrate.AbstractRegistrate/REGISTRATE.REGISTER]: Captured registration for entry cart_assembler of type minecraft:block_entity_type
[09Jun2026 14:46:08.199] [modloading-worker-0/DEBUG] [com.tterrag.registrate.AbstractRegistrate/REGISTRATE.REGISTER]: Captured registration for entry redstone_link of type minecraft:block_entity_type
[09Jun2026 14:46:08.200] [modloading-worker-0/DEBUG] [com.tterrag.registrate.AbstractRegistrate/REGISTRATE.REGISTER]: Captured registration for entry nixie_tube of type minecraft:block_entity_type
[09Jun2026 14:46:08.201] [modloading-worker-0/DEBUG] [com.tterrag.registrate.AbstractRegistrate/REGISTRATE.REGISTER]: Captured registration for entry display_link of type minecraft:block_entity_type
[09Jun2026 14:46:08.203] [modloading-worker-0/DEBUG] [com.tterrag.registrate.AbstractRegistrate/REGISTRATE.REGISTER]: Captured registration for entry stockpile_switch of type minecraft:block_entity_type
[09Jun2026 14:46:08.204] [modloading-worker-0/DEBUG] [com.tterrag.registrate.AbstractRegistrate/REGISTRATE.REGISTER]: Captured registration for entry creative_crate of type minecraft:block_entity_type
[09Jun2026 14:46:08.205] [modloading-worker-0/DEBUG] [com.tterrag.registrate.AbstractRegistrate/REGISTRATE.REGISTER]: Captured registration for entry depot of type minecraft:block_entity_type
[09Jun2026 14:46:08.208] [modloading-worker-0/DEBUG] [com.tterrag.registrate.AbstractRegistrate/REGISTRATE.REGISTER]: Captured registration for entry weighted_ejector of type minecraft:block_entity_type
[09Jun2026 14:46:08.211] [modloading-worker-0/DEBUG] [com.tterrag.registrate.AbstractRegistrate/REGISTRATE.REGISTER]: Captured registration for entry funnel of type minecraft:block_entity_type
[09Jun2026 14:46:08.212] [modloading-worker-0/DEBUG] [com.tterrag.registrate.AbstractRegistrate/REGISTRATE.REGISTER]: Captured registration for entry content_observer of type minecraft:block_entity_type
[09Jun2026 14:46:08.213] [modloading-worker-0/DEBUG] [com.tterrag.registrate.AbstractRegistrate/REGISTRATE.REGISTER]: Captured registration for entry pulse_extender of type minecraft:block_entity_type
[09Jun2026 14:46:08.214] [modloading-worker-0/DEBUG] [com.tterrag.registrate.AbstractRegistrate/REGISTRATE.REGISTER]: Captured registration for entry pulse_repeater of type minecraft:block_entity_type
[09Jun2026 14:46:08.215] [modloading-worker-0/DEBUG] [com.tterrag.registrate.AbstractRegistrate/REGISTRATE.REGISTER]: Captured registration for entry lectern_controller of type minecraft:block_entity_type
[09Jun2026 14:46:08.216] [modloading-worker-0/DEBUG] [com.tterrag.registrate.AbstractRegistrate/REGISTRATE.REGISTER]: Captured registration for entry backtank of type minecraft:block_entity_type
[09Jun2026 14:46:08.217] [modloading-worker-0/DEBUG] [com.tterrag.registrate.AbstractRegistrate/REGISTRATE.REGISTER]: Captured registration for entry peculiar_bell of type minecraft:block_entity_type
[09Jun2026 14:46:08.218] [modloading-worker-0/DEBUG] [com.tterrag.registrate.AbstractRegistrate/REGISTRATE.REGISTER]: Captured registration for entry cursed_bell of type minecraft:block_entity_type
[09Jun2026 14:46:08.219] [modloading-worker-0/DEBUG] [com.tterrag.registrate.AbstractRegistrate/REGISTRATE.REGISTER]: Captured registration for entry toolbox of type minecraft:block_entity_type
[09Jun2026 14:46:08.222] [modloading-worker-0/DEBUG] [com.tterrag.registrate.AbstractRegistrate/REGISTRATE.REGISTER]: Captured registration for entry track of type minecraft:block_entity_type
[09Jun2026 14:46:08.223] [modloading-worker-0/DEBUG] [com.tterrag.registrate.AbstractRegistrate/REGISTRATE.REGISTER]: Captured registration for entry fake_track of type minecraft:block_entity_type
[09Jun2026 14:46:08.225] [modloading-worker-0/DEBUG] [com.tterrag.registrate.AbstractRegistrate/REGISTRATE.REGISTER]: Captured registration for entry bogey of type minecraft:block_entity_type
[09Jun2026 14:46:08.229] [modloading-worker-0/DEBUG] [com.tterrag.registrate.AbstractRegistrate/REGISTRATE.REGISTER]: Captured registration for entry track_station of type minecraft:block_entity_type
[09Jun2026 14:46:08.230] [modloading-worker-0/DEBUG] [com.tterrag.registrate.AbstractRegistrate/REGISTRATE.REGISTER]: Captured registration for entry sliding_door of type minecraft:block_entity_type
[09Jun2026 14:46:08.231] [modloading-worker-0/DEBUG] [com.tterrag.registrate.AbstractRegistrate/REGISTRATE.REGISTER]: Captured registration for entry copycat of type minecraft:block_entity_type
[09Jun2026 14:46:08.231] [modloading-worker-0/DEBUG] [com.tterrag.registrate.AbstractRegistrate/REGISTRATE.REGISTER]: Captured registration for entry flap_display of type minecraft:block_entity_type
[09Jun2026 14:46:08.233] [modloading-worker-0/DEBUG] [com.tterrag.registrate.AbstractRegistrate/REGISTRATE.REGISTER]: Captured registration for entry track_signal of type minecraft:block_entity_type
[09Jun2026 14:46:08.234] [modloading-worker-0/DEBUG] [com.tterrag.registrate.AbstractRegistrate/REGISTRATE.REGISTER]: Captured registration for entry track_observer of type minecraft:block_entity_type
[09Jun2026 14:46:08.235] [modloading-worker-0/DEBUG] [com.tterrag.registrate.AbstractRegistrate/REGISTRATE.REGISTER]: Captured registration for entry clipboard of type minecraft:block_entity_type
[09Jun2026 14:46:08.237] [modloading-worker-0/DEBUG] [com.tterrag.registrate.AbstractRegistrate/REGISTRATE.REGISTER]: Captured registration for entry potato_recovery of type minecraft:enchantment
[09Jun2026 14:46:08.238] [modloading-worker-0/DEBUG] [com.tterrag.registrate.AbstractRegistrate/REGISTRATE.REGISTER]: Captured registration for entry capacity of type minecraft:enchantment
[09Jun2026 14:46:08.334] [modloading-worker-0/DEBUG] [net.minecraftforge.fml.config.ConfigTracker/CONFIG]: Config file create-common.toml for create tracking
[09Jun2026 14:46:08.334] [modloading-worker-0/DEBUG] [net.minecraftforge.fml.config.ConfigTracker/CONFIG]: Config file create-client.toml for create tracking
[09Jun2026 14:46:08.334] [modloading-worker-0/DEBUG] [net.minecraftforge.fml.config.ConfigTracker/CONFIG]: Config file create-server.toml for create tracking
[09Jun2026 14:46:08.416] [modloading-worker-0/DEBUG] [mixin/]: Mixing accessor.ParticleEngineAccessor from create.mixins.json into net.minecraft.client.particle.ParticleEngine
[09Jun2026 14:46:08.429] [modloading-worker-0/DEBUG] [net.minecraftforge.fml.javafmlmod.AutomaticEventSubscriber/LOADING]: Attempting to inject @EventBusSubscriber classes into the eventbus for create
[09Jun2026 14:46:08.429] [modloading-worker-0/DEBUG] [net.minecraftforge.fml.javafmlmod.AutomaticEventSubscriber/LOADING]: Auto-subscribing com.simibubi.create.infrastructure.gui.OpenCreateMenuButton$OpenConfigButtonHandler to FORGE
[09Jun2026 14:46:08.433] [modloading-worker-0/DEBUG] [net.minecraftforge.fml.javafmlmod.AutomaticEventSubscriber/LOADING]: Auto-subscribing com.simibubi.create.infrastructure.gametest.CreateGameTests to MOD
[09Jun2026 14:46:08.440] [modloading-worker-0/DEBUG] [net.minecraftforge.fml.javafmlmod.AutomaticEventSubscriber/LOADING]: Auto-subscribing com.simibubi.create.infrastructure.config.AllConfigs to MOD
[09Jun2026 14:46:08.440] [modloading-worker-0/DEBUG] [net.minecraftforge.fml.javafmlmod.AutomaticEventSubscriber/LOADING]: Auto-subscribing com.simibubi.create.foundation.utility.RemapHelper to FORGE
[09Jun2026 14:46:08.443] [modloading-worker-0/DEBUG] [net.minecraftforge.fml.javafmlmod.AutomaticEventSubscriber/LOADING]: Auto-subscribing com.simibubi.create.foundation.render.RenderTypes$Shaders to MOD
[09Jun2026 14:46:08.444] [modloading-worker-0/DEBUG] [net.minecraftforge.fml.javafmlmod.AutomaticEventSubscriber/LOADING]: Auto-subscribing com.simibubi.create.foundation.recipe.AllIngredients to MOD
[09Jun2026 14:46:08.445] [modloading-worker-0/DEBUG] [net.minecraftforge.fml.javafmlmod.AutomaticEventSubscriber/LOADING]: Auto-subscribing com.simibubi.create.foundation.placement.PlacementHelpers to FORGE
[09Jun2026 14:46:08.450] [modloading-worker-0/DEBUG] [net.minecraftforge.fml.javafmlmod.AutomaticEventSubscriber/LOADING]: Auto-subscribing com.simibubi.create.foundation.events.InputEvents to FORGE
[09Jun2026 14:46:08.455] [modloading-worker-0/DEBUG] [net.minecraftforge.fml.javafmlmod.AutomaticEventSubscriber/LOADING]: Auto-subscribing com.simibubi.create.foundation.events.CommonEvents to FORGE
[09Jun2026 14:46:08.464] [modloading-worker-0/DEBUG] [net.minecraftforge.fml.javafmlmod.AutomaticEventSubscriber/LOADING]: Auto-subscribing com.simibubi.create.foundation.events.CommonEvents$ModBusEvents to MOD
[09Jun2026 14:46:08.467] [modloading-worker-0/DEBUG] [net.minecraftforge.fml.javafmlmod.AutomaticEventSubscriber/LOADING]: Auto-subscribing com.simibubi.create.foundation.events.ClientEvents to FORGE
[09Jun2026 14:46:08.477] [modloading-worker-0/DEBUG] [mixin/]: Mixing accessor.FontAccessor from create.mixins.json into net.minecraft.client.gui.Font
[09Jun2026 14:46:08.482] [modloading-worker-0/DEBUG] [net.minecraftforge.fml.javafmlmod.AutomaticEventSubscriber/LOADING]: Auto-subscribing com.simibubi.create.foundation.events.ClientEvents$ModBusEvents to MOD
[09Jun2026 14:46:08.487] [modloading-worker-0/DEBUG] [net.minecraftforge.fml.javafmlmod.AutomaticEventSubscriber/LOADING]: Auto-subscribing com.simibubi.create.foundation.blockEntity.behaviour.edgeInteraction.EdgeInteractionHandler to FORGE
[09Jun2026 14:46:08.489] [modloading-worker-0/DEBUG] [net.minecraftforge.fml.javafmlmod.AutomaticEventSubscriber/LOADING]: Auto-subscribing com.simibubi.create.foundation.blockEntity.behaviour.ValueSettingsInputHandler to FORGE
[09Jun2026 14:46:08.490] [modloading-worker-0/DEBUG] [net.minecraftforge.fml.javafmlmod.AutomaticEventSubscriber/LOADING]: Auto-subscribing com.simibubi.create.foundation.block.ItemUseOverrides to FORGE
[09Jun2026 14:46:08.491] [modloading-worker-0/DEBUG] [net.minecraftforge.fml.javafmlmod.AutomaticEventSubscriber/LOADING]: Auto-subscribing com.simibubi.create.content.trains.track.TrackBlockOutline to FORGE
[09Jun2026 14:46:08.495] [modloading-worker-0/DEBUG] [net.minecraftforge.fml.javafmlmod.AutomaticEventSubscriber/LOADING]: Auto-subscribing com.simibubi.create.content.trains.track.TrackBlockItem to FORGE
[09Jun2026 14:46:08.499] [modloading-worker-0/DEBUG] [net.minecraftforge.fml.javafmlmod.AutomaticEventSubscriber/LOADING]: Auto-subscribing com.simibubi.create.content.trains.schedule.ScheduleItemEntityInteraction to FORGE
[09Jun2026 14:46:08.500] [modloading-worker-0/DEBUG] [net.minecraftforge.fml.javafmlmod.AutomaticEventSubscriber/LOADING]: Auto-subscribing com.simibubi.create.content.redstone.link.LinkHandler to FORGE
[09Jun2026 14:46:08.500] [modloading-worker-0/DEBUG] [net.minecraftforge.fml.javafmlmod.AutomaticEventSubscriber/LOADING]: Auto-subscribing com.simibubi.create.content.redstone.displayLink.DisplayLinkBlockItem to FORGE
[09Jun2026 14:46:08.501] [modloading-worker-0/DEBUG] [net.minecraftforge.fml.javafmlmod.AutomaticEventSubscriber/LOADING]: Auto-subscribing com.simibubi.create.content.processing.burner.BlazeBurnerHandler to FORGE
[09Jun2026 14:46:08.502] [modloading-worker-0/DEBUG] [net.minecraftforge.fml.javafmlmod.AutomaticEventSubscriber/LOADING]: Auto-subscribing com.simibubi.create.content.logistics.funnel.FunnelItem to FORGE
[09Jun2026 14:46:08.503] [modloading-worker-0/DEBUG] [net.minecraftforge.fml.javafmlmod.AutomaticEventSubscriber/LOADING]: Auto-subscribing com.simibubi.create.content.logistics.depot.EjectorTargetHandler to FORGE
[09Jun2026 14:46:08.506] [modloading-worker-0/DEBUG] [net.minecraftforge.fml.javafmlmod.AutomaticEventSubscriber/LOADING]: Auto-subscribing com.simibubi.create.content.logistics.depot.EjectorItem to FORGE
[09Jun2026 14:46:08.506] [modloading-worker-0/DEBUG] [net.minecraftforge.fml.javafmlmod.AutomaticEventSubscriber/LOADING]: Auto-subscribing com.simibubi.create.content.kinetics.mechanicalArm.ArmItem to FORGE
[09Jun2026 14:46:08.506] [modloading-worker-0/DEBUG] [net.minecraftforge.fml.javafmlmod.AutomaticEventSubscriber/LOADING]: Auto-subscribing com.simibubi.create.content.kinetics.mechanicalArm.ArmInteractionPointHandler to FORGE
[09Jun2026 14:46:08.508] [modloading-worker-0/DEBUG] [net.minecraftforge.fml.javafmlmod.AutomaticEventSubscriber/LOADING]: Auto-subscribing com.simibubi.create.content.kinetics.deployer.ManualApplicationRecipe to FORGE
[09Jun2026 14:46:08.510] [modloading-worker-0/DEBUG] [net.minecraftforge.fml.javafmlmod.AutomaticEventSubscriber/LOADING]: Auto-subscribing com.simibubi.create.content.kinetics.deployer.DeployerFakePlayer to FORGE
[09Jun2026 14:46:08.527] [modloading-worker-0/DEBUG] [io.netty.util.internal.InternalThreadLocalMap/]: -Dio.netty.threadLocalMap.stringBuilder.initialSize: 1024
[09Jun2026 14:46:08.527] [modloading-worker-0/DEBUG] [io.netty.util.internal.InternalThreadLocalMap/]: -Dio.netty.threadLocalMap.stringBuilder.maxSize: 4096
[09Jun2026 14:46:08.553] [modloading-worker-0/DEBUG] [net.minecraftforge.fml.javafmlmod.AutomaticEventSubscriber/LOADING]: Auto-subscribing com.simibubi.create.content.kinetics.crusher.CrushingWheelBlockEntity to FORGE
[09Jun2026 14:46:08.559] [modloading-worker-0/DEBUG] [net.minecraftforge.fml.javafmlmod.AutomaticEventSubscriber/LOADING]: Auto-subscribing com.simibubi.create.content.kinetics.crank.ValveHandleBlock to FORGE
[09Jun2026 14:46:08.563] [modloading-worker-0/DEBUG] [net.minecraftforge.fml.javafmlmod.AutomaticEventSubscriber/LOADING]: Auto-subscribing com.simibubi.create.content.fluids.FluidReactions to FORGE
[09Jun2026 14:46:08.567] [modloading-worker-0/DEBUG] [net.minecraftforge.fml.javafmlmod.AutomaticEventSubscriber/LOADING]: Auto-subscribing com.simibubi.create.content.fluids.FluidBottleItemHook to FORGE
[09Jun2026 14:46:08.569] [modloading-worker-0/DEBUG] [net.minecraftforge.fml.javafmlmod.AutomaticEventSubscriber/LOADING]: Auto-subscribing com.simibubi.create.content.equipment.zapper.ZapperInteractionHandler to FORGE
[09Jun2026 14:46:08.570] [modloading-worker-0/DEBUG] [net.minecraftforge.fml.javafmlmod.AutomaticEventSubscriber/LOADING]: Auto-subscribing com.simibubi.create.content.equipment.wrench.WrenchEventHandler to FORGE
[09Jun2026 14:46:08.570] [modloading-worker-0/DEBUG] [net.minecraftforge.fml.javafmlmod.AutomaticEventSubscriber/LOADING]: Auto-subscribing com.simibubi.create.content.equipment.symmetryWand.SymmetryHandler to FORGE
[09Jun2026 14:46:08.574] [modloading-worker-0/DEBUG] [net.minecraftforge.fml.javafmlmod.AutomaticEventSubscriber/LOADING]: Auto-subscribing com.simibubi.create.content.equipment.extendoGrip.ExtendoGripRenderHandler to FORGE
[09Jun2026 14:46:08.576] [modloading-worker-0/DEBUG] [net.minecraftforge.fml.javafmlmod.AutomaticEventSubscriber/LOADING]: Auto-subscribing com.simibubi.create.content.equipment.extendoGrip.ExtendoGripItem to FORGE
[09Jun2026 14:46:08.579] [modloading-worker-0/DEBUG] [net.minecraftforge.fml.javafmlmod.AutomaticEventSubscriber/LOADING]: Auto-subscribing com.simibubi.create.content.equipment.clipboard.ClipboardValueSettingsHandler to FORGE
[09Jun2026 14:46:08.581] [modloading-worker-0/DEBUG] [net.minecraftforge.fml.javafmlmod.AutomaticEventSubscriber/LOADING]: Auto-subscribing com.simibubi.create.content.equipment.bell.HauntedBellPulser to FORGE
[09Jun2026 14:46:08.582] [modloading-worker-0/DEBUG] [net.minecraftforge.fml.javafmlmod.AutomaticEventSubscriber/LOADING]: Auto-subscribing com.simibubi.create.content.equipment.armor.NetheriteDivingHandler to FORGE
[09Jun2026 14:46:08.583] [modloading-worker-0/DEBUG] [net.minecraftforge.fml.javafmlmod.AutomaticEventSubscriber/LOADING]: Auto-subscribing com.simibubi.create.content.equipment.armor.NetheriteBacktankFirstPersonRenderer to FORGE
[09Jun2026 14:46:08.584] [modloading-worker-0/DEBUG] [net.minecraftforge.fml.javafmlmod.AutomaticEventSubscriber/LOADING]: Auto-subscribing com.simibubi.create.content.equipment.armor.DivingHelmetItem to FORGE
[09Jun2026 14:46:08.585] [modloading-worker-0/DEBUG] [net.minecraftforge.fml.javafmlmod.AutomaticEventSubscriber/LOADING]: Auto-subscribing com.simibubi.create.content.equipment.armor.DivingBootsItem to FORGE
[09Jun2026 14:46:08.585] [modloading-worker-0/DEBUG] [net.minecraftforge.fml.javafmlmod.AutomaticEventSubscriber/LOADING]: Auto-subscribing com.simibubi.create.content.contraptions.render.ContraptionRenderDispatcher to FORGE
[09Jun2026 14:46:08.591] [modloading-worker-0/DEBUG] [net.minecraftforge.fml.javafmlmod.AutomaticEventSubscriber/LOADING]: Auto-subscribing com.simibubi.create.content.contraptions.mounted.MinecartContraptionItem to FORGE
[09Jun2026 14:46:08.592] [modloading-worker-0/DEBUG] [net.minecraftforge.fml.javafmlmod.AutomaticEventSubscriber/LOADING]: Auto-subscribing com.simibubi.create.content.contraptions.mounted.CartAssemblerBlockEntity to FORGE
[09Jun2026 14:46:08.592] [modloading-worker-0/DEBUG] [net.minecraftforge.fml.javafmlmod.AutomaticEventSubscriber/LOADING]: Auto-subscribing com.simibubi.create.content.contraptions.minecart.MinecartCouplingItem to FORGE
[09Jun2026 14:46:08.592] [modloading-worker-0/DEBUG] [net.minecraftforge.fml.javafmlmod.AutomaticEventSubscriber/LOADING]: Auto-subscribing com.simibubi.create.content.contraptions.minecart.CouplingHandler to FORGE
[09Jun2026 14:46:08.594] [modloading-worker-0/DEBUG] [net.minecraftforge.fml.javafmlmod.AutomaticEventSubscriber/LOADING]: Auto-subscribing com.simibubi.create.content.contraptions.glue.SuperGlueItem to FORGE
[09Jun2026 14:46:08.594] [modloading-worker-0/DEBUG] [net.minecraftforge.fml.javafmlmod.AutomaticEventSubscriber/LOADING]: Auto-subscribing com.simibubi.create.content.contraptions.glue.SuperGlueHandler to FORGE
[09Jun2026 14:46:08.595] [modloading-worker-0/DEBUG] [net.minecraftforge.fml.javafmlmod.AutomaticEventSubscriber/LOADING]: Auto-subscribing com.simibubi.create.content.contraptions.ContraptionHandlerClient to FORGE
[09Jun2026 14:46:08.597] [modloading-worker-0/DEBUG] [net.minecraftforge.fml.javafmlmod.AutomaticEventSubscriber/LOADING]: Auto-subscribing com.simibubi.create.AllKeys to MOD
[09Jun2026 14:46:08.598] [modloading-worker-0/DEBUG] [net.minecraftforge.fml.javafmlmod.AutomaticEventSubscriber/LOADING]: Auto-subscribing com.simibubi.create.AllCreativeModeTabs to MOD
[09Jun2026 14:46:08.618] [main/DEBUG] [net.minecraftforge.registries.ObjectHolderRegistry/REGISTRIES]: Processing ObjectHolder annotations
[09Jun2026 14:46:08.645] [main/DEBUG] [net.minecraftforge.registries.ObjectHolderRegistry/REGISTRIES]: Found 5356 ObjectHolder annotations
[09Jun2026 14:46:08.648] [main/DEBUG] [net.minecraftforge.common.capabilities.CapabilityManager/CAPABILITIES]: Attempting to automatically register: Lnet/minecraftforge/energy/IEnergyStorage;
[09Jun2026 14:46:08.648] [main/DEBUG] [net.minecraftforge.common.capabilities.CapabilityManager/CAPABILITIES]: Attempting to automatically register: Lnet/minecraftforge/fluids/capability/IFluidHandler;
[09Jun2026 14:46:08.649] [main/DEBUG] [net.minecraftforge.common.capabilities.CapabilityManager/CAPABILITIES]: Attempting to automatically register: Lnet/minecraftforge/fluids/capability/IFluidHandlerItem;
[09Jun2026 14:46:08.649] [main/DEBUG] [net.minecraftforge.common.capabilities.CapabilityManager/CAPABILITIES]: Attempting to automatically register: Lnet/minecraftforge/items/IItemHandler;
[09Jun2026 14:46:08.650] [main/DEBUG] [net.minecraftforge.registries.GameData/REGISTRIES]: Unfreezing vanilla registries
[09Jun2026 14:46:08.654] [main/DEBUG] [net.minecraftforge.registries.GameData/REGISTRIES]: Applying holder lookups: minecraft:sound_event
[09Jun2026 14:46:08.658] [main/DEBUG] [net.minecraftforge.registries.GameData/REGISTRIES]: Holder lookups applied: minecraft:sound_event
[09Jun2026 14:46:08.659] [main/DEBUG] [com.tterrag.registrate.AbstractRegistrate/REGISTRATE.REGISTER]: Registering 8 known objects of type minecraft:fluid
[09Jun2026 14:46:08.662] [main/DEBUG] [com.tterrag.registrate.AbstractRegistrate/REGISTRATE.REGISTER]: Registered create:potion to registry ResourceKey[minecraft:root / minecraft:fluid]
[09Jun2026 14:46:08.662] [main/DEBUG] [com.tterrag.registrate.AbstractRegistrate/REGISTRATE.REGISTER]: Registered create:flowing_potion to registry ResourceKey[minecraft:root / minecraft:fluid]
[09Jun2026 14:46:08.662] [main/DEBUG] [com.tterrag.registrate.AbstractRegistrate/REGISTRATE.REGISTER]: Registered create:tea to registry ResourceKey[minecraft:root / minecraft:fluid]
[09Jun2026 14:46:08.662] [main/DEBUG] [com.tterrag.registrate.AbstractRegistrate/REGISTRATE.REGISTER]: Registered create:flowing_tea to registry ResourceKey[minecraft:root / minecraft:fluid]
[09Jun2026 14:46:08.662] [main/DEBUG] [com.tterrag.registrate.AbstractRegistrate/REGISTRATE.REGISTER]: Registered create:honey to registry ResourceKey[minecraft:root / minecraft:fluid]
[09Jun2026 14:46:08.663] [main/DEBUG] [com.tterrag.registrate.AbstractRegistrate/REGISTRATE.REGISTER]: Registered create:flowing_honey to registry ResourceKey[minecraft:root / minecraft:fluid]
[09Jun2026 14:46:08.663] [main/DEBUG] [com.tterrag.registrate.AbstractRegistrate/REGISTRATE.REGISTER]: Registered create:chocolate to registry ResourceKey[minecraft:root / minecraft:fluid]
[09Jun2026 14:46:08.663] [main/DEBUG] [com.tterrag.registrate.AbstractRegistrate/REGISTRATE.REGISTER]: Registered create:flowing_chocolate to registry ResourceKey[minecraft:root / minecraft:fluid]
[09Jun2026 14:46:08.663] [main/DEBUG] [net.minecraftforge.registries.GameData/REGISTRIES]: Applying holder lookups: minecraft:fluid
[09Jun2026 14:46:08.664] [main/DEBUG] [net.minecraftforge.registries.GameData/REGISTRIES]: Holder lookups applied: minecraft:fluid
[09Jun2026 14:46:08.665] [main/DEBUG] [com.tterrag.registrate.AbstractRegistrate/REGISTRATE.REGISTER]: Registering 586 known objects of type minecraft:block
[09Jun2026 14:46:08.665] [main/DEBUG] [com.tterrag.registrate.AbstractRegistrate/REGISTRATE.REGISTER]: Registered create:schematicannon to registry ResourceKey[minecraft:root / minecraft:block]
[09Jun2026 14:46:08.665] [main/DEBUG] [com.tterrag.registrate.AbstractRegistrate/REGISTRATE.REGISTER]: Registered create:schematic_table to registry ResourceKey[minecraft:root / minecraft:block]
[09Jun2026 14:46:08.668] [main/DEBUG] [com.tterrag.registrate.AbstractRegistrate/REGISTRATE.REGISTER]: Registered create:shaft to registry ResourceKey[minecraft:root / minecraft:block]
[09Jun2026 14:46:08.669] [main/DEBUG] [com.tterrag.registrate.AbstractRegistrate/REGISTRATE.REGISTER]: Registered create:cogwheel to registry ResourceKey[minecraft:root / minecraft:block]
[09Jun2026 14:46:08.669] [main/DEBUG] [com.tterrag.registrate.AbstractRegistrate/REGISTRATE.REGISTER]: Registered create:large_cogwheel to registry ResourceKey[minecraft:root / minecraft:block]
[09Jun2026 14:46:08.671] [main/DEBUG] [com.tterrag.registrate.AbstractRegistrate/REGISTRATE.REGISTER]: Registered create:andesite_encased_shaft to registry ResourceKey[minecraft:root / minecraft:block]
[09Jun2026 14:46:08.671] [main/DEBUG] [com.tterrag.registrate.AbstractRegistrate/REGISTRATE.REGISTER]: Registered create:brass_encased_shaft to registry ResourceKey[minecraft:root / minecraft:block]
[09Jun2026 14:46:08.673] [main/DEBUG] [com.tterrag.registrate.AbstractRegistrate/REGISTRATE.REGISTER]: Registered create:andesite_encased_cogwheel to registry ResourceKey[minecraft:root / minecraft:block]
[09Jun2026 14:46:08.674] [main/DEBUG] [com.tterrag.registrate.AbstractRegistrate/REGISTRATE.REGISTER]: Registered create:brass_encased_cogwheel to registry ResourceKey[minecraft:root / minecraft:block]
[09Jun2026 14:46:08.674] [main/DEBUG] [com.tterrag.registrate.AbstractRegistrate/REGISTRATE.REGISTER]: Registered create:andesite_encased_large_cogwheel to registry ResourceKey[minecraft:root / minecraft:block]
[09Jun2026 14:46:08.674] [main/DEBUG] [com.tterrag.registrate.AbstractRegistrate/REGISTRATE.REGISTER]: Registered create:brass_encased_large_cogwheel to registry ResourceKey[minecraft:root / minecraft:block]
[09Jun2026 14:46:08.674] [main/DEBUG] [com.tterrag.registrate.AbstractRegistrate/REGISTRATE.REGISTER]: Registered create:gearbox to registry ResourceKey[minecraft:root / minecraft:block]
[09Jun2026 14:46:08.675] [main/DEBUG] [com.tterrag.registrate.AbstractRegistrate/REGISTRATE.REGISTER]: Registered create:clutch to registry ResourceKey[minecraft:root / minecraft:block]
[09Jun2026 14:46:08.675] [main/DEBUG] [com.tterrag.registrate.AbstractRegistrate/REGISTRATE.REGISTER]: Registered create:gearshift to registry ResourceKey[minecraft:root / minecraft:block]
[09Jun2026 14:46:08.676] [main/DEBUG] [com.tterrag.registrate.AbstractRegistrate/REGISTRATE.REGISTER]: Registered create:encased_chain_drive to registry ResourceKey[minecraft:root / minecraft:block]
[09Jun2026 14:46:08.676] [main/DEBUG] [com.tterrag.registrate.AbstractRegistrate/REGISTRATE.REGISTER]: Registered create:adjustable_chain_gearshift to registry ResourceKey[minecraft:root / minecraft:block]
[09Jun2026 14:46:08.683] [main/DEBUG] [com.tterrag.registrate.AbstractRegistrate/REGISTRATE.REGISTER]: Registered create:belt to registry ResourceKey[minecraft:root / minecraft:block]
[09Jun2026 14:46:08.683] [main/DEBUG] [com.tterrag.registrate.AbstractRegistrate/REGISTRATE.REGISTER]: Registered create:creative_motor to registry ResourceKey[minecraft:root / minecraft:block]
[09Jun2026 14:46:08.683] [main/DEBUG] [com.tterrag.registrate.AbstractRegistrate/REGISTRATE.REGISTER]: Registered create:water_wheel to registry ResourceKey[minecraft:root / minecraft:block]
[09Jun2026 14:46:08.683] [main/DEBUG] [com.tterrag.registrate.AbstractRegistrate/REGISTRATE.REGISTER]: Registered create:large_water_wheel to registry ResourceKey[minecraft:root / minecraft:block]
[09Jun2026 14:46:08.683] [main/DEBUG] [com.tterrag.registrate.AbstractRegistrate/REGISTRATE.REGISTER]: Registered create:water_wheel_structure to registry ResourceKey[minecraft:root / minecraft:block]
[09Jun2026 14:46:08.683] [main/DEBUG] [com.tterrag.registrate.AbstractRegistrate/REGISTRATE.REGISTER]: Registered create:encased_fan to registry ResourceKey[minecraft:root / minecraft:block]
[09Jun2026 14:46:08.684] [main/DEBUG] [com.tterrag.registrate.AbstractRegistrate/REGISTRATE.REGISTER]: Registered create:nozzle to registry ResourceKey[minecraft:root / minecraft:block]
[09Jun2026 14:46:08.684] [main/DEBUG] [com.tterrag.registrate.AbstractRegistrate/REGISTRATE.REGISTER]: Registered create:turntable to registry ResourceKey[minecraft:root / minecraft:block]
[09Jun2026 14:46:08.684] [main/DEBUG] [com.tterrag.registrate.AbstractRegistrate/REGISTRATE.REGISTER]: Registered create:hand_crank to registry ResourceKey[minecraft:root / minecraft:block]
[09Jun2026 14:46:08.684] [main/DEBUG] [com.tterrag.registrate.AbstractRegistrate/REGISTRATE.REGISTER]: Registered create:cuckoo_clock to registry ResourceKey[minecraft:root / minecraft:block]
[09Jun2026 14:46:08.684] [main/DEBUG] [com.tterrag.registrate.AbstractRegistrate/REGISTRATE.REGISTER]: Registered create:mysterious_cuckoo_clock to registry ResourceKey[minecraft:root / minecraft:block]
[09Jun2026 14:46:08.684] [main/DEBUG] [com.tterrag.registrate.AbstractRegistrate/REGISTRATE.REGISTER]: Registered create:millstone to registry ResourceKey[minecraft:root / minecraft:block]
[09Jun2026 14:46:08.684] [main/DEBUG] [com.tterrag.registrate.AbstractRegistrate/REGISTRATE.REGISTER]: Registered create:crushing_wheel to registry ResourceKey[minecraft:root / minecraft:block]
[09Jun2026 14:46:08.685] [main/DEBUG] [com.tterrag.registrate.AbstractRegistrate/REGISTRATE.REGISTER]: Registered create:crushing_wheel_controller to registry ResourceKey[minecraft:root / minecraft:block]
[09Jun2026 14:46:08.685] [main/DEBUG] [com.tterrag.registrate.AbstractRegistrate/REGISTRATE.REGISTER]: Registered create:mechanical_press to registry ResourceKey[minecraft:root / minecraft:block]
[09Jun2026 14:46:08.685] [main/DEBUG] [com.tterrag.registrate.AbstractRegistrate/REGISTRATE.REGISTER]: Registered create:mechanical_mixer to registry ResourceKey[minecraft:root / minecraft:block]
[09Jun2026 14:46:08.685] [main/DEBUG] [com.tterrag.registrate.AbstractRegistrate/REGISTRATE.REGISTER]: Registered create:basin to registry ResourceKey[minecraft:root / minecraft:block]
[09Jun2026 14:46:08.686] [main/DEBUG] [com.tterrag.registrate.AbstractRegistrate/REGISTRATE.REGISTER]: Registered create:blaze_burner to registry ResourceKey[minecraft:root / minecraft:block]
[09Jun2026 14:46:08.687] [main/DEBUG] [com.tterrag.registrate.AbstractRegistrate/REGISTRATE.REGISTER]: Registered create:lit_blaze_burner to registry ResourceKey[minecraft:root / minecraft:block]
[09Jun2026 14:46:08.688] [main/DEBUG] [com.tterrag.registrate.AbstractRegistrate/REGISTRATE.REGISTER]: Registered create:depot to registry ResourceKey[minecraft:root / minecraft:block]
[09Jun2026 14:46:08.688] [main/DEBUG] [com.tterrag.registrate.AbstractRegistrate/REGISTRATE.REGISTER]: Registered create:weighted_ejector to registry ResourceKey[minecraft:root / minecraft:block]
[09Jun2026 14:46:08.689] [main/DEBUG] [com.tterrag.registrate.AbstractRegistrate/REGISTRATE.REGISTER]: Registered create:chute to registry ResourceKey[minecraft:root / minecraft:block]
[09Jun2026 14:46:08.690] [main/DEBUG] [com.tterrag.registrate.AbstractRegistrate/REGISTRATE.REGISTER]: Registered create:smart_chute to registry ResourceKey[minecraft:root / minecraft:block]
[09Jun2026 14:46:08.717] [main/DEBUG] [com.tterrag.registrate.AbstractRegistrate/REGISTRATE.REGISTER]: Registered create:speedometer to registry ResourceKey[minecraft:root / minecraft:block]
[09Jun2026 14:46:08.717] [main/DEBUG] [com.tterrag.registrate.AbstractRegistrate/REGISTRATE.REGISTER]: Registered create:stressometer to registry ResourceKey[minecraft:root / minecraft:block]
[09Jun2026 14:46:08.718] [main/DEBUG] [com.tterrag.registrate.AbstractRegistrate/REGISTRATE.REGISTER]: Registered create:wooden_bracket to registry ResourceKey[minecraft:root / minecraft:block]
[09Jun2026 14:46:08.718] [main/DEBUG] [com.tterrag.registrate.AbstractRegistrate/REGISTRATE.REGISTER]: Registered create:metal_bracket to registry ResourceKey[minecraft:root / minecraft:block]
[09Jun2026 14:46:08.722] [main/DEBUG] [com.tterrag.registrate.AbstractRegistrate/REGISTRATE.REGISTER]: Registered create:fluid_pipe to registry ResourceKey[minecraft:root / minecraft:block]
[09Jun2026 14:46:08.724] [main/DEBUG] [com.tterrag.registrate.AbstractRegistrate/REGISTRATE.REGISTER]: Registered create:encased_fluid_pipe to registry ResourceKey[minecraft:root / minecraft:block]
[09Jun2026 14:46:08.725] [main/DEBUG] [com.tterrag.registrate.AbstractRegistrate/REGISTRATE.REGISTER]: Registered create:glass_fluid_pipe to registry ResourceKey[minecraft:root / minecraft:block]
[09Jun2026 14:46:08.725] [main/DEBUG] [com.tterrag.registrate.AbstractRegistrate/REGISTRATE.REGISTER]: Registered create:mechanical_pump to registry ResourceKey[minecraft:root / minecraft:block]
[09Jun2026 14:46:08.726] [main/DEBUG] [com.tterrag.registrate.AbstractRegistrate/REGISTRATE.REGISTER]: Registered create:smart_fluid_pipe to registry ResourceKey[minecraft:root / minecraft:block]
[09Jun2026 14:46:08.726] [main/DEBUG] [com.tterrag.registrate.AbstractRegistrate/REGISTRATE.REGISTER]: Registered create:fluid_valve to registry ResourceKey[minecraft:root / minecraft:block]
[09Jun2026 14:46:08.726] [main/DEBUG] [com.tterrag.registrate.AbstractRegistrate/REGISTRATE.REGISTER]: Registered create:copper_valve_handle to registry ResourceKey[minecraft:root / minecraft:block]
[09Jun2026 14:46:08.727] [main/DEBUG] [com.tterrag.registrate.AbstractRegistrate/REGISTRATE.REGISTER]: Registered create:white_valve_handle to registry ResourceKey[minecraft:root / minecraft:block]
[09Jun2026 14:46:08.727] [main/DEBUG] [com.tterrag.registrate.AbstractRegistrate/REGISTRATE.REGISTER]: Registered create:orange_valve_handle to registry ResourceKey[minecraft:root / minecraft:block]
[09Jun2026 14:46:08.727] [main/DEBUG] [com.tterrag.registrate.AbstractRegistrate/REGISTRATE.REGISTER]: Registered create:magenta_valve_handle to registry ResourceKey[minecraft:root / minecraft:block]
[09Jun2026 14:46:08.727] [main/DEBUG] [com.tterrag.registrate.AbstractRegistrate/REGISTRATE.REGISTER]: Registered create:light_blue_valve_handle to registry ResourceKey[minecraft:root / minecraft:block]
[09Jun2026 14:46:08.727] [main/DEBUG] [com.tterrag.registrate.AbstractRegistrate/REGISTRATE.REGISTER]: Registered create:yellow_valve_handle to registry ResourceKey[minecraft:root / minecraft:block]
[09Jun2026 14:46:08.727] [main/DEBUG] [com.tterrag.registrate.AbstractRegistrate/REGISTRATE.REGISTER]: Registered create:lime_valve_handle to registry ResourceKey[minecraft:root / minecraft:block]
[09Jun2026 14:46:08.727] [main/DEBUG] [com.tterrag.registrate.AbstractRegistrate/REGISTRATE.REGISTER]: Registered create:pink_valve_handle to registry ResourceKey[minecraft:root / minecraft:block]
[09Jun2026 14:46:08.728] [main/DEBUG] [com.tterrag.registrate.AbstractRegistrate/REGISTRATE.REGISTER]: Registered create:gray_valve_handle to registry ResourceKey[minecraft:root / minecraft:block]
[09Jun2026 14:46:08.728] [main/DEBUG] [com.tterrag.registrate.AbstractRegistrate/REGISTRATE.REGISTER]: Registered create:light_gray_valve_handle to registry ResourceKey[minecraft:root / minecraft:block]
[09Jun2026 14:46:08.728] [main/DEBUG] [com.tterrag.registrate.AbstractRegistrate/REGISTRATE.REGISTER]: Registered create:cyan_valve_handle to registry ResourceKey[minecraft:root / minecraft:block]
[09Jun2026 14:46:08.728] [main/DEBUG] [com.tterrag.registrate.AbstractRegistrate/REGISTRATE.REGISTER]: Registered create:purple_valve_handle to registry ResourceKey[minecraft:root / minecraft:block]
[09Jun2026 14:46:08.728] [main/DEBUG] [com.tterrag.registrate.AbstractRegistrate/REGISTRATE.REGISTER]: Registered create:blue_valve_handle to registry ResourceKey[minecraft:root / minecraft:block]
[09Jun2026 14:46:08.728] [main/DEBUG] [com.tterrag.registrate.AbstractRegistrate/REGISTRATE.REGISTER]: Registered create:brown_valve_handle to registry ResourceKey[minecraft:root / minecraft:block]
[09Jun2026 14:46:08.728] [main/DEBUG] [com.tterrag.registrate.AbstractRegistrate/REGISTRATE.REGISTER]: Registered create:green_valve_handle to registry ResourceKey[minecraft:root / minecraft:block]
[09Jun2026 14:46:08.729] [main/DEBUG] [com.tterrag.registrate.AbstractRegistrate/REGISTRATE.REGISTER]: Registered create:red_valve_handle to registry ResourceKey[minecraft:root / minecraft:block]
[09Jun2026 14:46:08.729] [main/DEBUG] [com.tterrag.registrate.AbstractRegistrate/REGISTRATE.REGISTER]: Registered create:black_valve_handle to registry ResourceKey[minecraft:root / minecraft:block]
[09Jun2026 14:46:08.733] [main/DEBUG] [com.tterrag.registrate.AbstractRegistrate/REGISTRATE.REGISTER]: Registered create:fluid_tank to registry ResourceKey[minecraft:root / minecraft:block]
[09Jun2026 14:46:08.734] [main/DEBUG] [com.tterrag.registrate.AbstractRegistrate/REGISTRATE.REGISTER]: Registered create:creative_fluid_tank to registry ResourceKey[minecraft:root / minecraft:block]
[09Jun2026 14:46:08.734] [main/DEBUG] [com.tterrag.registrate.AbstractRegistrate/REGISTRATE.REGISTER]: Registered create:hose_pulley to registry ResourceKey[minecraft:root / minecraft:block]
[09Jun2026 14:46:08.734] [main/DEBUG] [com.tterrag.registrate.AbstractRegistrate/REGISTRATE.REGISTER]: Registered create:item_drain to registry ResourceKey[minecraft:root / minecraft:block]
[09Jun2026 14:46:08.734] [main/DEBUG] [com.tterrag.registrate.AbstractRegistrate/REGISTRATE.REGISTER]: Registered create:spout to registry ResourceKey[minecraft:root / minecraft:block]
[09Jun2026 14:46:08.734] [main/DEBUG] [com.tterrag.registrate.AbstractRegistrate/REGISTRATE.REGISTER]: Registered create:portable_fluid_interface to registry ResourceKey[minecraft:root / minecraft:block]
[09Jun2026 14:46:08.735] [main/DEBUG] [com.tterrag.registrate.AbstractRegistrate/REGISTRATE.REGISTER]: Registered create:steam_engine to registry ResourceKey[minecraft:root / minecraft:block]
[09Jun2026 14:46:08.737] [main/DEBUG] [com.tterrag.registrate.AbstractRegistrate/REGISTRATE.REGISTER]: Registered create:steam_whistle to registry ResourceKey[minecraft:root / minecraft:block]
[09Jun2026 14:46:08.737] [main/DEBUG] [com.tterrag.registrate.AbstractRegistrate/REGISTRATE.REGISTER]: Registered create:steam_whistle_extension to registry ResourceKey[minecraft:root / minecraft:block]
[09Jun2026 14:46:08.738] [main/DEBUG] [com.tterrag.registrate.AbstractRegistrate/REGISTRATE.REGISTER]: Registered create:powered_shaft to registry ResourceKey[minecraft:root / minecraft:block]
[09Jun2026 14:46:08.738] [main/DEBUG] [com.tterrag.registrate.AbstractRegistrate/REGISTRATE.REGISTER]: Registered create:mechanical_piston to registry ResourceKey[minecraft:root / minecraft:block]
[09Jun2026 14:46:08.739] [main/DEBUG] [com.tterrag.registrate.AbstractRegistrate/REGISTRATE.REGISTER]: Registered create:sticky_mechanical_piston to registry ResourceKey[minecraft:root / minecraft:block]
[09Jun2026 14:46:08.740] [main/DEBUG] [com.tterrag.registrate.AbstractRegistrate/REGISTRATE.REGISTER]: Registered create:piston_extension_pole to registry ResourceKey[minecraft:root / minecraft:block]
[09Jun2026 14:46:08.741] [main/DEBUG] [com.tterrag.registrate.AbstractRegistrate/REGISTRATE.REGISTER]: Registered create:mechanical_piston_head to registry ResourceKey[minecraft:root / minecraft:block]
[09Jun2026 14:46:08.741] [main/DEBUG] [com.tterrag.registrate.AbstractRegistrate/REGISTRATE.REGISTER]: Registered create:gantry_carriage to registry ResourceKey[minecraft:root / minecraft:block]
[09Jun2026 14:46:08.742] [main/DEBUG] [com.tterrag.registrate.AbstractRegistrate/REGISTRATE.REGISTER]: Registered create:gantry_shaft to registry ResourceKey[minecraft:root / minecraft:block]
[09Jun2026 14:46:08.743] [main/DEBUG] [com.tterrag.registrate.AbstractRegistrate/REGISTRATE.REGISTER]: Registered create:windmill_bearing to registry ResourceKey[minecraft:root / minecraft:block]
[09Jun2026 14:46:08.743] [main/DEBUG] [com.tterrag.registrate.AbstractRegistrate/REGISTRATE.REGISTER]: Registered create:mechanical_bearing to registry ResourceKey[minecraft:root / minecraft:block]
[09Jun2026 14:46:08.743] [main/DEBUG] [com.tterrag.registrate.AbstractRegistrate/REGISTRATE.REGISTER]: Registered create:clockwork_bearing to registry ResourceKey[minecraft:root / minecraft:block]
[09Jun2026 14:46:08.743] [main/DEBUG] [com.tterrag.registrate.AbstractRegistrate/REGISTRATE.REGISTER]: Registered create:rope_pulley to registry ResourceKey[minecraft:root / minecraft:block]
[09Jun2026 14:46:08.743] [main/DEBUG] [com.tterrag.registrate.AbstractRegistrate/REGISTRATE.REGISTER]: Registered create:rope to registry ResourceKey[minecraft:root / minecraft:block]
[09Jun2026 14:46:08.743] [main/DEBUG] [com.tterrag.registrate.AbstractRegistrate/REGISTRATE.REGISTER]: Registered create:pulley_magnet to registry ResourceKey[minecraft:root / minecraft:block]
[09Jun2026 14:46:08.743] [main/DEBUG] [com.tterrag.registrate.AbstractRegistrate/REGISTRATE.REGISTER]: Registered create:elevator_pulley to registry ResourceKey[minecraft:root / minecraft:block]
[09Jun2026 14:46:08.746] [main/DEBUG] [com.tterrag.registrate.AbstractRegistrate/REGISTRATE.REGISTER]: Registered create:cart_assembler to registry ResourceKey[minecraft:root / minecraft:block]
[09Jun2026 14:46:08.752] [main/DEBUG] [com.tterrag.registrate.AbstractRegistrate/REGISTRATE.REGISTER]: Registered create:controller_rail to registry ResourceKey[minecraft:root / minecraft:block]
[09Jun2026 14:46:08.753] [main/DEBUG] [com.tterrag.registrate.AbstractRegistrate/REGISTRATE.REGISTER]: Registered create:minecart_anchor to registry ResourceKey[minecraft:root / minecraft:block]
[09Jun2026 14:46:08.753] [main/DEBUG] [com.tterrag.registrate.AbstractRegistrate/REGISTRATE.REGISTER]: Registered create:linear_chassis to registry ResourceKey[minecraft:root / minecraft:block]
[09Jun2026 14:46:08.754] [main/DEBUG] [com.tterrag.registrate.AbstractRegistrate/REGISTRATE.REGISTER]: Registered create:secondary_linear_chassis to registry ResourceKey[minecraft:root / minecraft:block]
[09Jun2026 14:46:08.755] [main/DEBUG] [com.tterrag.registrate.AbstractRegistrate/REGISTRATE.REGISTER]: Registered create:radial_chassis to registry ResourceKey[minecraft:root / minecraft:block]
[09Jun2026 14:46:08.755] [main/DEBUG] [com.tterrag.registrate.AbstractRegistrate/REGISTRATE.REGISTER]: Registered create:sticker to registry ResourceKey[minecraft:root / minecraft:block]
[09Jun2026 14:46:08.756] [main/DEBUG] [com.tterrag.registrate.AbstractRegistrate/REGISTRATE.REGISTER]: Registered create:contraption_controls to registry ResourceKey[minecraft:root / minecraft:block]
[09Jun2026 14:46:08.756] [main/DEBUG] [com.tterrag.registrate.AbstractRegistrate/REGISTRATE.REGISTER]: Registered create:mechanical_drill to registry ResourceKey[minecraft:root / minecraft:block]
[09Jun2026 14:46:08.757] [main/DEBUG] [com.tterrag.registrate.AbstractRegistrate/REGISTRATE.REGISTER]: Registered create:mechanical_saw to registry ResourceKey[minecraft:root / minecraft:block]
[09Jun2026 14:46:08.758] [main/DEBUG] [com.tterrag.registrate.AbstractRegistrate/REGISTRATE.REGISTER]: Registered create:deployer to registry ResourceKey[minecraft:root / minecraft:block]
[09Jun2026 14:46:08.758] [main/DEBUG] [com.tterrag.registrate.AbstractRegistrate/REGISTRATE.REGISTER]: Registered create:portable_storage_interface to registry ResourceKey[minecraft:root / minecraft:block]
[09Jun2026 14:46:08.758] [main/DEBUG] [com.tterrag.registrate.AbstractRegistrate/REGISTRATE.REGISTER]: Registered create:redstone_contact to registry ResourceKey[minecraft:root / minecraft:block]
[09Jun2026 14:46:08.759] [main/DEBUG] [com.tterrag.registrate.AbstractRegistrate/REGISTRATE.REGISTER]: Registered create:elevator_contact to registry ResourceKey[minecraft:root / minecraft:block]
[09Jun2026 14:46:08.760] [main/DEBUG] [com.tterrag.registrate.AbstractRegistrate/REGISTRATE.REGISTER]: Registered create:mechanical_harvester to registry ResourceKey[minecraft:root / minecraft:block]
[09Jun2026 14:46:08.760] [main/DEBUG] [com.tterrag.registrate.AbstractRegistrate/REGISTRATE.REGISTER]: Registered create:mechanical_plough to registry ResourceKey[minecraft:root / minecraft:block]
[09Jun2026 14:46:08.761] [main/DEBUG] [com.tterrag.registrate.AbstractRegistrate/REGISTRATE.REGISTER]: Registered create:mechanical_roller to registry ResourceKey[minecraft:root / minecraft:block]
[09Jun2026 14:46:08.762] [main/DEBUG] [com.tterrag.registrate.AbstractRegistrate/REGISTRATE.REGISTER]: Registered create:sail_frame to registry ResourceKey[minecraft:root / minecraft:block]
[09Jun2026 14:46:08.762] [main/DEBUG] [com.tterrag.registrate.AbstractRegistrate/REGISTRATE.REGISTER]: Registered create:white_sail to registry ResourceKey[minecraft:root / minecraft:block]
[09Jun2026 14:46:08.763] [main/DEBUG] [com.tterrag.registrate.AbstractRegistrate/REGISTRATE.REGISTER]: Registered create:orange_sail to registry ResourceKey[minecraft:root / minecraft:block]
[09Jun2026 14:46:08.763] [main/DEBUG] [com.tterrag.registrate.AbstractRegistrate/REGISTRATE.REGISTER]: Registered create:magenta_sail to registry ResourceKey[minecraft:root / minecraft:block]
[09Jun2026 14:46:08.763] [main/DEBUG] [com.tterrag.registrate.AbstractRegistrate/REGISTRATE.REGISTER]: Registered create:light_blue_sail to registry ResourceKey[minecraft:root / minecraft:block]
[09Jun2026 14:46:08.763] [main/DEBUG] [com.tterrag.registrate.AbstractRegistrate/REGISTRATE.REGISTER]: Registered create:yellow_sail to registry ResourceKey[minecraft:root / minecraft:block]
[09Jun2026 14:46:08.763] [main/DEBUG] [com.tterrag.registrate.AbstractRegistrate/REGISTRATE.REGISTER]: Registered create:lime_sail to registry ResourceKey[minecraft:root / minecraft:block]
[09Jun2026 14:46:08.763] [main/DEBUG] [com.tterrag.registrate.AbstractRegistrate/REGISTRATE.REGISTER]: Registered create:pink_sail to registry ResourceKey[minecraft:root / minecraft:block]
[09Jun2026 14:46:08.763] [main/DEBUG] [com.tterrag.registrate.AbstractRegistrate/REGISTRATE.REGISTER]: Registered create:gray_sail to registry ResourceKey[minecraft:root / minecraft:block]
[09Jun2026 14:46:08.764] [main/DEBUG] [com.tterrag.registrate.AbstractRegistrate/REGISTRATE.REGISTER]: Registered create:light_gray_sail to registry ResourceKey[minecraft:root / minecraft:block]
[09Jun2026 14:46:08.764] [main/DEBUG] [com.tterrag.registrate.AbstractRegistrate/REGISTRATE.REGISTER]: Registered create:cyan_sail to registry ResourceKey[minecraft:root / minecraft:block]
[09Jun2026 14:46:08.764] [main/DEBUG] [com.tterrag.registrate.AbstractRegistrate/REGISTRATE.REGISTER]: Registered create:purple_sail to registry ResourceKey[minecraft:root / minecraft:block]
[09Jun2026 14:46:08.764] [main/DEBUG] [com.tterrag.registrate.AbstractRegistrate/REGISTRATE.REGISTER]: Registered create:blue_sail to registry ResourceKey[minecraft:root / minecraft:block]
[09Jun2026 14:46:08.764] [main/DEBUG] [com.tterrag.registrate.AbstractRegistrate/REGISTRATE.REGISTER]: Registered create:brown_sail to registry ResourceKey[minecraft:root / minecraft:block]
[09Jun2026 14:46:08.764] [main/DEBUG] [com.tterrag.registrate.AbstractRegistrate/REGISTRATE.REGISTER]: Registered create:green_sail to registry ResourceKey[minecraft:root / minecraft:block]
[09Jun2026 14:46:08.765] [main/DEBUG] [com.tterrag.registrate.AbstractRegistrate/REGISTRATE.REGISTER]: Registered create:red_sail to registry ResourceKey[minecraft:root / minecraft:block]
[09Jun2026 14:46:08.765] [main/DEBUG] [com.tterrag.registrate.AbstractRegistrate/REGISTRATE.REGISTER]: Registered create:black_sail to registry ResourceKey[minecraft:root / minecraft:block]
[09Jun2026 14:46:08.765] [main/DEBUG] [com.tterrag.registrate.AbstractRegistrate/REGISTRATE.REGISTER]: Registered create:andesite_casing to registry ResourceKey[minecraft:root / minecraft:block]
[09Jun2026 14:46:08.765] [main/DEBUG] [com.tterrag.registrate.AbstractRegistrate/REGISTRATE.REGISTER]: Registered create:brass_casing to registry ResourceKey[minecraft:root / minecraft:block]
[09Jun2026 14:46:08.765] [main/DEBUG] [com.tterrag.registrate.AbstractRegistrate/REGISTRATE.REGISTER]: Registered create:copper_casing to registry ResourceKey[minecraft:root / minecraft:block]
[09Jun2026 14:46:08.766] [main/DEBUG] [com.tterrag.registrate.AbstractRegistrate/REGISTRATE.REGISTER]: Registered create:shadow_steel_casing to registry ResourceKey[minecraft:root / minecraft:block]
[09Jun2026 14:46:08.766] [main/DEBUG] [com.tterrag.registrate.AbstractRegistrate/REGISTRATE.REGISTER]: Registered create:refined_radiance_casing to registry ResourceKey[minecraft:root / minecraft:block]
[09Jun2026 14:46:08.767] [main/DEBUG] [com.tterrag.registrate.AbstractRegistrate/REGISTRATE.REGISTER]: Registered create:mechanical_crafter to registry ResourceKey[minecraft:root / minecraft:block]
[09Jun2026 14:46:08.768] [main/DEBUG] [com.tterrag.registrate.AbstractRegistrate/REGISTRATE.REGISTER]: Registered create:sequenced_gearshift to registry ResourceKey[minecraft:root / minecraft:block]
[09Jun2026 14:46:08.768] [main/DEBUG] [com.tterrag.registrate.AbstractRegistrate/REGISTRATE.REGISTER]: Registered create:flywheel to registry ResourceKey[minecraft:root / minecraft:block]
[09Jun2026 14:46:08.769] [main/DEBUG] [com.tterrag.registrate.AbstractRegistrate/REGISTRATE.REGISTER]: Registered create:rotation_speed_controller to registry ResourceKey[minecraft:root / minecraft:block]
[09Jun2026 14:46:08.769] [main/DEBUG] [com.tterrag.registrate.AbstractRegistrate/REGISTRATE.REGISTER]: Registered create:mechanical_arm to registry ResourceKey[minecraft:root / minecraft:block]
[09Jun2026 14:46:08.772] [main/DEBUG] [com.tterrag.registrate.AbstractRegistrate/REGISTRATE.REGISTER]: Registered create:track to registry ResourceKey[minecraft:root / minecraft:block]
[09Jun2026 14:46:08.773] [main/DEBUG] [com.tterrag.registrate.AbstractRegistrate/REGISTRATE.REGISTER]: Registered create:fake_track to registry ResourceKey[minecraft:root / minecraft:block]
[09Jun2026 14:46:08.773] [main/DEBUG] [com.tterrag.registrate.AbstractRegistrate/REGISTRATE.REGISTER]: Registered create:railway_casing to registry ResourceKey[minecraft:root / minecraft:block]
[09Jun2026 14:46:08.773] [main/DEBUG] [com.tterrag.registrate.AbstractRegistrate/REGISTRATE.REGISTER]: Registered create:track_station to registry ResourceKey[minecraft:root / minecraft:block]
[09Jun2026 14:46:08.773] [main/DEBUG] [com.tterrag.registrate.AbstractRegistrate/REGISTRATE.REGISTER]: Registered create:track_signal to registry ResourceKey[minecraft:root / minecraft:block]
[09Jun2026 14:46:08.774] [main/DEBUG] [com.tterrag.registrate.AbstractRegistrate/REGISTRATE.REGISTER]: Registered create:track_observer to registry ResourceKey[minecraft:root / minecraft:block]
[09Jun2026 14:46:08.774] [main/DEBUG] [com.tterrag.registrate.AbstractRegistrate/REGISTRATE.REGISTER]: Registered create:small_bogey to registry ResourceKey[minecraft:root / minecraft:block]
[09Jun2026 14:46:08.774] [main/DEBUG] [com.tterrag.registrate.AbstractRegistrate/REGISTRATE.REGISTER]: Registered create:large_bogey to registry ResourceKey[minecraft:root / minecraft:block]
[09Jun2026 14:46:08.775] [main/DEBUG] [com.tterrag.registrate.AbstractRegistrate/REGISTRATE.REGISTER]: Registered create:controls to registry ResourceKey[minecraft:root / minecraft:block]
[09Jun2026 14:46:08.776] [main/DEBUG] [com.tterrag.registrate.AbstractRegistrate/REGISTRATE.REGISTER]: Registered create:item_vault to registry ResourceKey[minecraft:root / minecraft:block]
[09Jun2026 14:46:08.776] [main/DEBUG] [com.tterrag.registrate.AbstractRegistrate/REGISTRATE.REGISTER]: Registered create:andesite_funnel to registry ResourceKey[minecraft:root / minecraft:block]
[09Jun2026 14:46:08.778] [main/DEBUG] [com.tterrag.registrate.AbstractRegistrate/REGISTRATE.REGISTER]: Registered create:andesite_belt_funnel to registry ResourceKey[minecraft:root / minecraft:block]
[09Jun2026 14:46:08.779] [main/DEBUG] [com.tterrag.registrate.AbstractRegistrate/REGISTRATE.REGISTER]: Registered create:brass_funnel to registry ResourceKey[minecraft:root / minecraft:block]
[09Jun2026 14:46:08.779] [main/DEBUG] [com.tterrag.registrate.AbstractRegistrate/REGISTRATE.REGISTER]: Registered create:brass_belt_funnel to registry ResourceKey[minecraft:root / minecraft:block]
[09Jun2026 14:46:08.780] [main/DEBUG] [com.tterrag.registrate.AbstractRegistrate/REGISTRATE.REGISTER]: Registered create:andesite_tunnel to registry ResourceKey[minecraft:root / minecraft:block]
[09Jun2026 14:46:08.780] [main/DEBUG] [com.tterrag.registrate.AbstractRegistrate/REGISTRATE.REGISTER]: Registered create:brass_tunnel to registry ResourceKey[minecraft:root / minecraft:block]
[09Jun2026 14:46:08.781] [main/DEBUG] [com.tterrag.registrate.AbstractRegistrate/REGISTRATE.REGISTER]: Registered create:content_observer to registry ResourceKey[minecraft:root / minecraft:block]
[09Jun2026 14:46:08.781] [main/DEBUG] [com.tterrag.registrate.AbstractRegistrate/REGISTRATE.REGISTER]: Registered create:stockpile_switch to registry ResourceKey[minecraft:root / minecraft:block]
[09Jun2026 14:46:08.782] [main/DEBUG] [com.tterrag.registrate.AbstractRegistrate/REGISTRATE.REGISTER]: Registered create:creative_crate to registry ResourceKey[minecraft:root / minecraft:block]
[09Jun2026 14:46:08.782] [main/DEBUG] [com.tterrag.registrate.AbstractRegistrate/REGISTRATE.REGISTER]: Registered create:display_link to registry ResourceKey[minecraft:root / minecraft:block]
[09Jun2026 14:46:08.783] [main/DEBUG] [com.tterrag.registrate.AbstractRegistrate/REGISTRATE.REGISTER]: Registered create:display_board to registry ResourceKey[minecraft:root / minecraft:block]
[09Jun2026 14:46:08.784] [main/DEBUG] [com.tterrag.registrate.AbstractRegistrate/REGISTRATE.REGISTER]: Registered create:nixie_tube to registry ResourceKey[minecraft:root / minecraft:block]
[09Jun2026 14:46:08.785] [main/DEBUG] [com.tterrag.registrate.AbstractRegistrate/REGISTRATE.REGISTER]: Registered create:white_nixie_tube to registry ResourceKey[minecraft:root / minecraft:block]
[09Jun2026 14:46:08.786] [main/DEBUG] [com.tterrag.registrate.AbstractRegistrate/REGISTRATE.REGISTER]: Registered create:magenta_nixie_tube to registry ResourceKey[minecraft:root / minecraft:block]
[09Jun2026 14:46:08.786] [main/DEBUG] [com.tterrag.registrate.AbstractRegistrate/REGISTRATE.REGISTER]: Registered create:light_blue_nixie_tube to registry ResourceKey[minecraft:root / minecraft:block]
[09Jun2026 14:46:08.786] [main/DEBUG] [com.tterrag.registrate.AbstractRegistrate/REGISTRATE.REGISTER]: Registered create:yellow_nixie_tube to registry ResourceKey[minecraft:root / minecraft:block]
[09Jun2026 14:46:08.787] [main/DEBUG] [com.tterrag.registrate.AbstractRegistrate/REGISTRATE.REGISTER]: Registered create:lime_nixie_tube to registry ResourceKey[minecraft:root / minecraft:block]
[09Jun2026 14:46:08.787] [main/DEBUG] [com.tterrag.registrate.AbstractRegistrate/REGISTRATE.REGISTER]: Registered create:pink_nixie_tube to registry ResourceKey[minecraft:root / minecraft:block]
[09Jun2026 14:46:08.787] [main/DEBUG] [com.tterrag.registrate.AbstractRegistrate/REGISTRATE.REGISTER]: Registered create:gray_nixie_tube to registry ResourceKey[minecraft:root / minecraft:block]
[09Jun2026 14:46:08.788] [main/DEBUG] [com.tterrag.registrate.AbstractRegistrate/REGISTRATE.REGISTER]: Registered create:light_gray_nixie_tube to registry ResourceKey[minecraft:root / minecraft:block]
[09Jun2026 14:46:08.788] [main/DEBUG] [com.tterrag.registrate.AbstractRegistrate/REGISTRATE.REGISTER]: Registered create:cyan_nixie_tube to registry ResourceKey[minecraft:root / minecraft:block]
[09Jun2026 14:46:08.788] [main/DEBUG] [com.tterrag.registrate.AbstractRegistrate/REGISTRATE.REGISTER]: Registered create:purple_nixie_tube to registry ResourceKey[minecraft:root / minecraft:block]
[09Jun2026 14:46:08.789] [main/DEBUG] [com.tterrag.registrate.AbstractRegistrate/REGISTRATE.REGISTER]: Registered create:blue_nixie_tube to registry ResourceKey[minecraft:root / minecraft:block]
[09Jun2026 14:46:08.789] [main/DEBUG] [com.tterrag.registrate.AbstractRegistrate/REGISTRATE.REGISTER]: Registered create:brown_nixie_tube to registry ResourceKey[minecraft:root / minecraft:block]
[09Jun2026 14:46:08.789] [main/DEBUG] [com.tterrag.registrate.AbstractRegistrate/REGISTRATE.REGISTER]: Registered create:green_nixie_tube to registry ResourceKey[minecraft:root / minecraft:block]
[09Jun2026 14:46:08.790] [main/DEBUG] [com.tterrag.registrate.AbstractRegistrate/REGISTRATE.REGISTER]: Registered create:red_nixie_tube to registry ResourceKey[minecraft:root / minecraft:block]
[09Jun2026 14:46:08.790] [main/DEBUG] [com.tterrag.registrate.AbstractRegistrate/REGISTRATE.REGISTER]: Registered create:black_nixie_tube to registry ResourceKey[minecraft:root / minecraft:block]
[09Jun2026 14:46:08.791] [main/DEBUG] [com.tterrag.registrate.AbstractRegistrate/REGISTRATE.REGISTER]: Registered create:rose_quartz_lamp to registry ResourceKey[minecraft:root / minecraft:block]
[09Jun2026 14:46:08.791] [main/DEBUG] [com.tterrag.registrate.AbstractRegistrate/REGISTRATE.REGISTER]: Registered create:redstone_link to registry ResourceKey[minecraft:root / minecraft:block]
[09Jun2026 14:46:08.791] [main/DEBUG] [com.tterrag.registrate.AbstractRegistrate/REGISTRATE.REGISTER]: Registered create:analog_lever to registry ResourceKey[minecraft:root / minecraft:block]
[09Jun2026 14:46:08.792] [main/DEBUG] [com.tterrag.registrate.AbstractRegistrate/REGISTRATE.REGISTER]: Registered create:placard to registry ResourceKey[minecraft:root / minecraft:block]
[09Jun2026 14:46:08.793] [main/DEBUG] [com.tterrag.registrate.AbstractRegistrate/REGISTRATE.REGISTER]: Registered create:pulse_repeater to registry ResourceKey[minecraft:root / minecraft:block]
[09Jun2026 14:46:08.793] [main/DEBUG] [com.tterrag.registrate.AbstractRegistrate/REGISTRATE.REGISTER]: Registered create:pulse_extender to registry ResourceKey[minecraft:root / minecraft:block]
[09Jun2026 14:46:08.793] [main/DEBUG] [com.tterrag.registrate.AbstractRegistrate/REGISTRATE.REGISTER]: Registered create:powered_latch to registry ResourceKey[minecraft:root / minecraft:block]
[09Jun2026 14:46:08.794] [main/DEBUG] [com.tterrag.registrate.AbstractRegistrate/REGISTRATE.REGISTER]: Registered create:powered_toggle_latch to registry ResourceKey[minecraft:root / minecraft:block]
[09Jun2026 14:46:08.794] [main/DEBUG] [com.tterrag.registrate.AbstractRegistrate/REGISTRATE.REGISTER]: Registered create:lectern_controller to registry ResourceKey[minecraft:root / minecraft:block]
[09Jun2026 14:46:08.794] [main/DEBUG] [com.tterrag.registrate.AbstractRegistrate/REGISTRATE.REGISTER]: Registered create:copper_backtank to registry ResourceKey[minecraft:root / minecraft:block]
[09Jun2026 14:46:08.794] [main/DEBUG] [com.tterrag.registrate.AbstractRegistrate/REGISTRATE.REGISTER]: Registered create:netherite_backtank to registry ResourceKey[minecraft:root / minecraft:block]
[09Jun2026 14:46:08.794] [main/DEBUG] [com.tterrag.registrate.AbstractRegistrate/REGISTRATE.REGISTER]: Registered create:peculiar_bell to registry ResourceKey[minecraft:root / minecraft:block]
[09Jun2026 14:46:08.795] [main/DEBUG] [com.tterrag.registrate.AbstractRegistrate/REGISTRATE.REGISTER]: Registered create:haunted_bell to registry ResourceKey[minecraft:root / minecraft:block]
[09Jun2026 14:46:08.795] [main/DEBUG] [com.tterrag.registrate.AbstractRegistrate/REGISTRATE.REGISTER]: Registered create:white_toolbox to registry ResourceKey[minecraft:root / minecraft:block]
[09Jun2026 14:46:08.795] [main/DEBUG] [com.tterrag.registrate.AbstractRegistrate/REGISTRATE.REGISTER]: Registered create:orange_toolbox to registry ResourceKey[minecraft:root / minecraft:block]
[09Jun2026 14:46:08.795] [main/DEBUG] [com.tterrag.registrate.AbstractRegistrate/REGISTRATE.REGISTER]: Registered create:magenta_toolbox to registry ResourceKey[minecraft:root / minecraft:block]
[09Jun2026 14:46:08.796] [main/DEBUG] [com.tterrag.registrate.AbstractRegistrate/REGISTRATE.REGISTER]: Registered create:light_blue_toolbox to registry ResourceKey[minecraft:root / minecraft:block]
[09Jun2026 14:46:08.796] [main/DEBUG] [com.tterrag.registrate.AbstractRegistrate/REGISTRATE.REGISTER]: Registered create:yellow_toolbox to registry ResourceKey[minecraft:root / minecraft:block]
[09Jun2026 14:46:08.796] [main/DEBUG] [com.tterrag.registrate.AbstractRegistrate/REGISTRATE.REGISTER]: Registered create:lime_toolbox to registry ResourceKey[minecraft:root / minecraft:block]
[09Jun2026 14:46:08.796] [main/DEBUG] [com.tterrag.registrate.AbstractRegistrate/REGISTRATE.REGISTER]: Registered create:pink_toolbox to registry ResourceKey[minecraft:root / minecraft:block]
[09Jun2026 14:46:08.796] [main/DEBUG] [com.tterrag.registrate.AbstractRegistrate/REGISTRATE.REGISTER]: Registered create:gray_toolbox to registry ResourceKey[minecraft:root / minecraft:block]
[09Jun2026 14:46:08.796] [main/DEBUG] [com.tterrag.registrate.AbstractRegistrate/REGISTRATE.REGISTER]: Registered create:light_gray_toolbox to registry ResourceKey[minecraft:root / minecraft:block]
[09Jun2026 14:46:08.796] [main/DEBUG] [com.tterrag.registrate.AbstractRegistrate/REGISTRATE.REGISTER]: Registered create:cyan_toolbox to registry ResourceKey[minecraft:root / minecraft:block]
[09Jun2026 14:46:08.796] [main/DEBUG] [com.tterrag.registrate.AbstractRegistrate/REGISTRATE.REGISTER]: Registered create:purple_toolbox to registry ResourceKey[minecraft:root / minecraft:block]
[09Jun2026 14:46:08.797] [main/DEBUG] [com.tterrag.registrate.AbstractRegistrate/REGISTRATE.REGISTER]: Registered create:blue_toolbox to registry ResourceKey[minecraft:root / minecraft:block]
[09Jun2026 14:46:08.797] [main/DEBUG] [com.tterrag.registrate.AbstractRegistrate/REGISTRATE.REGISTER]: Registered create:brown_toolbox to registry ResourceKey[minecraft:root / minecraft:block]
[09Jun2026 14:46:08.797] [main/DEBUG] [com.tterrag.registrate.AbstractRegistrate/REGISTRATE.REGISTER]: Registered create:green_toolbox to registry ResourceKey[minecraft:root / minecraft:block]
[09Jun2026 14:46:08.797] [main/DEBUG] [com.tterrag.registrate.AbstractRegistrate/REGISTRATE.REGISTER]: Registered create:red_toolbox to registry ResourceKey[minecraft:root / minecraft:block]
[09Jun2026 14:46:08.797] [main/DEBUG] [com.tterrag.registrate.AbstractRegistrate/REGISTRATE.REGISTER]: Registered create:black_toolbox to registry ResourceKey[minecraft:root / minecraft:block]
[09Jun2026 14:46:08.798] [main/DEBUG] [com.tterrag.registrate.AbstractRegistrate/REGISTRATE.REGISTER]: Registered create:clipboard to registry ResourceKey[minecraft:root / minecraft:block]
[09Jun2026 14:46:08.799] [main/DEBUG] [com.tterrag.registrate.AbstractRegistrate/REGISTRATE.REGISTER]: Registered create:andesite_ladder to registry ResourceKey[minecraft:root / minecraft:block]
[09Jun2026 14:46:08.799] [main/DEBUG] [com.tterrag.registrate.AbstractRegistrate/REGISTRATE.REGISTER]: Registered create:brass_ladder to registry ResourceKey[minecraft:root / minecraft:block]
[09Jun2026 14:46:08.799] [main/DEBUG] [com.tterrag.registrate.AbstractRegistrate/REGISTRATE.REGISTER]: Registered create:copper_ladder to registry ResourceKey[minecraft:root / minecraft:block]
[09Jun2026 14:46:08.800] [main/DEBUG] [com.tterrag.registrate.AbstractRegistrate/REGISTRATE.REGISTER]: Registered create:andesite_bars to registry ResourceKey[minecraft:root / minecraft:block]
[09Jun2026 14:46:08.800] [main/DEBUG] [com.tterrag.registrate.AbstractRegistrate/REGISTRATE.REGISTER]: Registered create:brass_bars to registry ResourceKey[minecraft:root / minecraft:block]
[09Jun2026 14:46:08.801] [main/DEBUG] [com.tterrag.registrate.AbstractRegistrate/REGISTRATE.REGISTER]: Registered create:copper_bars to registry ResourceKey[minecraft:root / minecraft:block]
[09Jun2026 14:46:08.801] [main/DEBUG] [com.tterrag.registrate.AbstractRegistrate/REGISTRATE.REGISTER]: Registered create:andesite_scaffolding to registry ResourceKey[minecraft:root / minecraft:block]
[09Jun2026 14:46:08.801] [main/DEBUG] [com.tterrag.registrate.AbstractRegistrate/REGISTRATE.REGISTER]: Registered create:brass_scaffolding to registry ResourceKey[minecraft:root / minecraft:block]
[09Jun2026 14:46:08.802] [main/DEBUG] [com.tterrag.registrate.AbstractRegistrate/REGISTRATE.REGISTER]: Registered create:copper_scaffolding to registry ResourceKey[minecraft:root / minecraft:block]
[09Jun2026 14:46:08.805] [main/DEBUG] [com.tterrag.registrate.AbstractRegistrate/REGISTRATE.REGISTER]: Registered create:metal_girder to registry ResourceKey[minecraft:root / minecraft:block]
[09Jun2026 14:46:08.806] [main/DEBUG] [com.tterrag.registrate.AbstractRegistrate/REGISTRATE.REGISTER]: Registered create:metal_girder_encased_shaft to registry ResourceKey[minecraft:root / minecraft:block]
[09Jun2026 14:46:08.806] [main/DEBUG] [com.tterrag.registrate.AbstractRegistrate/REGISTRATE.REGISTER]: Registered create:copycat_base to registry ResourceKey[minecraft:root / minecraft:block]
[09Jun2026 14:46:08.808] [main/DEBUG] [com.tterrag.registrate.AbstractRegistrate/REGISTRATE.REGISTER]: Registered create:copycat_step to registry ResourceKey[minecraft:root / minecraft:block]
[09Jun2026 14:46:08.809] [main/DEBUG] [com.tterrag.registrate.AbstractRegistrate/REGISTRATE.REGISTER]: Registered create:copycat_panel to registry ResourceKey[minecraft:root / minecraft:block]
[09Jun2026 14:46:08.810] [main/DEBUG] [com.tterrag.registrate.AbstractRegistrate/REGISTRATE.REGISTER]: Registered create:copycat_bars to registry ResourceKey[minecraft:root / minecraft:block]
[09Jun2026 14:46:08.810] [main/DEBUG] [com.tterrag.registrate.AbstractRegistrate/REGISTRATE.REGISTER]: Registered create:white_seat to registry ResourceKey[minecraft:root / minecraft:block]
[09Jun2026 14:46:08.811] [main/DEBUG] [com.tterrag.registrate.AbstractRegistrate/REGISTRATE.REGISTER]: Registered create:orange_seat to registry ResourceKey[minecraft:root / minecraft:block]
[09Jun2026 14:46:08.811] [main/DEBUG] [com.tterrag.registrate.AbstractRegistrate/REGISTRATE.REGISTER]: Registered create:magenta_seat to registry ResourceKey[minecraft:root / minecraft:block]
[09Jun2026 14:46:08.811] [main/DEBUG] [com.tterrag.registrate.AbstractRegistrate/REGISTRATE.REGISTER]: Registered create:light_blue_seat to registry ResourceKey[minecraft:root / minecraft:block]
[09Jun2026 14:46:08.811] [main/DEBUG] [com.tterrag.registrate.AbstractRegistrate/REGISTRATE.REGISTER]: Registered create:yellow_seat to registry ResourceKey[minecraft:root / minecraft:block]
[09Jun2026 14:46:08.811] [main/DEBUG] [com.tterrag.registrate.AbstractRegistrate/REGISTRATE.REGISTER]: Registered create:lime_seat to registry ResourceKey[minecraft:root / minecraft:block]
[09Jun2026 14:46:08.811] [main/DEBUG] [com.tterrag.registrate.AbstractRegistrate/REGISTRATE.REGISTER]: Registered create:pink_seat to registry ResourceKey[minecraft:root / minecraft:block]
[09Jun2026 14:46:08.811] [main/DEBUG] [com.tterrag.registrate.AbstractRegistrate/REGISTRATE.REGISTER]: Registered create:gray_seat to registry ResourceKey[minecraft:root / minecraft:block]
[09Jun2026 14:46:08.811] [main/DEBUG] [com.tterrag.registrate.AbstractRegistrate/REGISTRATE.REGISTER]: Registered create:light_gray_seat to registry ResourceKey[minecraft:root / minecraft:block]
[09Jun2026 14:46:08.811] [main/DEBUG] [com.tterrag.registrate.AbstractRegistrate/REGISTRATE.REGISTER]: Registered create:cyan_seat to registry ResourceKey[minecraft:root / minecraft:block]
[09Jun2026 14:46:08.811] [main/DEBUG] [com.tterrag.registrate.AbstractRegistrate/REGISTRATE.REGISTER]: Registered create:purple_seat to registry ResourceKey[minecraft:root / minecraft:block]
[09Jun2026 14:46:08.811] [main/DEBUG] [com.tterrag.registrate.AbstractRegistrate/REGISTRATE.REGISTER]: Registered create:blue_seat to registry ResourceKey[minecraft:root / minecraft:block]
[09Jun2026 14:46:08.811] [main/DEBUG] [com.tterrag.registrate.AbstractRegistrate/REGISTRATE.REGISTER]: Registered create:brown_seat to registry ResourceKey[minecraft:root / minecraft:block]
[09Jun2026 14:46:08.811] [main/DEBUG] [com.tterrag.registrate.AbstractRegistrate/REGISTRATE.REGISTER]: Registered create:green_seat to registry ResourceKey[minecraft:root / minecraft:block]
[09Jun2026 14:46:08.812] [main/DEBUG] [com.tterrag.registrate.AbstractRegistrate/REGISTRATE.REGISTER]: Registered create:red_seat to registry ResourceKey[minecraft:root / minecraft:block]
[09Jun2026 14:46:08.812] [main/DEBUG] [com.tterrag.registrate.AbstractRegistrate/REGISTRATE.REGISTER]: Registered create:black_seat to registry ResourceKey[minecraft:root / minecraft:block]
[09Jun2026 14:46:08.814] [main/DEBUG] [com.tterrag.registrate.AbstractRegistrate/REGISTRATE.REGISTER]: Registered create:andesite_door to registry ResourceKey[minecraft:root / minecraft:block]
[09Jun2026 14:46:08.815] [main/DEBUG] [com.tterrag.registrate.AbstractRegistrate/REGISTRATE.REGISTER]: Registered create:brass_door to registry ResourceKey[minecraft:root / minecraft:block]
[09Jun2026 14:46:08.817] [main/DEBUG] [com.tterrag.registrate.AbstractRegistrate/REGISTRATE.REGISTER]: Registered create:copper_door to registry ResourceKey[minecraft:root / minecraft:block]
[09Jun2026 14:46:08.819] [main/DEBUG] [com.tterrag.registrate.AbstractRegistrate/REGISTRATE.REGISTER]: Registered create:train_door to registry ResourceKey[minecraft:root / minecraft:block]
[09Jun2026 14:46:08.820] [main/DEBUG] [com.tterrag.registrate.AbstractRegistrate/REGISTRATE.REGISTER]: Registered create:train_trapdoor to registry ResourceKey[minecraft:root / minecraft:block]
[09Jun2026 14:46:08.821] [main/DEBUG] [com.tterrag.registrate.AbstractRegistrate/REGISTRATE.REGISTER]: Registered create:framed_glass_door to registry ResourceKey[minecraft:root / minecraft:block]
[09Jun2026 14:46:08.821] [main/DEBUG] [com.tterrag.registrate.AbstractRegistrate/REGISTRATE.REGISTER]: Registered create:framed_glass_trapdoor to registry ResourceKey[minecraft:root / minecraft:block]
[09Jun2026 14:46:08.821] [main/DEBUG] [com.tterrag.registrate.AbstractRegistrate/REGISTRATE.REGISTER]: Registered create:zinc_ore to registry ResourceKey[minecraft:root / minecraft:block]
[09Jun2026 14:46:08.822] [main/DEBUG] [com.tterrag.registrate.AbstractRegistrate/REGISTRATE.REGISTER]: Registered create:deepslate_zinc_ore to registry ResourceKey[minecraft:root / minecraft:block]
[09Jun2026 14:46:08.822] [main/DEBUG] [com.tterrag.registrate.AbstractRegistrate/REGISTRATE.REGISTER]: Registered create:raw_zinc_block to registry ResourceKey[minecraft:root / minecraft:block]
[09Jun2026 14:46:08.822] [main/DEBUG] [com.tterrag.registrate.AbstractRegistrate/REGISTRATE.REGISTER]: Registered create:zinc_block to registry ResourceKey[minecraft:root / minecraft:block]
[09Jun2026 14:46:08.822] [main/DEBUG] [com.tterrag.registrate.AbstractRegistrate/REGISTRATE.REGISTER]: Registered create:andesite_alloy_block to registry ResourceKey[minecraft:root / minecraft:block]
[09Jun2026 14:46:08.822] [main/DEBUG] [com.tterrag.registrate.AbstractRegistrate/REGISTRATE.REGISTER]: Registered create:industrial_iron_block to registry ResourceKey[minecraft:root / minecraft:block]
[09Jun2026 14:46:08.822] [main/DEBUG] [com.tterrag.registrate.AbstractRegistrate/REGISTRATE.REGISTER]: Registered create:brass_block to registry ResourceKey[minecraft:root / minecraft:block]
[09Jun2026 14:46:08.823] [main/DEBUG] [com.tterrag.registrate.AbstractRegistrate/REGISTRATE.REGISTER]: Registered create:experience_block to registry ResourceKey[minecraft:root / minecraft:block]
[09Jun2026 14:46:08.823] [main/DEBUG] [com.tterrag.registrate.AbstractRegistrate/REGISTRATE.REGISTER]: Registered create:rose_quartz_block to registry ResourceKey[minecraft:root / minecraft:block]
[09Jun2026 14:46:08.823] [main/DEBUG] [com.tterrag.registrate.AbstractRegistrate/REGISTRATE.REGISTER]: Registered create:rose_quartz_tiles to registry ResourceKey[minecraft:root / minecraft:block]
[09Jun2026 14:46:08.823] [main/DEBUG] [com.tterrag.registrate.AbstractRegistrate/REGISTRATE.REGISTER]: Registered create:small_rose_quartz_tiles to registry ResourceKey[minecraft:root / minecraft:block]
[09Jun2026 14:46:08.823] [main/DEBUG] [com.tterrag.registrate.AbstractRegistrate/REGISTRATE.REGISTER]: Registered create:copper_shingles to registry ResourceKey[minecraft:root / minecraft:block]
[09Jun2026 14:46:08.823] [main/DEBUG] [com.tterrag.registrate.AbstractRegistrate/REGISTRATE.REGISTER]: Registered create:exposed_copper_shingles to registry ResourceKey[minecraft:root / minecraft:block]
[09Jun2026 14:46:08.823] [main/DEBUG] [com.tterrag.registrate.AbstractRegistrate/REGISTRATE.REGISTER]: Registered create:weathered_copper_shingles to registry ResourceKey[minecraft:root / minecraft:block]
[09Jun2026 14:46:08.823] [main/DEBUG] [com.tterrag.registrate.AbstractRegistrate/REGISTRATE.REGISTER]: Registered create:oxidized_copper_shingles to registry ResourceKey[minecraft:root / minecraft:block]
[09Jun2026 14:46:08.823] [main/DEBUG] [com.tterrag.registrate.AbstractRegistrate/REGISTRATE.REGISTER]: Registered create:copper_shingle_slab to registry ResourceKey[minecraft:root / minecraft:block]
[09Jun2026 14:46:08.824] [main/DEBUG] [com.tterrag.registrate.AbstractRegistrate/REGISTRATE.REGISTER]: Registered create:exposed_copper_shingle_slab to registry ResourceKey[minecraft:root / minecraft:block]
[09Jun2026 14:46:08.824] [main/DEBUG] [com.tterrag.registrate.AbstractRegistrate/REGISTRATE.REGISTER]: Registered create:weathered_copper_shingle_slab to registry ResourceKey[minecraft:root / minecraft:block]
[09Jun2026 14:46:08.824] [main/DEBUG] [com.tterrag.registrate.AbstractRegistrate/REGISTRATE.REGISTER]: Registered create:oxidized_copper_shingle_slab to registry ResourceKey[minecraft:root / minecraft:block]
[09Jun2026 14:46:08.825] [main/DEBUG] [com.tterrag.registrate.AbstractRegistrate/REGISTRATE.REGISTER]: Registered create:copper_shingle_stairs to registry ResourceKey[minecraft:root / minecraft:block]
[09Jun2026 14:46:08.825] [main/DEBUG] [com.tterrag.registrate.AbstractRegistrate/REGISTRATE.REGISTER]: Registered create:exposed_copper_shingle_stairs to registry ResourceKey[minecraft:root / minecraft:block]
[09Jun2026 14:46:08.826] [main/DEBUG] [com.tterrag.registrate.AbstractRegistrate/REGISTRATE.REGISTER]: Registered create:weathered_copper_shingle_stairs to registry ResourceKey[minecraft:root / minecraft:block]
[09Jun2026 14:46:08.826] [main/DEBUG] [com.tterrag.registrate.AbstractRegistrate/REGISTRATE.REGISTER]: Registered create:oxidized_copper_shingle_stairs to registry ResourceKey[minecraft:root / minecraft:block]
[09Jun2026 14:46:08.827] [main/DEBUG] [com.tterrag.registrate.AbstractRegistrate/REGISTRATE.REGISTER]: Registered create:waxed_copper_shingles to registry ResourceKey[minecraft:root / minecraft:block]
[09Jun2026 14:46:08.827] [main/DEBUG] [com.tterrag.registrate.AbstractRegistrate/REGISTRATE.REGISTER]: Registered create:waxed_exposed_copper_shingles to registry ResourceKey[minecraft:root / minecraft:block]
[09Jun2026 14:46:08.827] [main/DEBUG] [com.tterrag.registrate.AbstractRegistrate/REGISTRATE.REGISTER]: Registered create:waxed_weathered_copper_shingles to registry ResourceKey[minecraft:root / minecraft:block]
[09Jun2026 14:46:08.827] [main/DEBUG] [com.tterrag.registrate.AbstractRegistrate/REGISTRATE.REGISTER]: Registered create:waxed_oxidized_copper_shingles to registry ResourceKey[minecraft:root / minecraft:block]
[09Jun2026 14:46:08.827] [main/DEBUG] [com.tterrag.registrate.AbstractRegistrate/REGISTRATE.REGISTER]: Registered create:waxed_copper_shingle_slab to registry ResourceKey[minecraft:root / minecraft:block]
[09Jun2026 14:46:08.827] [main/DEBUG] [com.tterrag.registrate.AbstractRegistrate/REGISTRATE.REGISTER]: Registered create:waxed_exposed_copper_shingle_slab to registry ResourceKey[minecraft:root / minecraft:block]
[09Jun2026 14:46:08.827] [main/DEBUG] [com.tterrag.registrate.AbstractRegistrate/REGISTRATE.REGISTER]: Registered create:waxed_weathered_copper_shingle_slab to registry ResourceKey[minecraft:root / minecraft:block]
[09Jun2026 14:46:08.827] [main/DEBUG] [com.tterrag.registrate.AbstractRegistrate/REGISTRATE.REGISTER]: Registered create:waxed_oxidized_copper_shingle_slab to registry ResourceKey[minecraft:root / minecraft:block]
[09Jun2026 14:46:08.828] [main/DEBUG] [com.tterrag.registrate.AbstractRegistrate/REGISTRATE.REGISTER]: Registered create:waxed_copper_shingle_stairs to registry ResourceKey[minecraft:root / minecraft:block]
[09Jun2026 14:46:08.828] [main/DEBUG] [com.tterrag.registrate.AbstractRegistrate/REGISTRATE.REGISTER]: Registered create:waxed_exposed_copper_shingle_stairs to registry ResourceKey[minecraft:root / minecraft:block]
[09Jun2026 14:46:08.829] [main/DEBUG] [com.tterrag.registrate.AbstractRegistrate/REGISTRATE.REGISTER]: Registered create:waxed_weathered_copper_shingle_stairs to registry ResourceKey[minecraft:root / minecraft:block]
[09Jun2026 14:46:08.829] [main/DEBUG] [com.tterrag.registrate.AbstractRegistrate/REGISTRATE.REGISTER]: Registered create:waxed_oxidized_copper_shingle_stairs to registry ResourceKey[minecraft:root / minecraft:block]
[09Jun2026 14:46:08.829] [main/DEBUG] [com.tterrag.registrate.AbstractRegistrate/REGISTRATE.REGISTER]: Registered create:copper_tiles to registry ResourceKey[minecraft:root / minecraft:block]
[09Jun2026 14:46:08.830] [main/DEBUG] [com.tterrag.registrate.AbstractRegistrate/REGISTRATE.REGISTER]: Registered create:exposed_copper_tiles to registry ResourceKey[minecraft:root / minecraft:block]
[09Jun2026 14:46:08.830] [main/DEBUG] [com.tterrag.registrate.AbstractRegistrate/REGISTRATE.REGISTER]: Registered create:weathered_copper_tiles to registry ResourceKey[minecraft:root / minecraft:block]
[09Jun2026 14:46:08.830] [main/DEBUG] [com.tterrag.registrate.AbstractRegistrate/REGISTRATE.REGISTER]: Registered create:oxidized_copper_tiles to registry ResourceKey[minecraft:root / minecraft:block]
[09Jun2026 14:46:08.830] [main/DEBUG] [com.tterrag.registrate.AbstractRegistrate/REGISTRATE.REGISTER]: Registered create:copper_tile_slab to registry ResourceKey[minecraft:root / minecraft:block]
[09Jun2026 14:46:08.830] [main/DEBUG] [com.tterrag.registrate.AbstractRegistrate/REGISTRATE.REGISTER]: Registered create:exposed_copper_tile_slab to registry ResourceKey[minecraft:root / minecraft:block]
[09Jun2026 14:46:08.830] [main/DEBUG] [com.tterrag.registrate.AbstractRegistrate/REGISTRATE.REGISTER]: Registered create:weathered_copper_tile_slab to registry ResourceKey[minecraft:root / minecraft:block]
[09Jun2026 14:46:08.830] [main/DEBUG] [com.tterrag.registrate.AbstractRegistrate/REGISTRATE.REGISTER]: Registered create:oxidized_copper_tile_slab to registry ResourceKey[minecraft:root / minecraft:block]
[09Jun2026 14:46:08.831] [main/DEBUG] [com.tterrag.registrate.AbstractRegistrate/REGISTRATE.REGISTER]: Registered create:copper_tile_stairs to registry ResourceKey[minecraft:root / minecraft:block]
[09Jun2026 14:46:08.831] [main/DEBUG] [com.tterrag.registrate.AbstractRegistrate/REGISTRATE.REGISTER]: Registered create:exposed_copper_tile_stairs to registry ResourceKey[minecraft:root / minecraft:block]
[09Jun2026 14:46:08.832] [main/DEBUG] [com.tterrag.registrate.AbstractRegistrate/REGISTRATE.REGISTER]: Registered create:weathered_copper_tile_stairs to registry ResourceKey[minecraft:root / minecraft:block]
[09Jun2026 14:46:08.832] [main/DEBUG] [com.tterrag.registrate.AbstractRegistrate/REGISTRATE.REGISTER]: Registered create:oxidized_copper_tile_stairs to registry ResourceKey[minecraft:root / minecraft:block]
[09Jun2026 14:46:08.833] [main/DEBUG] [com.tterrag.registrate.AbstractRegistrate/REGISTRATE.REGISTER]: Registered create:waxed_copper_tiles to registry ResourceKey[minecraft:root / minecraft:block]
[09Jun2026 14:46:08.833] [main/DEBUG] [com.tterrag.registrate.AbstractRegistrate/REGISTRATE.REGISTER]: Registered create:waxed_exposed_copper_tiles to registry ResourceKey[minecraft:root / minecraft:block]
[09Jun2026 14:46:08.833] [main/DEBUG] [com.tterrag.registrate.AbstractRegistrate/REGISTRATE.REGISTER]: Registered create:waxed_weathered_copper_tiles to registry ResourceKey[minecraft:root / minecraft:block]
[09Jun2026 14:46:08.833] [main/DEBUG] [com.tterrag.registrate.AbstractRegistrate/REGISTRATE.REGISTER]: Registered create:waxed_oxidized_copper_tiles to registry ResourceKey[minecraft:root / minecraft:block]
[09Jun2026 14:46:08.833] [main/DEBUG] [com.tterrag.registrate.AbstractRegistrate/REGISTRATE.REGISTER]: Registered create:waxed_copper_tile_slab to registry ResourceKey[minecraft:root / minecraft:block]
[09Jun2026 14:46:08.833] [main/DEBUG] [com.tterrag.registrate.AbstractRegistrate/REGISTRATE.REGISTER]: Registered create:waxed_exposed_copper_tile_slab to registry ResourceKey[minecraft:root / minecraft:block]
[09Jun2026 14:46:08.833] [main/DEBUG] [com.tterrag.registrate.AbstractRegistrate/REGISTRATE.REGISTER]: Registered create:waxed_weathered_copper_tile_slab to registry ResourceKey[minecraft:root / minecraft:block]
[09Jun2026 14:46:08.833] [main/DEBUG] [com.tterrag.registrate.AbstractRegistrate/REGISTRATE.REGISTER]: Registered create:waxed_oxidized_copper_tile_slab to registry ResourceKey[minecraft:root / minecraft:block]
[09Jun2026 14:46:08.834] [main/DEBUG] [com.tterrag.registrate.AbstractRegistrate/REGISTRATE.REGISTER]: Registered create:waxed_copper_tile_stairs to registry ResourceKey[minecraft:root / minecraft:block]
[09Jun2026 14:46:08.834] [main/DEBUG] [com.tterrag.registrate.AbstractRegistrate/REGISTRATE.REGISTER]: Registered create:waxed_exposed_copper_tile_stairs to registry ResourceKey[minecraft:root / minecraft:block]
[09Jun2026 14:46:08.835] [main/DEBUG] [com.tterrag.registrate.AbstractRegistrate/REGISTRATE.REGISTER]: Registered create:waxed_weathered_copper_tile_stairs to registry ResourceKey[minecraft:root / minecraft:block]
[09Jun2026 14:46:08.835] [main/DEBUG] [com.tterrag.registrate.AbstractRegistrate/REGISTRATE.REGISTER]: Registered create:waxed_oxidized_copper_tile_stairs to registry ResourceKey[minecraft:root / minecraft:block]
[09Jun2026 14:46:08.836] [main/DEBUG] [com.tterrag.registrate.AbstractRegistrate/REGISTRATE.REGISTER]: Registered create:honey to registry ResourceKey[minecraft:root / minecraft:block]
[09Jun2026 14:46:08.836] [main/DEBUG] [com.tterrag.registrate.AbstractRegistrate/REGISTRATE.REGISTER]: Registered create:chocolate to registry ResourceKey[minecraft:root / minecraft:block]
[09Jun2026 14:46:08.837] [main/DEBUG] [com.tterrag.registrate.AbstractRegistrate/REGISTRATE.REGISTER]: Registered create:tiled_glass to registry ResourceKey[minecraft:root / minecraft:block]
[09Jun2026 14:46:08.837] [main/DEBUG] [com.tterrag.registrate.AbstractRegistrate/REGISTRATE.REGISTER]: Registered create:framed_glass to registry ResourceKey[minecraft:root / minecraft:block]
[09Jun2026 14:46:08.838] [main/DEBUG] [com.tterrag.registrate.AbstractRegistrate/REGISTRATE.REGISTER]: Registered create:horizontal_framed_glass to registry ResourceKey[minecraft:root / minecraft:block]
[09Jun2026 14:46:08.838] [main/DEBUG] [com.tterrag.registrate.AbstractRegistrate/REGISTRATE.REGISTER]: Registered create:vertical_framed_glass to registry ResourceKey[minecraft:root / minecraft:block]
[09Jun2026 14:46:08.838] [main/DEBUG] [com.tterrag.registrate.AbstractRegistrate/REGISTRATE.REGISTER]: Registered create:tiled_glass_pane to registry ResourceKey[minecraft:root / minecraft:block]
[09Jun2026 14:46:08.838] [main/DEBUG] [com.tterrag.registrate.AbstractRegistrate/REGISTRATE.REGISTER]: Registered create:framed_glass_pane to registry ResourceKey[minecraft:root / minecraft:block]
[09Jun2026 14:46:08.839] [main/DEBUG] [com.tterrag.registrate.AbstractRegistrate/REGISTRATE.REGISTER]: Registered create:horizontal_framed_glass_pane to registry ResourceKey[minecraft:root / minecraft:block]
[09Jun2026 14:46:08.839] [main/DEBUG] [com.tterrag.registrate.AbstractRegistrate/REGISTRATE.REGISTER]: Registered create:vertical_framed_glass_pane to registry ResourceKey[minecraft:root / minecraft:block]
[09Jun2026 14:46:08.839] [main/DEBUG] [com.tterrag.registrate.AbstractRegistrate/REGISTRATE.REGISTER]: Registered create:oak_window to registry ResourceKey[minecraft:root / minecraft:block]
[09Jun2026 14:46:08.839] [main/DEBUG] [com.tterrag.registrate.AbstractRegistrate/REGISTRATE.REGISTER]: Registered create:spruce_window to registry ResourceKey[minecraft:root / minecraft:block]
[09Jun2026 14:46:08.839] [main/DEBUG] [com.tterrag.registrate.AbstractRegistrate/REGISTRATE.REGISTER]: Registered create:birch_window to registry ResourceKey[minecraft:root / minecraft:block]
[09Jun2026 14:46:08.840] [main/DEBUG] [com.tterrag.registrate.AbstractRegistrate/REGISTRATE.REGISTER]: Registered create:jungle_window to registry ResourceKey[minecraft:root / minecraft:block]
[09Jun2026 14:46:08.840] [main/DEBUG] [com.tterrag.registrate.AbstractRegistrate/REGISTRATE.REGISTER]: Registered create:acacia_window to registry ResourceKey[minecraft:root / minecraft:block]
[09Jun2026 14:46:08.840] [main/DEBUG] [com.tterrag.registrate.AbstractRegistrate/REGISTRATE.REGISTER]: Registered create:dark_oak_window to registry ResourceKey[minecraft:root / minecraft:block]
[09Jun2026 14:46:08.840] [main/DEBUG] [com.tterrag.registrate.AbstractRegistrate/REGISTRATE.REGISTER]: Registered create:mangrove_window to registry ResourceKey[minecraft:root / minecraft:block]
[09Jun2026 14:46:08.840] [main/DEBUG] [com.tterrag.registrate.AbstractRegistrate/REGISTRATE.REGISTER]: Registered create:crimson_window to registry ResourceKey[minecraft:root / minecraft:block]
[09Jun2026 14:46:08.840] [main/DEBUG] [com.tterrag.registrate.AbstractRegistrate/REGISTRATE.REGISTER]: Registered create:warped_window to registry ResourceKey[minecraft:root / minecraft:block]
[09Jun2026 14:46:08.840] [main/DEBUG] [com.tterrag.registrate.AbstractRegistrate/REGISTRATE.REGISTER]: Registered create:ornate_iron_window to registry ResourceKey[minecraft:root / minecraft:block]
[09Jun2026 14:46:08.840] [main/DEBUG] [com.tterrag.registrate.AbstractRegistrate/REGISTRATE.REGISTER]: Registered create:oak_window_pane to registry ResourceKey[minecraft:root / minecraft:block]
[09Jun2026 14:46:08.841] [main/DEBUG] [com.tterrag.registrate.AbstractRegistrate/REGISTRATE.REGISTER]: Registered create:spruce_window_pane to registry ResourceKey[minecraft:root / minecraft:block]
[09Jun2026 14:46:08.841] [main/DEBUG] [com.tterrag.registrate.AbstractRegistrate/REGISTRATE.REGISTER]: Registered create:birch_window_pane to registry ResourceKey[minecraft:root / minecraft:block]
[09Jun2026 14:46:08.841] [main/DEBUG] [com.tterrag.registrate.AbstractRegistrate/REGISTRATE.REGISTER]: Registered create:jungle_window_pane to registry ResourceKey[minecraft:root / minecraft:block]
[09Jun2026 14:46:08.842] [main/DEBUG] [com.tterrag.registrate.AbstractRegistrate/REGISTRATE.REGISTER]: Registered create:acacia_window_pane to registry ResourceKey[minecraft:root / minecraft:block]
[09Jun2026 14:46:08.842] [main/DEBUG] [com.tterrag.registrate.AbstractRegistrate/REGISTRATE.REGISTER]: Registered create:dark_oak_window_pane to registry ResourceKey[minecraft:root / minecraft:block]
[09Jun2026 14:46:08.842] [main/DEBUG] [com.tterrag.registrate.AbstractRegistrate/REGISTRATE.REGISTER]: Registered create:mangrove_window_pane to registry ResourceKey[minecraft:root / minecraft:block]
[09Jun2026 14:46:08.843] [main/DEBUG] [com.tterrag.registrate.AbstractRegistrate/REGISTRATE.REGISTER]: Registered create:crimson_window_pane to registry ResourceKey[minecraft:root / minecraft:block]
[09Jun2026 14:46:08.843] [main/DEBUG] [com.tterrag.registrate.AbstractRegistrate/REGISTRATE.REGISTER]: Registered create:warped_window_pane to registry ResourceKey[minecraft:root / minecraft:block]
[09Jun2026 14:46:08.843] [main/DEBUG] [com.tterrag.registrate.AbstractRegistrate/REGISTRATE.REGISTER]: Registered create:ornate_iron_window_pane to registry ResourceKey[minecraft:root / minecraft:block]
[09Jun2026 14:46:08.844] [main/DEBUG] [com.tterrag.registrate.AbstractRegistrate/REGISTRATE.REGISTER]: Registered create:cut_granite to registry ResourceKey[minecraft:root / minecraft:block]
[09Jun2026 14:46:08.844] [main/DEBUG] [com.tterrag.registrate.AbstractRegistrate/REGISTRATE.REGISTER]: Registered create:cut_granite_stairs to registry ResourceKey[minecraft:root / minecraft:block]
[09Jun2026 14:46:08.844] [main/DEBUG] [com.tterrag.registrate.AbstractRegistrate/REGISTRATE.REGISTER]: Registered create:cut_granite_slab to registry ResourceKey[minecraft:root / minecraft:block]
[09Jun2026 14:46:08.851] [main/DEBUG] [com.tterrag.registrate.AbstractRegistrate/REGISTRATE.REGISTER]: Registered create:cut_granite_wall to registry ResourceKey[minecraft:root / minecraft:block]
[09Jun2026 14:46:08.851] [main/DEBUG] [com.tterrag.registrate.AbstractRegistrate/REGISTRATE.REGISTER]: Registered create:polished_cut_granite to registry ResourceKey[minecraft:root / minecraft:block]
[09Jun2026 14:46:08.852] [main/DEBUG] [com.tterrag.registrate.AbstractRegistrate/REGISTRATE.REGISTER]: Registered create:polished_cut_granite_stairs to registry ResourceKey[minecraft:root / minecraft:block]
[09Jun2026 14:46:08.852] [main/DEBUG] [com.tterrag.registrate.AbstractRegistrate/REGISTRATE.REGISTER]: Registered create:polished_cut_granite_slab to registry ResourceKey[minecraft:root / minecraft:block]
[09Jun2026 14:46:08.857] [main/DEBUG] [com.tterrag.registrate.AbstractRegistrate/REGISTRATE.REGISTER]: Registered create:polished_cut_granite_wall to registry ResourceKey[minecraft:root / minecraft:block]
[09Jun2026 14:46:08.857] [main/DEBUG] [com.tterrag.registrate.AbstractRegistrate/REGISTRATE.REGISTER]: Registered create:cut_granite_bricks to registry ResourceKey[minecraft:root / minecraft:block]
[09Jun2026 14:46:08.858] [main/DEBUG] [com.tterrag.registrate.AbstractRegistrate/REGISTRATE.REGISTER]: Registered create:cut_granite_brick_stairs to registry ResourceKey[minecraft:root / minecraft:block]
[09Jun2026 14:46:08.858] [main/DEBUG] [com.tterrag.registrate.AbstractRegistrate/REGISTRATE.REGISTER]: Registered create:cut_granite_brick_slab to registry ResourceKey[minecraft:root / minecraft:block]
[09Jun2026 14:46:08.863] [main/DEBUG] [com.tterrag.registrate.AbstractRegistrate/REGISTRATE.REGISTER]: Registered create:cut_granite_brick_wall to registry ResourceKey[minecraft:root / minecraft:block]
[09Jun2026 14:46:08.863] [main/DEBUG] [com.tterrag.registrate.AbstractRegistrate/REGISTRATE.REGISTER]: Registered create:small_granite_bricks to registry ResourceKey[minecraft:root / minecraft:block]
[09Jun2026 14:46:08.864] [main/DEBUG] [com.tterrag.registrate.AbstractRegistrate/REGISTRATE.REGISTER]: Registered create:small_granite_brick_stairs to registry ResourceKey[minecraft:root / minecraft:block]
[09Jun2026 14:46:08.864] [main/DEBUG] [com.tterrag.registrate.AbstractRegistrate/REGISTRATE.REGISTER]: Registered create:small_granite_brick_slab to registry ResourceKey[minecraft:root / minecraft:block]
[09Jun2026 14:46:08.871] [main/DEBUG] [com.tterrag.registrate.AbstractRegistrate/REGISTRATE.REGISTER]: Registered create:small_granite_brick_wall to registry ResourceKey[minecraft:root / minecraft:block]
[09Jun2026 14:46:08.872] [main/DEBUG] [com.tterrag.registrate.AbstractRegistrate/REGISTRATE.REGISTER]: Registered create:layered_granite to registry ResourceKey[minecraft:root / minecraft:block]
[09Jun2026 14:46:08.873] [main/DEBUG] [com.tterrag.registrate.AbstractRegistrate/REGISTRATE.REGISTER]: Registered create:granite_pillar to registry ResourceKey[minecraft:root / minecraft:block]
[09Jun2026 14:46:08.873] [main/DEBUG] [com.tterrag.registrate.AbstractRegistrate/REGISTRATE.REGISTER]: Registered create:cut_diorite to registry ResourceKey[minecraft:root / minecraft:block]
[09Jun2026 14:46:08.873] [main/DEBUG] [com.tterrag.registrate.AbstractRegistrate/REGISTRATE.REGISTER]: Registered create:cut_diorite_stairs to registry ResourceKey[minecraft:root / minecraft:block]
[09Jun2026 14:46:08.873] [main/DEBUG] [com.tterrag.registrate.AbstractRegistrate/REGISTRATE.REGISTER]: Registered create:cut_diorite_slab to registry ResourceKey[minecraft:root / minecraft:block]
[09Jun2026 14:46:08.877] [main/DEBUG] [com.tterrag.registrate.AbstractRegistrate/REGISTRATE.REGISTER]: Registered create:cut_diorite_wall to registry ResourceKey[minecraft:root / minecraft:block]
[09Jun2026 14:46:08.878] [main/DEBUG] [com.tterrag.registrate.AbstractRegistrate/REGISTRATE.REGISTER]: Registered create:polished_cut_diorite to registry ResourceKey[minecraft:root / minecraft:block]
[09Jun2026 14:46:08.878] [main/DEBUG] [com.tterrag.registrate.AbstractRegistrate/REGISTRATE.REGISTER]: Registered create:polished_cut_diorite_stairs to registry ResourceKey[minecraft:root / minecraft:block]
[09Jun2026 14:46:08.878] [main/DEBUG] [com.tterrag.registrate.AbstractRegistrate/REGISTRATE.REGISTER]: Registered create:polished_cut_diorite_slab to registry ResourceKey[minecraft:root / minecraft:block]
[09Jun2026 14:46:08.882] [main/DEBUG] [com.tterrag.registrate.AbstractRegistrate/REGISTRATE.REGISTER]: Registered create:polished_cut_diorite_wall to registry ResourceKey[minecraft:root / minecraft:block]
[09Jun2026 14:46:08.882] [main/DEBUG] [com.tterrag.registrate.AbstractRegistrate/REGISTRATE.REGISTER]: Registered create:cut_diorite_bricks to registry ResourceKey[minecraft:root / minecraft:block]
[09Jun2026 14:46:08.883] [main/DEBUG] [com.tterrag.registrate.AbstractRegistrate/REGISTRATE.REGISTER]: Registered create:cut_diorite_brick_stairs to registry ResourceKey[minecraft:root / minecraft:block]
[09Jun2026 14:46:08.883] [main/DEBUG] [com.tterrag.registrate.AbstractRegistrate/REGISTRATE.REGISTER]: Registered create:cut_diorite_brick_slab to registry ResourceKey[minecraft:root / minecraft:block]
[09Jun2026 14:46:08.887] [main/DEBUG] [com.tterrag.registrate.AbstractRegistrate/REGISTRATE.REGISTER]: Registered create:cut_diorite_brick_wall to registry ResourceKey[minecraft:root / minecraft:block]
[09Jun2026 14:46:08.887] [main/DEBUG] [com.tterrag.registrate.AbstractRegistrate/REGISTRATE.REGISTER]: Registered create:small_diorite_bricks to registry ResourceKey[minecraft:root / minecraft:block]
[09Jun2026 14:46:08.888] [main/DEBUG] [com.tterrag.registrate.AbstractRegistrate/REGISTRATE.REGISTER]: Registered create:small_diorite_brick_stairs to registry ResourceKey[minecraft:root / minecraft:block]
[09Jun2026 14:46:08.888] [main/DEBUG] [com.tterrag.registrate.AbstractRegistrate/REGISTRATE.REGISTER]: Registered create:small_diorite_brick_slab to registry ResourceKey[minecraft:root / minecraft:block]
[09Jun2026 14:46:08.892] [main/DEBUG] [com.tterrag.registrate.AbstractRegistrate/REGISTRATE.REGISTER]: Registered create:small_diorite_brick_wall to registry ResourceKey[minecraft:root / minecraft:block]
[09Jun2026 14:46:08.892] [main/DEBUG] [com.tterrag.registrate.AbstractRegistrate/REGISTRATE.REGISTER]: Registered create:layered_diorite to registry ResourceKey[minecraft:root / minecraft:block]
[09Jun2026 14:46:08.893] [main/DEBUG] [com.tterrag.registrate.AbstractRegistrate/REGISTRATE.REGISTER]: Registered create:diorite_pillar to registry ResourceKey[minecraft:root / minecraft:block]
[09Jun2026 14:46:08.893] [main/DEBUG] [com.tterrag.registrate.AbstractRegistrate/REGISTRATE.REGISTER]: Registered create:cut_andesite to registry ResourceKey[minecraft:root / minecraft:block]
[09Jun2026 14:46:08.893] [main/DEBUG] [com.tterrag.registrate.AbstractRegistrate/REGISTRATE.REGISTER]: Registered create:cut_andesite_stairs to registry ResourceKey[minecraft:root / minecraft:block]
[09Jun2026 14:46:08.893] [main/DEBUG] [com.tterrag.registrate.AbstractRegistrate/REGISTRATE.REGISTER]: Registered create:cut_andesite_slab to registry ResourceKey[minecraft:root / minecraft:block]
[09Jun2026 14:46:08.897] [main/DEBUG] [com.tterrag.registrate.AbstractRegistrate/REGISTRATE.REGISTER]: Registered create:cut_andesite_wall to registry ResourceKey[minecraft:root / minecraft:block]
[09Jun2026 14:46:08.897] [main/DEBUG] [com.tterrag.registrate.AbstractRegistrate/REGISTRATE.REGISTER]: Registered create:polished_cut_andesite to registry ResourceKey[minecraft:root / minecraft:block]
[09Jun2026 14:46:08.898] [main/DEBUG] [com.tterrag.registrate.AbstractRegistrate/REGISTRATE.REGISTER]: Registered create:polished_cut_andesite_stairs to registry ResourceKey[minecraft:root / minecraft:block]
[09Jun2026 14:46:08.898] [main/DEBUG] [com.tterrag.registrate.AbstractRegistrate/REGISTRATE.REGISTER]: Registered create:polished_cut_andesite_slab to registry ResourceKey[minecraft:root / minecraft:block]
[09Jun2026 14:46:08.902] [main/DEBUG] [com.tterrag.registrate.AbstractRegistrate/REGISTRATE.REGISTER]: Registered create:polished_cut_andesite_wall to registry ResourceKey[minecraft:root / minecraft:block]
[09Jun2026 14:46:08.902] [main/DEBUG] [com.tterrag.registrate.AbstractRegistrate/REGISTRATE.REGISTER]: Registered create:cut_andesite_bricks to registry ResourceKey[minecraft:root / minecraft:block]
[09Jun2026 14:46:08.902] [main/DEBUG] [com.tterrag.registrate.AbstractRegistrate/REGISTRATE.REGISTER]: Registered create:cut_andesite_brick_stairs to registry ResourceKey[minecraft:root / minecraft:block]
[09Jun2026 14:46:08.902] [main/DEBUG] [com.tterrag.registrate.AbstractRegistrate/REGISTRATE.REGISTER]: Registered create:cut_andesite_brick_slab to registry ResourceKey[minecraft:root / minecraft:block]
[09Jun2026 14:46:08.906] [main/DEBUG] [com.tterrag.registrate.AbstractRegistrate/REGISTRATE.REGISTER]: Registered create:cut_andesite_brick_wall to registry ResourceKey[minecraft:root / minecraft:block]
[09Jun2026 14:46:08.906] [main/DEBUG] [com.tterrag.registrate.AbstractRegistrate/REGISTRATE.REGISTER]: Registered create:small_andesite_bricks to registry ResourceKey[minecraft:root / minecraft:block]
[09Jun2026 14:46:08.907] [main/DEBUG] [com.tterrag.registrate.AbstractRegistrate/REGISTRATE.REGISTER]: Registered create:small_andesite_brick_stairs to registry ResourceKey[minecraft:root / minecraft:block]
[09Jun2026 14:46:08.907] [main/DEBUG] [com.tterrag.registrate.AbstractRegistrate/REGISTRATE.REGISTER]: Registered create:small_andesite_brick_slab to registry ResourceKey[minecraft:root / minecraft:block]
[09Jun2026 14:46:08.911] [main/DEBUG] [com.tterrag.registrate.AbstractRegistrate/REGISTRATE.REGISTER]: Registered create:small_andesite_brick_wall to registry ResourceKey[minecraft:root / minecraft:block]
[09Jun2026 14:46:08.911] [main/DEBUG] [com.tterrag.registrate.AbstractRegistrate/REGISTRATE.REGISTER]: Registered create:layered_andesite to registry ResourceKey[minecraft:root / minecraft:block]
[09Jun2026 14:46:08.912] [main/DEBUG] [com.tterrag.registrate.AbstractRegistrate/REGISTRATE.REGISTER]: Registered create:andesite_pillar to registry ResourceKey[minecraft:root / minecraft:block]
[09Jun2026 14:46:08.912] [main/DEBUG] [com.tterrag.registrate.AbstractRegistrate/REGISTRATE.REGISTER]: Registered create:cut_calcite to registry ResourceKey[minecraft:root / minecraft:block]
[09Jun2026 14:46:08.912] [main/DEBUG] [com.tterrag.registrate.AbstractRegistrate/REGISTRATE.REGISTER]: Registered create:cut_calcite_stairs to registry ResourceKey[minecraft:root / minecraft:block]
[09Jun2026 14:46:08.912] [main/DEBUG] [com.tterrag.registrate.AbstractRegistrate/REGISTRATE.REGISTER]: Registered create:cut_calcite_slab to registry ResourceKey[minecraft:root / minecraft:block]
[09Jun2026 14:46:08.916] [main/DEBUG] [com.tterrag.registrate.AbstractRegistrate/REGISTRATE.REGISTER]: Registered create:cut_calcite_wall to registry ResourceKey[minecraft:root / minecraft:block]
[09Jun2026 14:46:08.916] [main/DEBUG] [com.tterrag.registrate.AbstractRegistrate/REGISTRATE.REGISTER]: Registered create:polished_cut_calcite to registry ResourceKey[minecraft:root / minecraft:block]
[09Jun2026 14:46:08.917] [main/DEBUG] [com.tterrag.registrate.AbstractRegistrate/REGISTRATE.REGISTER]: Registered create:polished_cut_calcite_stairs to registry ResourceKey[minecraft:root / minecraft:block]
[09Jun2026 14:46:08.917] [main/DEBUG] [com.tterrag.registrate.AbstractRegistrate/REGISTRATE.REGISTER]: Registered create:polished_cut_calcite_slab to registry ResourceKey[minecraft:root / minecraft:block]
[09Jun2026 14:46:08.921] [main/DEBUG] [com.tterrag.registrate.AbstractRegistrate/REGISTRATE.REGISTER]: Registered create:polished_cut_calcite_wall to registry ResourceKey[minecraft:root / minecraft:block]
[09Jun2026 14:46:08.921] [main/DEBUG] [com.tterrag.registrate.AbstractRegistrate/REGISTRATE.REGISTER]: Registered create:cut_calcite_bricks to registry ResourceKey[minecraft:root / minecraft:block]
[09Jun2026 14:46:08.922] [main/DEBUG] [com.tterrag.registrate.AbstractRegistrate/REGISTRATE.REGISTER]: Registered create:cut_calcite_brick_stairs to registry ResourceKey[minecraft:root / minecraft:block]
[09Jun2026 14:46:08.922] [main/DEBUG] [com.tterrag.registrate.AbstractRegistrate/REGISTRATE.REGISTER]: Registered create:cut_calcite_brick_slab to registry ResourceKey[minecraft:root / minecraft:block]
[09Jun2026 14:46:08.926] [main/DEBUG] [com.tterrag.registrate.AbstractRegistrate/REGISTRATE.REGISTER]: Registered create:cut_calcite_brick_wall to registry ResourceKey[minecraft:root / minecraft:block]
[09Jun2026 14:46:08.926] [main/DEBUG] [com.tterrag.registrate.AbstractRegistrate/REGISTRATE.REGISTER]: Registered create:small_calcite_bricks to registry ResourceKey[minecraft:root / minecraft:block]
[09Jun2026 14:46:08.926] [main/DEBUG] [com.tterrag.registrate.AbstractRegistrate/REGISTRATE.REGISTER]: Registered create:small_calcite_brick_stairs to registry ResourceKey[minecraft:root / minecraft:block]
[09Jun2026 14:46:08.926] [main/DEBUG] [com.tterrag.registrate.AbstractRegistrate/REGISTRATE.REGISTER]: Registered create:small_calcite_brick_slab to registry ResourceKey[minecraft:root / minecraft:block]
[09Jun2026 14:46:08.930] [main/DEBUG] [com.tterrag.registrate.AbstractRegistrate/REGISTRATE.REGISTER]: Registered create:small_calcite_brick_wall to registry ResourceKey[minecraft:root / minecraft:block]
[09Jun2026 14:46:08.930] [main/DEBUG] [com.tterrag.registrate.AbstractRegistrate/REGISTRATE.REGISTER]: Registered create:layered_calcite to registry ResourceKey[minecraft:root / minecraft:block]
[09Jun2026 14:46:08.931] [main/DEBUG] [com.tterrag.registrate.AbstractRegistrate/REGISTRATE.REGISTER]: Registered create:calcite_pillar to registry ResourceKey[minecraft:root / minecraft:block]
[09Jun2026 14:46:08.931] [main/DEBUG] [com.tterrag.registrate.AbstractRegistrate/REGISTRATE.REGISTER]: Registered create:cut_dripstone to registry ResourceKey[minecraft:root / minecraft:block]
[09Jun2026 14:46:08.931] [main/DEBUG] [com.tterrag.registrate.AbstractRegistrate/REGISTRATE.REGISTER]: Registered create:cut_dripstone_stairs to registry ResourceKey[minecraft:root / minecraft:block]
[09Jun2026 14:46:08.931] [main/DEBUG] [com.tterrag.registrate.AbstractRegistrate/REGISTRATE.REGISTER]: Registered create:cut_dripstone_slab to registry ResourceKey[minecraft:root / minecraft:block]
[09Jun2026 14:46:08.935] [main/DEBUG] [com.tterrag.registrate.AbstractRegistrate/REGISTRATE.REGISTER]: Registered create:cut_dripstone_wall to registry ResourceKey[minecraft:root / minecraft:block]
[09Jun2026 14:46:08.935] [main/DEBUG] [com.tterrag.registrate.AbstractRegistrate/REGISTRATE.REGISTER]: Registered create:polished_cut_dripstone to registry ResourceKey[minecraft:root / minecraft:block]
[09Jun2026 14:46:08.935] [main/DEBUG] [com.tterrag.registrate.AbstractRegistrate/REGISTRATE.REGISTER]: Registered create:polished_cut_dripstone_stairs to registry ResourceKey[minecraft:root / minecraft:block]
[09Jun2026 14:46:08.936] [main/DEBUG] [com.tterrag.registrate.AbstractRegistrate/REGISTRATE.REGISTER]: Registered create:polished_cut_dripstone_slab to registry ResourceKey[minecraft:root / minecraft:block]
[09Jun2026 14:46:08.955] [main/DEBUG] [com.tterrag.registrate.AbstractRegistrate/REGISTRATE.REGISTER]: Registered create:polished_cut_dripstone_wall to registry ResourceKey[minecraft:root / minecraft:block]
[09Jun2026 14:46:08.955] [main/DEBUG] [com.tterrag.registrate.AbstractRegistrate/REGISTRATE.REGISTER]: Registered create:cut_dripstone_bricks to registry ResourceKey[minecraft:root / minecraft:block]
[09Jun2026 14:46:08.956] [main/DEBUG] [com.tterrag.registrate.AbstractRegistrate/REGISTRATE.REGISTER]: Registered create:cut_dripstone_brick_stairs to registry ResourceKey[minecraft:root / minecraft:block]
[09Jun2026 14:46:08.956] [main/DEBUG] [com.tterrag.registrate.AbstractRegistrate/REGISTRATE.REGISTER]: Registered create:cut_dripstone_brick_slab to registry ResourceKey[minecraft:root / minecraft:block]
[09Jun2026 14:46:08.960] [main/DEBUG] [com.tterrag.registrate.AbstractRegistrate/REGISTRATE.REGISTER]: Registered create:cut_dripstone_brick_wall to registry ResourceKey[minecraft:root / minecraft:block]
[09Jun2026 14:46:08.960] [main/DEBUG] [com.tterrag.registrate.AbstractRegistrate/REGISTRATE.REGISTER]: Registered create:small_dripstone_bricks to registry ResourceKey[minecraft:root / minecraft:block]
[09Jun2026 14:46:08.960] [main/DEBUG] [com.tterrag.registrate.AbstractRegistrate/REGISTRATE.REGISTER]: Registered create:small_dripstone_brick_stairs to registry ResourceKey[minecraft:root / minecraft:block]
[09Jun2026 14:46:08.961] [main/DEBUG] [com.tterrag.registrate.AbstractRegistrate/REGISTRATE.REGISTER]: Registered create:small_dripstone_brick_slab to registry ResourceKey[minecraft:root / minecraft:block]
[09Jun2026 14:46:08.964] [main/DEBUG] [com.tterrag.registrate.AbstractRegistrate/REGISTRATE.REGISTER]: Registered create:small_dripstone_brick_wall to registry ResourceKey[minecraft:root / minecraft:block]
[09Jun2026 14:46:08.964] [main/DEBUG] [com.tterrag.registrate.AbstractRegistrate/REGISTRATE.REGISTER]: Registered create:layered_dripstone to registry ResourceKey[minecraft:root / minecraft:block]
[09Jun2026 14:46:08.965] [main/DEBUG] [com.tterrag.registrate.AbstractRegistrate/REGISTRATE.REGISTER]: Registered create:dripstone_pillar to registry ResourceKey[minecraft:root / minecraft:block]
[09Jun2026 14:46:08.965] [main/DEBUG] [com.tterrag.registrate.AbstractRegistrate/REGISTRATE.REGISTER]: Registered create:cut_deepslate to registry ResourceKey[minecraft:root / minecraft:block]
[09Jun2026 14:46:08.965] [main/DEBUG] [com.tterrag.registrate.AbstractRegistrate/REGISTRATE.REGISTER]: Registered create:cut_deepslate_stairs to registry ResourceKey[minecraft:root / minecraft:block]
[09Jun2026 14:46:08.965] [main/DEBUG] [com.tterrag.registrate.AbstractRegistrate/REGISTRATE.REGISTER]: Registered create:cut_deepslate_slab to registry ResourceKey[minecraft:root / minecraft:block]
[09Jun2026 14:46:08.969] [main/DEBUG] [com.tterrag.registrate.AbstractRegistrate/REGISTRATE.REGISTER]: Registered create:cut_deepslate_wall to registry ResourceKey[minecraft:root / minecraft:block]
[09Jun2026 14:46:08.969] [main/DEBUG] [com.tterrag.registrate.AbstractRegistrate/REGISTRATE.REGISTER]: Registered create:polished_cut_deepslate to registry ResourceKey[minecraft:root / minecraft:block]
[09Jun2026 14:46:08.970] [main/DEBUG] [com.tterrag.registrate.AbstractRegistrate/REGISTRATE.REGISTER]: Registered create:polished_cut_deepslate_stairs to registry ResourceKey[minecraft:root / minecraft:block]
[09Jun2026 14:46:08.970] [main/DEBUG] [com.tterrag.registrate.AbstractRegistrate/REGISTRATE.REGISTER]: Registered create:polished_cut_deepslate_slab to registry ResourceKey[minecraft:root / minecraft:block]
[09Jun2026 14:46:08.974] [main/DEBUG] [com.tterrag.registrate.AbstractRegistrate/REGISTRATE.REGISTER]: Registered create:polished_cut_deepslate_wall to registry ResourceKey[minecraft:root / minecraft:block]
[09Jun2026 14:46:08.974] [main/DEBUG] [com.tterrag.registrate.AbstractRegistrate/REGISTRATE.REGISTER]: Registered create:cut_deepslate_bricks to registry ResourceKey[minecraft:root / minecraft:block]
[09Jun2026 14:46:08.974] [main/DEBUG] [com.tterrag.registrate.AbstractRegistrate/REGISTRATE.REGISTER]: Registered create:cut_deepslate_brick_stairs to registry ResourceKey[minecraft:root / minecraft:block]
[09Jun2026 14:46:08.974] [main/DEBUG] [com.tterrag.registrate.AbstractRegistrate/REGISTRATE.REGISTER]: Registered create:cut_deepslate_brick_slab to registry ResourceKey[minecraft:root / minecraft:block]
[09Jun2026 14:46:08.978] [main/DEBUG] [com.tterrag.registrate.AbstractRegistrate/REGISTRATE.REGISTER]: Registered create:cut_deepslate_brick_wall to registry ResourceKey[minecraft:root / minecraft:block]
[09Jun2026 14:46:08.978] [main/DEBUG] [com.tterrag.registrate.AbstractRegistrate/REGISTRATE.REGISTER]: Registered create:small_deepslate_bricks to registry ResourceKey[minecraft:root / minecraft:block]
[09Jun2026 14:46:08.979] [main/DEBUG] [com.tterrag.registrate.AbstractRegistrate/REGISTRATE.REGISTER]: Registered create:small_deepslate_brick_stairs to registry ResourceKey[minecraft:root / minecraft:block]
[09Jun2026 14:46:08.979] [main/DEBUG] [com.tterrag.registrate.AbstractRegistrate/REGISTRATE.REGISTER]: Registered create:small_deepslate_brick_slab to registry ResourceKey[minecraft:root / minecraft:block]
[09Jun2026 14:46:08.982] [main/DEBUG] [com.tterrag.registrate.AbstractRegistrate/REGISTRATE.REGISTER]: Registered create:small_deepslate_brick_wall to registry ResourceKey[minecraft:root / minecraft:block]
[09Jun2026 14:46:08.982] [main/DEBUG] [com.tterrag.registrate.AbstractRegistrate/REGISTRATE.REGISTER]: Registered create:layered_deepslate to registry ResourceKey[minecraft:root / minecraft:block]
[09Jun2026 14:46:08.983] [main/DEBUG] [com.tterrag.registrate.AbstractRegistrate/REGISTRATE.REGISTER]: Registered create:deepslate_pillar to registry ResourceKey[minecraft:root / minecraft:block]
[09Jun2026 14:46:08.983] [main/DEBUG] [com.tterrag.registrate.AbstractRegistrate/REGISTRATE.REGISTER]: Registered create:cut_tuff to registry ResourceKey[minecraft:root / minecraft:block]
[09Jun2026 14:46:08.983] [main/DEBUG] [com.tterrag.registrate.AbstractRegistrate/REGISTRATE.REGISTER]: Registered create:cut_tuff_stairs to registry ResourceKey[minecraft:root / minecraft:block]
[09Jun2026 14:46:08.983] [main/DEBUG] [com.tterrag.registrate.AbstractRegistrate/REGISTRATE.REGISTER]: Registered create:cut_tuff_slab to registry ResourceKey[minecraft:root / minecraft:block]
[09Jun2026 14:46:08.987] [main/DEBUG] [com.tterrag.registrate.AbstractRegistrate/REGISTRATE.REGISTER]: Registered create:cut_tuff_wall to registry ResourceKey[minecraft:root / minecraft:block]
[09Jun2026 14:46:08.987] [main/DEBUG] [com.tterrag.registrate.AbstractRegistrate/REGISTRATE.REGISTER]: Registered create:polished_cut_tuff to registry ResourceKey[minecraft:root / minecraft:block]
[09Jun2026 14:46:08.988] [main/DEBUG] [com.tterrag.registrate.AbstractRegistrate/REGISTRATE.REGISTER]: Registered create:polished_cut_tuff_stairs to registry ResourceKey[minecraft:root / minecraft:block]
[09Jun2026 14:46:08.988] [main/DEBUG] [com.tterrag.registrate.AbstractRegistrate/REGISTRATE.REGISTER]: Registered create:polished_cut_tuff_slab to registry ResourceKey[minecraft:root / minecraft:block]
[09Jun2026 14:46:08.992] [main/DEBUG] [com.tterrag.registrate.AbstractRegistrate/REGISTRATE.REGISTER]: Registered create:polished_cut_tuff_wall to registry ResourceKey[minecraft:root / minecraft:block]
[09Jun2026 14:46:08.992] [main/DEBUG] [com.tterrag.registrate.AbstractRegistrate/REGISTRATE.REGISTER]: Registered create:cut_tuff_bricks to registry ResourceKey[minecraft:root / minecraft:block]
[09Jun2026 14:46:08.992] [main/DEBUG] [com.tterrag.registrate.AbstractRegistrate/REGISTRATE.REGISTER]: Registered create:cut_tuff_brick_stairs to registry ResourceKey[minecraft:root / minecraft:block]
[09Jun2026 14:46:08.992] [main/DEBUG] [com.tterrag.registrate.AbstractRegistrate/REGISTRATE.REGISTER]: Registered create:cut_tuff_brick_slab to registry ResourceKey[minecraft:root / minecraft:block]
[09Jun2026 14:46:08.996] [main/DEBUG] [com.tterrag.registrate.AbstractRegistrate/REGISTRATE.REGISTER]: Registered create:cut_tuff_brick_wall to registry ResourceKey[minecraft:root / minecraft:block]
[09Jun2026 14:46:08.996] [main/DEBUG] [com.tterrag.registrate.AbstractRegistrate/REGISTRATE.REGISTER]: Registered create:small_tuff_bricks to registry ResourceKey[minecraft:root / minecraft:block]
[09Jun2026 14:46:08.996] [main/DEBUG] [com.tterrag.registrate.AbstractRegistrate/REGISTRATE.REGISTER]: Registered create:small_tuff_brick_stairs to registry ResourceKey[minecraft:root / minecraft:block]
[09Jun2026 14:46:08.997] [main/DEBUG] [com.tterrag.registrate.AbstractRegistrate/REGISTRATE.REGISTER]: Registered create:small_tuff_brick_slab to registry ResourceKey[minecraft:root / minecraft:block]
[09Jun2026 14:46:09.000] [main/DEBUG] [com.tterrag.registrate.AbstractRegistrate/REGISTRATE.REGISTER]: Registered create:small_tuff_brick_wall to registry ResourceKey[minecraft:root / minecraft:block]
[09Jun2026 14:46:09.001] [main/DEBUG] [com.tterrag.registrate.AbstractRegistrate/REGISTRATE.REGISTER]: Registered create:layered_tuff to registry ResourceKey[minecraft:root / minecraft:block]
[09Jun2026 14:46:09.001] [main/DEBUG] [com.tterrag.registrate.AbstractRegistrate/REGISTRATE.REGISTER]: Registered create:tuff_pillar to registry ResourceKey[minecraft:root / minecraft:block]
[09Jun2026 14:46:09.001] [main/DEBUG] [com.tterrag.registrate.AbstractRegistrate/REGISTRATE.REGISTER]: Registered create:asurine to registry ResourceKey[minecraft:root / minecraft:block]
[09Jun2026 14:46:09.001] [main/DEBUG] [com.tterrag.registrate.AbstractRegistrate/REGISTRATE.REGISTER]: Registered create:cut_asurine to registry ResourceKey[minecraft:root / minecraft:block]
[09Jun2026 14:46:09.002] [main/DEBUG] [com.tterrag.registrate.AbstractRegistrate/REGISTRATE.REGISTER]: Registered create:cut_asurine_stairs to registry ResourceKey[minecraft:root / minecraft:block]
[09Jun2026 14:46:09.002] [main/DEBUG] [com.tterrag.registrate.AbstractRegistrate/REGISTRATE.REGISTER]: Registered create:cut_asurine_slab to registry ResourceKey[minecraft:root / minecraft:block]
[09Jun2026 14:46:09.006] [main/DEBUG] [com.tterrag.registrate.AbstractRegistrate/REGISTRATE.REGISTER]: Registered create:cut_asurine_wall to registry ResourceKey[minecraft:root / minecraft:block]
[09Jun2026 14:46:09.006] [main/DEBUG] [com.tterrag.registrate.AbstractRegistrate/REGISTRATE.REGISTER]: Registered create:polished_cut_asurine to registry ResourceKey[minecraft:root / minecraft:block]
[09Jun2026 14:46:09.006] [main/DEBUG] [com.tterrag.registrate.AbstractRegistrate/REGISTRATE.REGISTER]: Registered create:polished_cut_asurine_stairs to registry ResourceKey[minecraft:root / minecraft:block]
[09Jun2026 14:46:09.007] [main/DEBUG] [com.tterrag.registrate.AbstractRegistrate/REGISTRATE.REGISTER]: Registered create:polished_cut_asurine_slab to registry ResourceKey[minecraft:root / minecraft:block]
[09Jun2026 14:46:09.010] [main/DEBUG] [com.tterrag.registrate.AbstractRegistrate/REGISTRATE.REGISTER]: Registered create:polished_cut_asurine_wall to registry ResourceKey[minecraft:root / minecraft:block]
[09Jun2026 14:46:09.010] [main/DEBUG] [com.tterrag.registrate.AbstractRegistrate/REGISTRATE.REGISTER]: Registered create:cut_asurine_bricks to registry ResourceKey[minecraft:root / minecraft:block]
[09Jun2026 14:46:09.011] [main/DEBUG] [com.tterrag.registrate.AbstractRegistrate/REGISTRATE.REGISTER]: Registered create:cut_asurine_brick_stairs to registry ResourceKey[minecraft:root / minecraft:block]
[09Jun2026 14:46:09.011] [main/DEBUG] [com.tterrag.registrate.AbstractRegistrate/REGISTRATE.REGISTER]: Registered create:cut_asurine_brick_slab to registry ResourceKey[minecraft:root / minecraft:block]
[09Jun2026 14:46:09.014] [main/DEBUG] [com.tterrag.registrate.AbstractRegistrate/REGISTRATE.REGISTER]: Registered create:cut_asurine_brick_wall to registry ResourceKey[minecraft:root / minecraft:block]
[09Jun2026 14:46:09.014] [main/DEBUG] [com.tterrag.registrate.AbstractRegistrate/REGISTRATE.REGISTER]: Registered create:small_asurine_bricks to registry ResourceKey[minecraft:root / minecraft:block]
[09Jun2026 14:46:09.015] [main/DEBUG] [com.tterrag.registrate.AbstractRegistrate/REGISTRATE.REGISTER]: Registered create:small_asurine_brick_stairs to registry ResourceKey[minecraft:root / minecraft:block]
[09Jun2026 14:46:09.015] [main/DEBUG] [com.tterrag.registrate.AbstractRegistrate/REGISTRATE.REGISTER]: Registered create:small_asurine_brick_slab to registry ResourceKey[minecraft:root / minecraft:block]
[09Jun2026 14:46:09.018] [main/DEBUG] [com.tterrag.registrate.AbstractRegistrate/REGISTRATE.REGISTER]: Registered create:small_asurine_brick_wall to registry ResourceKey[minecraft:root / minecraft:block]
[09Jun2026 14:46:09.018] [main/DEBUG] [com.tterrag.registrate.AbstractRegistrate/REGISTRATE.REGISTER]: Registered create:layered_asurine to registry ResourceKey[minecraft:root / minecraft:block]
[09Jun2026 14:46:09.019] [main/DEBUG] [com.tterrag.registrate.AbstractRegistrate/REGISTRATE.REGISTER]: Registered create:asurine_pillar to registry ResourceKey[minecraft:root / minecraft:block]
[09Jun2026 14:46:09.019] [main/DEBUG] [com.tterrag.registrate.AbstractRegistrate/REGISTRATE.REGISTER]: Registered create:crimsite to registry ResourceKey[minecraft:root / minecraft:block]
[09Jun2026 14:46:09.019] [main/DEBUG] [com.tterrag.registrate.AbstractRegistrate/REGISTRATE.REGISTER]: Registered create:cut_crimsite to registry ResourceKey[minecraft:root / minecraft:block]
[09Jun2026 14:46:09.019] [main/DEBUG] [com.tterrag.registrate.AbstractRegistrate/REGISTRATE.REGISTER]: Registered create:cut_crimsite_stairs to registry ResourceKey[minecraft:root / minecraft:block]
[09Jun2026 14:46:09.020] [main/DEBUG] [com.tterrag.registrate.AbstractRegistrate/REGISTRATE.REGISTER]: Registered create:cut_crimsite_slab to registry ResourceKey[minecraft:root / minecraft:block]
[09Jun2026 14:46:09.023] [main/DEBUG] [com.tterrag.registrate.AbstractRegistrate/REGISTRATE.REGISTER]: Registered create:cut_crimsite_wall to registry ResourceKey[minecraft:root / minecraft:block]
[09Jun2026 14:46:09.023] [main/DEBUG] [com.tterrag.registrate.AbstractRegistrate/REGISTRATE.REGISTER]: Registered create:polished_cut_crimsite to registry ResourceKey[minecraft:root / minecraft:block]
[09Jun2026 14:46:09.024] [main/DEBUG] [com.tterrag.registrate.AbstractRegistrate/REGISTRATE.REGISTER]: Registered create:polished_cut_crimsite_stairs to registry ResourceKey[minecraft:root / minecraft:block]
[09Jun2026 14:46:09.024] [main/DEBUG] [com.tterrag.registrate.AbstractRegistrate/REGISTRATE.REGISTER]: Registered create:polished_cut_crimsite_slab to registry ResourceKey[minecraft:root / minecraft:block]
[09Jun2026 14:46:09.027] [main/DEBUG] [com.tterrag.registrate.AbstractRegistrate/REGISTRATE.REGISTER]: Registered create:polished_cut_crimsite_wall to registry ResourceKey[minecraft:root / minecraft:block]
[09Jun2026 14:46:09.027] [main/DEBUG] [com.tterrag.registrate.AbstractRegistrate/REGISTRATE.REGISTER]: Registered create:cut_crimsite_bricks to registry ResourceKey[minecraft:root / minecraft:block]
[09Jun2026 14:46:09.028] [main/DEBUG] [com.tterrag.registrate.AbstractRegistrate/REGISTRATE.REGISTER]: Registered create:cut_crimsite_brick_stairs to registry ResourceKey[minecraft:root / minecraft:block]
[09Jun2026 14:46:09.028] [main/DEBUG] [com.tterrag.registrate.AbstractRegistrate/REGISTRATE.REGISTER]: Registered create:cut_crimsite_brick_slab to registry ResourceKey[minecraft:root / minecraft:block]
[09Jun2026 14:46:09.031] [main/DEBUG] [com.tterrag.registrate.AbstractRegistrate/REGISTRATE.REGISTER]: Registered create:cut_crimsite_brick_wall to registry ResourceKey[minecraft:root / minecraft:block]
[09Jun2026 14:46:09.031] [main/DEBUG] [com.tterrag.registrate.AbstractRegistrate/REGISTRATE.REGISTER]: Registered create:small_crimsite_bricks to registry ResourceKey[minecraft:root / minecraft:block]
[09Jun2026 14:46:09.031] [main/DEBUG] [com.tterrag.registrate.AbstractRegistrate/REGISTRATE.REGISTER]: Registered create:small_crimsite_brick_stairs to registry ResourceKey[minecraft:root / minecraft:block]
[09Jun2026 14:46:09.032] [main/DEBUG] [com.tterrag.registrate.AbstractRegistrate/REGISTRATE.REGISTER]: Registered create:small_crimsite_brick_slab to registry ResourceKey[minecraft:root / minecraft:block]
[09Jun2026 14:46:09.035] [main/DEBUG] [com.tterrag.registrate.AbstractRegistrate/REGISTRATE.REGISTER]: Registered create:small_crimsite_brick_wall to registry ResourceKey[minecraft:root / minecraft:block]
[09Jun2026 14:46:09.035] [main/DEBUG] [com.tterrag.registrate.AbstractRegistrate/REGISTRATE.REGISTER]: Registered create:layered_crimsite to registry ResourceKey[minecraft:root / minecraft:block]
[09Jun2026 14:46:09.036] [main/DEBUG] [com.tterrag.registrate.AbstractRegistrate/REGISTRATE.REGISTER]: Registered create:crimsite_pillar to registry ResourceKey[minecraft:root / minecraft:block]
[09Jun2026 14:46:09.036] [main/DEBUG] [com.tterrag.registrate.AbstractRegistrate/REGISTRATE.REGISTER]: Registered create:limestone to registry ResourceKey[minecraft:root / minecraft:block]
[09Jun2026 14:46:09.036] [main/DEBUG] [com.tterrag.registrate.AbstractRegistrate/REGISTRATE.REGISTER]: Registered create:cut_limestone to registry ResourceKey[minecraft:root / minecraft:block]
[09Jun2026 14:46:09.036] [main/DEBUG] [com.tterrag.registrate.AbstractRegistrate/REGISTRATE.REGISTER]: Registered create:cut_limestone_stairs to registry ResourceKey[minecraft:root / minecraft:block]
[09Jun2026 14:46:09.036] [main/DEBUG] [com.tterrag.registrate.AbstractRegistrate/REGISTRATE.REGISTER]: Registered create:cut_limestone_slab to registry ResourceKey[minecraft:root / minecraft:block]
[09Jun2026 14:46:09.040] [main/DEBUG] [com.tterrag.registrate.AbstractRegistrate/REGISTRATE.REGISTER]: Registered create:cut_limestone_wall to registry ResourceKey[minecraft:root / minecraft:block]
[09Jun2026 14:46:09.040] [main/DEBUG] [com.tterrag.registrate.AbstractRegistrate/REGISTRATE.REGISTER]: Registered create:polished_cut_limestone to registry ResourceKey[minecraft:root / minecraft:block]
[09Jun2026 14:46:09.041] [main/DEBUG] [com.tterrag.registrate.AbstractRegistrate/REGISTRATE.REGISTER]: Registered create:polished_cut_limestone_stairs to registry ResourceKey[minecraft:root / minecraft:block]
[09Jun2026 14:46:09.041] [main/DEBUG] [com.tterrag.registrate.AbstractRegistrate/REGISTRATE.REGISTER]: Registered create:polished_cut_limestone_slab to registry ResourceKey[minecraft:root / minecraft:block]
[09Jun2026 14:46:09.044] [main/DEBUG] [com.tterrag.registrate.AbstractRegistrate/REGISTRATE.REGISTER]: Registered create:polished_cut_limestone_wall to registry ResourceKey[minecraft:root / minecraft:block]
[09Jun2026 14:46:09.044] [main/DEBUG] [com.tterrag.registrate.AbstractRegistrate/REGISTRATE.REGISTER]: Registered create:cut_limestone_bricks to registry ResourceKey[minecraft:root / minecraft:block]
[09Jun2026 14:46:09.044] [main/DEBUG] [com.tterrag.registrate.AbstractRegistrate/REGISTRATE.REGISTER]: Registered create:cut_limestone_brick_stairs to registry ResourceKey[minecraft:root / minecraft:block]
[09Jun2026 14:46:09.045] [main/DEBUG] [com.tterrag.registrate.AbstractRegistrate/REGISTRATE.REGISTER]: Registered create:cut_limestone_brick_slab to registry ResourceKey[minecraft:root / minecraft:block]
[09Jun2026 14:46:09.048] [main/DEBUG] [com.tterrag.registrate.AbstractRegistrate/REGISTRATE.REGISTER]: Registered create:cut_limestone_brick_wall to registry ResourceKey[minecraft:root / minecraft:block]
[09Jun2026 14:46:09.048] [main/DEBUG] [com.tterrag.registrate.AbstractRegistrate/REGISTRATE.REGISTER]: Registered create:small_limestone_bricks to registry ResourceKey[minecraft:root / minecraft:block]
[09Jun2026 14:46:09.048] [main/DEBUG] [com.tterrag.registrate.AbstractRegistrate/REGISTRATE.REGISTER]: Registered create:small_limestone_brick_stairs to registry ResourceKey[minecraft:root / minecraft:block]
[09Jun2026 14:46:09.048] [main/DEBUG] [com.tterrag.registrate.AbstractRegistrate/REGISTRATE.REGISTER]: Registered create:small_limestone_brick_slab to registry ResourceKey[minecraft:root / minecraft:block]
[09Jun2026 14:46:09.052] [main/DEBUG] [com.tterrag.registrate.AbstractRegistrate/REGISTRATE.REGISTER]: Registered create:small_limestone_brick_wall to registry ResourceKey[minecraft:root / minecraft:block]
[09Jun2026 14:46:09.053] [main/DEBUG] [com.tterrag.registrate.AbstractRegistrate/REGISTRATE.REGISTER]: Registered create:layered_limestone to registry ResourceKey[minecraft:root / minecraft:block]
[09Jun2026 14:46:09.053] [main/DEBUG] [com.tterrag.registrate.AbstractRegistrate/REGISTRATE.REGISTER]: Registered create:limestone_pillar to registry ResourceKey[minecraft:root / minecraft:block]
[09Jun2026 14:46:09.053] [main/DEBUG] [com.tterrag.registrate.AbstractRegistrate/REGISTRATE.REGISTER]: Registered create:ochrum to registry ResourceKey[minecraft:root / minecraft:block]
[09Jun2026 14:46:09.053] [main/DEBUG] [com.tterrag.registrate.AbstractRegistrate/REGISTRATE.REGISTER]: Registered create:cut_ochrum to registry ResourceKey[minecraft:root / minecraft:block]
[09Jun2026 14:46:09.054] [main/DEBUG] [com.tterrag.registrate.AbstractRegistrate/REGISTRATE.REGISTER]: Registered create:cut_ochrum_stairs to registry ResourceKey[minecraft:root / minecraft:block]
[09Jun2026 14:46:09.054] [main/DEBUG] [com.tterrag.registrate.AbstractRegistrate/REGISTRATE.REGISTER]: Registered create:cut_ochrum_slab to registry ResourceKey[minecraft:root / minecraft:block]
[09Jun2026 14:46:09.057] [main/DEBUG] [com.tterrag.registrate.AbstractRegistrate/REGISTRATE.REGISTER]: Registered create:cut_ochrum_wall to registry ResourceKey[minecraft:root / minecraft:block]
[09Jun2026 14:46:09.057] [main/DEBUG] [com.tterrag.registrate.AbstractRegistrate/REGISTRATE.REGISTER]: Registered create:polished_cut_ochrum to registry ResourceKey[minecraft:root / minecraft:block]
[09Jun2026 14:46:09.058] [main/DEBUG] [com.tterrag.registrate.AbstractRegistrate/REGISTRATE.REGISTER]: Registered create:polished_cut_ochrum_stairs to registry ResourceKey[minecraft:root / minecraft:block]
[09Jun2026 14:46:09.058] [main/DEBUG] [com.tterrag.registrate.AbstractRegistrate/REGISTRATE.REGISTER]: Registered create:polished_cut_ochrum_slab to registry ResourceKey[minecraft:root / minecraft:block]
[09Jun2026 14:46:09.061] [main/DEBUG] [com.tterrag.registrate.AbstractRegistrate/REGISTRATE.REGISTER]: Registered create:polished_cut_ochrum_wall to registry ResourceKey[minecraft:root / minecraft:block]
[09Jun2026 14:46:09.061] [main/DEBUG] [com.tterrag.registrate.AbstractRegistrate/REGISTRATE.REGISTER]: Registered create:cut_ochrum_bricks to registry ResourceKey[minecraft:root / minecraft:block]
[09Jun2026 14:46:09.062] [main/DEBUG] [com.tterrag.registrate.AbstractRegistrate/REGISTRATE.REGISTER]: Registered create:cut_ochrum_brick_stairs to registry ResourceKey[minecraft:root / minecraft:block]
[09Jun2026 14:46:09.062] [main/DEBUG] [com.tterrag.registrate.AbstractRegistrate/REGISTRATE.REGISTER]: Registered create:cut_ochrum_brick_slab to registry ResourceKey[minecraft:root / minecraft:block]
[09Jun2026 14:46:09.065] [main/DEBUG] [com.tterrag.registrate.AbstractRegistrate/REGISTRATE.REGISTER]: Registered create:cut_ochrum_brick_wall to registry ResourceKey[minecraft:root / minecraft:block]
[09Jun2026 14:46:09.065] [main/DEBUG] [com.tterrag.registrate.AbstractRegistrate/REGISTRATE.REGISTER]: Registered create:small_ochrum_bricks to registry ResourceKey[minecraft:root / minecraft:block]
[09Jun2026 14:46:09.066] [main/DEBUG] [com.tterrag.registrate.AbstractRegistrate/REGISTRATE.REGISTER]: Registered create:small_ochrum_brick_stairs to registry ResourceKey[minecraft:root / minecraft:block]
[09Jun2026 14:46:09.067] [main/DEBUG] [com.tterrag.registrate.AbstractRegistrate/REGISTRATE.REGISTER]: Registered create:small_ochrum_brick_slab to registry ResourceKey[minecraft:root / minecraft:block]
[09Jun2026 14:46:09.073] [main/DEBUG] [com.tterrag.registrate.AbstractRegistrate/REGISTRATE.REGISTER]: Registered create:small_ochrum_brick_wall to registry ResourceKey[minecraft:root / minecraft:block]
[09Jun2026 14:46:09.073] [main/DEBUG] [com.tterrag.registrate.AbstractRegistrate/REGISTRATE.REGISTER]: Registered create:layered_ochrum to registry ResourceKey[minecraft:root / minecraft:block]
[09Jun2026 14:46:09.074] [main/DEBUG] [com.tterrag.registrate.AbstractRegistrate/REGISTRATE.REGISTER]: Registered create:ochrum_pillar to registry ResourceKey[minecraft:root / minecraft:block]
[09Jun2026 14:46:09.074] [main/DEBUG] [com.tterrag.registrate.AbstractRegistrate/REGISTRATE.REGISTER]: Registered create:scoria to registry ResourceKey[minecraft:root / minecraft:block]
[09Jun2026 14:46:09.074] [main/DEBUG] [com.tterrag.registrate.AbstractRegistrate/REGISTRATE.REGISTER]: Registered create:cut_scoria to registry ResourceKey[minecraft:root / minecraft:block]
[09Jun2026 14:46:09.075] [main/DEBUG] [com.tterrag.registrate.AbstractRegistrate/REGISTRATE.REGISTER]: Registered create:cut_scoria_stairs to registry ResourceKey[minecraft:root / minecraft:block]
[09Jun2026 14:46:09.075] [main/DEBUG] [com.tterrag.registrate.AbstractRegistrate/REGISTRATE.REGISTER]: Registered create:cut_scoria_slab to registry ResourceKey[minecraft:root / minecraft:block]
[09Jun2026 14:46:09.092] [main/DEBUG] [com.tterrag.registrate.AbstractRegistrate/REGISTRATE.REGISTER]: Registered create:cut_scoria_wall to registry ResourceKey[minecraft:root / minecraft:block]
[09Jun2026 14:46:09.092] [main/DEBUG] [com.tterrag.registrate.AbstractRegistrate/REGISTRATE.REGISTER]: Registered create:polished_cut_scoria to registry ResourceKey[minecraft:root / minecraft:block]
[09Jun2026 14:46:09.092] [main/DEBUG] [com.tterrag.registrate.AbstractRegistrate/REGISTRATE.REGISTER]: Registered create:polished_cut_scoria_stairs to registry ResourceKey[minecraft:root / minecraft:block]
[09Jun2026 14:46:09.093] [main/DEBUG] [com.tterrag.registrate.AbstractRegistrate/REGISTRATE.REGISTER]: Registered create:polished_cut_scoria_slab to registry ResourceKey[minecraft:root / minecraft:block]
[09Jun2026 14:46:09.096] [main/DEBUG] [com.tterrag.registrate.AbstractRegistrate/REGISTRATE.REGISTER]: Registered create:polished_cut_scoria_wall to registry ResourceKey[minecraft:root / minecraft:block]
[09Jun2026 14:46:09.096] [main/DEBUG] [com.tterrag.registrate.AbstractRegistrate/REGISTRATE.REGISTER]: Registered create:cut_scoria_bricks to registry ResourceKey[minecraft:root / minecraft:block]
[09Jun2026 14:46:09.096] [main/DEBUG] [com.tterrag.registrate.AbstractRegistrate/REGISTRATE.REGISTER]: Registered create:cut_scoria_brick_stairs to registry ResourceKey[minecraft:root / minecraft:block]
[09Jun2026 14:46:09.097] [main/DEBUG] [com.tterrag.registrate.AbstractRegistrate/REGISTRATE.REGISTER]: Registered create:cut_scoria_brick_slab to registry ResourceKey[minecraft:root / minecraft:block]
[09Jun2026 14:46:09.100] [main/DEBUG] [com.tterrag.registrate.AbstractRegistrate/REGISTRATE.REGISTER]: Registered create:cut_scoria_brick_wall to registry ResourceKey[minecraft:root / minecraft:block]
[09Jun2026 14:46:09.100] [main/DEBUG] [com.tterrag.registrate.AbstractRegistrate/REGISTRATE.REGISTER]: Registered create:small_scoria_bricks to registry ResourceKey[minecraft:root / minecraft:block]
[09Jun2026 14:46:09.100] [main/DEBUG] [com.tterrag.registrate.AbstractRegistrate/REGISTRATE.REGISTER]: Registered create:small_scoria_brick_stairs to registry ResourceKey[minecraft:root / minecraft:block]
[09Jun2026 14:46:09.100] [main/DEBUG] [com.tterrag.registrate.AbstractRegistrate/REGISTRATE.REGISTER]: Registered create:small_scoria_brick_slab to registry ResourceKey[minecraft:root / minecraft:block]
[09Jun2026 14:46:09.104] [main/DEBUG] [com.tterrag.registrate.AbstractRegistrate/REGISTRATE.REGISTER]: Registered create:small_scoria_brick_wall to registry ResourceKey[minecraft:root / minecraft:block]
[09Jun2026 14:46:09.104] [main/DEBUG] [com.tterrag.registrate.AbstractRegistrate/REGISTRATE.REGISTER]: Registered create:layered_scoria to registry ResourceKey[minecraft:root / minecraft:block]
[09Jun2026 14:46:09.104] [main/DEBUG] [com.tterrag.registrate.AbstractRegistrate/REGISTRATE.REGISTER]: Registered create:scoria_pillar to registry ResourceKey[minecraft:root / minecraft:block]
[09Jun2026 14:46:09.104] [main/DEBUG] [com.tterrag.registrate.AbstractRegistrate/REGISTRATE.REGISTER]: Registered create:scorchia to registry ResourceKey[minecraft:root / minecraft:block]
[09Jun2026 14:46:09.104] [main/DEBUG] [com.tterrag.registrate.AbstractRegistrate/REGISTRATE.REGISTER]: Registered create:cut_scorchia to registry ResourceKey[minecraft:root / minecraft:block]
[09Jun2026 14:46:09.105] [main/DEBUG] [com.tterrag.registrate.AbstractRegistrate/REGISTRATE.REGISTER]: Registered create:cut_scorchia_stairs to registry ResourceKey[minecraft:root / minecraft:block]
[09Jun2026 14:46:09.105] [main/DEBUG] [com.tterrag.registrate.AbstractRegistrate/REGISTRATE.REGISTER]: Registered create:cut_scorchia_slab to registry ResourceKey[minecraft:root / minecraft:block]
[09Jun2026 14:46:09.108] [main/DEBUG] [com.tterrag.registrate.AbstractRegistrate/REGISTRATE.REGISTER]: Registered create:cut_scorchia_wall to registry ResourceKey[minecraft:root / minecraft:block]
[09Jun2026 14:46:09.108] [main/DEBUG] [com.tterrag.registrate.AbstractRegistrate/REGISTRATE.REGISTER]: Registered create:polished_cut_scorchia to registry ResourceKey[minecraft:root / minecraft:block]
[09Jun2026 14:46:09.109] [main/DEBUG] [com.tterrag.registrate.AbstractRegistrate/REGISTRATE.REGISTER]: Registered create:polished_cut_scorchia_stairs to registry ResourceKey[minecraft:root / minecraft:block]
[09Jun2026 14:46:09.109] [main/DEBUG] [com.tterrag.registrate.AbstractRegistrate/REGISTRATE.REGISTER]: Registered create:polished_cut_scorchia_slab to registry ResourceKey[minecraft:root / minecraft:block]
[09Jun2026 14:46:09.112] [main/DEBUG] [com.tterrag.registrate.AbstractRegistrate/REGISTRATE.REGISTER]: Registered create:polished_cut_scorchia_wall to registry ResourceKey[minecraft:root / minecraft:block]
[09Jun2026 14:46:09.112] [main/DEBUG] [com.tterrag.registrate.AbstractRegistrate/REGISTRATE.REGISTER]: Registered create:cut_scorchia_bricks to registry ResourceKey[minecraft:root / minecraft:block]
[09Jun2026 14:46:09.113] [main/DEBUG] [com.tterrag.registrate.AbstractRegistrate/REGISTRATE.REGISTER]: Registered create:cut_scorchia_brick_stairs to registry ResourceKey[minecraft:root / minecraft:block]
[09Jun2026 14:46:09.113] [main/DEBUG] [com.tterrag.registrate.AbstractRegistrate/REGISTRATE.REGISTER]: Registered create:cut_scorchia_brick_slab to registry ResourceKey[minecraft:root / minecraft:block]
[09Jun2026 14:46:09.116] [main/DEBUG] [com.tterrag.registrate.AbstractRegistrate/REGISTRATE.REGISTER]: Registered create:cut_scorchia_brick_wall to registry ResourceKey[minecraft:root / minecraft:block]
[09Jun2026 14:46:09.116] [main/DEBUG] [com.tterrag.registrate.AbstractRegistrate/REGISTRATE.REGISTER]: Registered create:small_scorchia_bricks to registry ResourceKey[minecraft:root / minecraft:block]
[09Jun2026 14:46:09.117] [main/DEBUG] [com.tterrag.registrate.AbstractRegistrate/REGISTRATE.REGISTER]: Registered create:small_scorchia_brick_stairs to registry ResourceKey[minecraft:root / minecraft:block]
[09Jun2026 14:46:09.117] [main/DEBUG] [com.tterrag.registrate.AbstractRegistrate/REGISTRATE.REGISTER]: Registered create:small_scorchia_brick_slab to registry ResourceKey[minecraft:root / minecraft:block]
[09Jun2026 14:46:09.120] [main/DEBUG] [com.tterrag.registrate.AbstractRegistrate/REGISTRATE.REGISTER]: Registered create:small_scorchia_brick_wall to registry ResourceKey[minecraft:root / minecraft:block]
[09Jun2026 14:46:09.120] [main/DEBUG] [com.tterrag.registrate.AbstractRegistrate/REGISTRATE.REGISTER]: Registered create:layered_scorchia to registry ResourceKey[minecraft:root / minecraft:block]
[09Jun2026 14:46:09.120] [main/DEBUG] [com.tterrag.registrate.AbstractRegistrate/REGISTRATE.REGISTER]: Registered create:scorchia_pillar to registry ResourceKey[minecraft:root / minecraft:block]
[09Jun2026 14:46:09.120] [main/DEBUG] [com.tterrag.registrate.AbstractRegistrate/REGISTRATE.REGISTER]: Registered create:veridium to registry ResourceKey[minecraft:root / minecraft:block]
[09Jun2026 14:46:09.121] [main/DEBUG] [com.tterrag.registrate.AbstractRegistrate/REGISTRATE.REGISTER]: Registered create:cut_veridium to registry ResourceKey[minecraft:root / minecraft:block]
[09Jun2026 14:46:09.121] [main/DEBUG] [com.tterrag.registrate.AbstractRegistrate/REGISTRATE.REGISTER]: Registered create:cut_veridium_stairs to registry ResourceKey[minecraft:root / minecraft:block]
[09Jun2026 14:46:09.121] [main/DEBUG] [com.tterrag.registrate.AbstractRegistrate/REGISTRATE.REGISTER]: Registered create:cut_veridium_slab to registry ResourceKey[minecraft:root / minecraft:block]
[09Jun2026 14:46:09.124] [main/DEBUG] [com.tterrag.registrate.AbstractRegistrate/REGISTRATE.REGISTER]: Registered create:cut_veridium_wall to registry ResourceKey[minecraft:root / minecraft:block]
[09Jun2026 14:46:09.124] [main/DEBUG] [com.tterrag.registrate.AbstractRegistrate/REGISTRATE.REGISTER]: Registered create:polished_cut_veridium to registry ResourceKey[minecraft:root / minecraft:block]
[09Jun2026 14:46:09.125] [main/DEBUG] [com.tterrag.registrate.AbstractRegistrate/REGISTRATE.REGISTER]: Registered create:polished_cut_veridium_stairs to registry ResourceKey[minecraft:root / minecraft:block]
[09Jun2026 14:46:09.125] [main/DEBUG] [com.tterrag.registrate.AbstractRegistrate/REGISTRATE.REGISTER]: Registered create:polished_cut_veridium_slab to registry ResourceKey[minecraft:root / minecraft:block]
[09Jun2026 14:46:09.128] [main/DEBUG] [com.tterrag.registrate.AbstractRegistrate/REGISTRATE.REGISTER]: Registered create:polished_cut_veridium_wall to registry ResourceKey[minecraft:root / minecraft:block]
[09Jun2026 14:46:09.128] [main/DEBUG] [com.tterrag.registrate.AbstractRegistrate/REGISTRATE.REGISTER]: Registered create:cut_veridium_bricks to registry ResourceKey[minecraft:root / minecraft:block]
[09Jun2026 14:46:09.130] [main/DEBUG] [com.tterrag.registrate.AbstractRegistrate/REGISTRATE.REGISTER]: Registered create:cut_veridium_brick_stairs to registry ResourceKey[minecraft:root / minecraft:block]
[09Jun2026 14:46:09.130] [main/DEBUG] [com.tterrag.registrate.AbstractRegistrate/REGISTRATE.REGISTER]: Registered create:cut_veridium_brick_slab to registry ResourceKey[minecraft:root / minecraft:block]
[09Jun2026 14:46:09.133] [main/DEBUG] [com.tterrag.registrate.AbstractRegistrate/REGISTRATE.REGISTER]: Registered create:cut_veridium_brick_wall to registry ResourceKey[minecraft:root / minecraft:block]
[09Jun2026 14:46:09.134] [main/DEBUG] [com.tterrag.registrate.AbstractRegistrate/REGISTRATE.REGISTER]: Registered create:small_veridium_bricks to registry ResourceKey[minecraft:root / minecraft:block]
[09Jun2026 14:46:09.134] [main/DEBUG] [com.tterrag.registrate.AbstractRegistrate/REGISTRATE.REGISTER]: Registered create:small_veridium_brick_stairs to registry ResourceKey[minecraft:root / minecraft:block]
[09Jun2026 14:46:09.134] [main/DEBUG] [com.tterrag.registrate.AbstractRegistrate/REGISTRATE.REGISTER]: Registered create:small_veridium_brick_slab to registry ResourceKey[minecraft:root / minecraft:block]
[09Jun2026 14:46:09.137] [main/DEBUG] [com.tterrag.registrate.AbstractRegistrate/REGISTRATE.REGISTER]: Registered create:small_veridium_brick_wall to registry ResourceKey[minecraft:root / minecraft:block]
[09Jun2026 14:46:09.138] [main/DEBUG] [com.tterrag.registrate.AbstractRegistrate/REGISTRATE.REGISTER]: Registered create:layered_veridium to registry ResourceKey[minecraft:root / minecraft:block]
[09Jun2026 14:46:09.138] [main/DEBUG] [com.tterrag.registrate.AbstractRegistrate/REGISTRATE.REGISTER]: Registered create:veridium_pillar to registry ResourceKey[minecraft:root / minecraft:block]
[09Jun2026 14:46:09.138] [main/DEBUG] [net.minecraftforge.registries.GameData/REGISTRIES]: Applying holder lookups: minecraft:block
[09Jun2026 14:46:09.140] [main/DEBUG] [net.minecraftforge.registries.GameData/REGISTRIES]: Holder lookups applied: minecraft:block
[09Jun2026 14:46:09.140] [main/DEBUG] [net.minecraftforge.registries.GameData/REGISTRIES]: Applying holder lookups: minecraft:attribute
[09Jun2026 14:46:09.141] [main/DEBUG] [net.minecraftforge.registries.GameData/REGISTRIES]: Holder lookups applied: minecraft:attribute
[09Jun2026 14:46:09.141] [main/DEBUG] [net.minecraftforge.registries.GameData/REGISTRIES]: Applying holder lookups: minecraft:mob_effect
[09Jun2026 14:46:09.142] [main/DEBUG] [net.minecraftforge.registries.GameData/REGISTRIES]: Holder lookups applied: minecraft:mob_effect
[09Jun2026 14:46:09.151] [main/DEBUG] [net.minecraftforge.registries.GameData/REGISTRIES]: Applying holder lookups: minecraft:particle_type
[09Jun2026 14:46:09.152] [main/DEBUG] [net.minecraftforge.registries.GameData/REGISTRIES]: Holder lookups applied: minecraft:particle_type
[09Jun2026 14:46:09.157] [main/DEBUG] [com.tterrag.registrate.AbstractRegistrate/REGISTRATE.REGISTER]: Registering 618 known objects of type minecraft:item
[09Jun2026 14:46:09.157] [main/DEBUG] [com.tterrag.registrate.AbstractRegistrate/REGISTRATE.REGISTER]: Registered create:schematicannon to registry ResourceKey[minecraft:root / minecraft:item]
[09Jun2026 14:46:09.157] [main/DEBUG] [com.tterrag.registrate.AbstractRegistrate/REGISTRATE.REGISTER]: Registered create:schematic_table to registry ResourceKey[minecraft:root / minecraft:item]
[09Jun2026 14:46:09.157] [main/DEBUG] [com.tterrag.registrate.AbstractRegistrate/REGISTRATE.REGISTER]: Registered create:shaft to registry ResourceKey[minecraft:root / minecraft:item]
[09Jun2026 14:46:09.159] [main/DEBUG] [com.tterrag.registrate.AbstractRegistrate/REGISTRATE.REGISTER]: Registered create:cogwheel to registry ResourceKey[minecraft:root / minecraft:item]
[09Jun2026 14:46:09.160] [main/DEBUG] [com.tterrag.registrate.AbstractRegistrate/REGISTRATE.REGISTER]: Registered create:large_cogwheel to registry ResourceKey[minecraft:root / minecraft:item]
[09Jun2026 14:46:09.160] [main/DEBUG] [com.tterrag.registrate.AbstractRegistrate/REGISTRATE.REGISTER]: Registered create:andesite_encased_shaft to registry ResourceKey[minecraft:root / minecraft:item]
[09Jun2026 14:46:09.160] [main/DEBUG] [com.tterrag.registrate.AbstractRegistrate/REGISTRATE.REGISTER]: Registered create:brass_encased_shaft to registry ResourceKey[minecraft:root / minecraft:item]
[09Jun2026 14:46:09.160] [main/DEBUG] [com.tterrag.registrate.AbstractRegistrate/REGISTRATE.REGISTER]: Registered create:andesite_encased_cogwheel to registry ResourceKey[minecraft:root / minecraft:item]
[09Jun2026 14:46:09.160] [main/DEBUG] [com.tterrag.registrate.AbstractRegistrate/REGISTRATE.REGISTER]: Registered create:brass_encased_cogwheel to registry ResourceKey[minecraft:root / minecraft:item]
[09Jun2026 14:46:09.160] [main/DEBUG] [com.tterrag.registrate.AbstractRegistrate/REGISTRATE.REGISTER]: Registered create:andesite_encased_large_cogwheel to registry ResourceKey[minecraft:root / minecraft:item]
[09Jun2026 14:46:09.160] [main/DEBUG] [com.tterrag.registrate.AbstractRegistrate/REGISTRATE.REGISTER]: Registered create:brass_encased_large_cogwheel to registry ResourceKey[minecraft:root / minecraft:item]
[09Jun2026 14:46:09.160] [main/DEBUG] [com.tterrag.registrate.AbstractRegistrate/REGISTRATE.REGISTER]: Registered create:gearbox to registry ResourceKey[minecraft:root / minecraft:item]
[09Jun2026 14:46:09.160] [main/DEBUG] [com.tterrag.registrate.AbstractRegistrate/REGISTRATE.REGISTER]: Registered create:clutch to registry ResourceKey[minecraft:root / minecraft:item]
[09Jun2026 14:46:09.160] [main/DEBUG] [com.tterrag.registrate.AbstractRegistrate/REGISTRATE.REGISTER]: Registered create:gearshift to registry ResourceKey[minecraft:root / minecraft:item]
[09Jun2026 14:46:09.160] [main/DEBUG] [com.tterrag.registrate.AbstractRegistrate/REGISTRATE.REGISTER]: Registered create:encased_chain_drive to registry ResourceKey[minecraft:root / minecraft:item]
[09Jun2026 14:46:09.160] [main/DEBUG] [com.tterrag.registrate.AbstractRegistrate/REGISTRATE.REGISTER]: Registered create:adjustable_chain_gearshift to registry ResourceKey[minecraft:root / minecraft:item]
[09Jun2026 14:46:09.160] [main/DEBUG] [com.tterrag.registrate.AbstractRegistrate/REGISTRATE.REGISTER]: Registered create:creative_motor to registry ResourceKey[minecraft:root / minecraft:item]
[09Jun2026 14:46:09.160] [main/DEBUG] [com.tterrag.registrate.AbstractRegistrate/REGISTRATE.REGISTER]: Registered create:water_wheel to registry ResourceKey[minecraft:root / minecraft:item]
[09Jun2026 14:46:09.160] [main/DEBUG] [com.tterrag.registrate.AbstractRegistrate/REGISTRATE.REGISTER]: Registered create:large_water_wheel to registry ResourceKey[minecraft:root / minecraft:item]
[09Jun2026 14:46:09.160] [main/DEBUG] [com.tterrag.registrate.AbstractRegistrate/REGISTRATE.REGISTER]: Registered create:encased_fan to registry ResourceKey[minecraft:root / minecraft:item]
[09Jun2026 14:46:09.160] [main/DEBUG] [com.tterrag.registrate.AbstractRegistrate/REGISTRATE.REGISTER]: Registered create:nozzle to registry ResourceKey[minecraft:root / minecraft:item]
[09Jun2026 14:46:09.160] [main/DEBUG] [com.tterrag.registrate.AbstractRegistrate/REGISTRATE.REGISTER]: Registered create:turntable to registry ResourceKey[minecraft:root / minecraft:item]
[09Jun2026 14:46:09.160] [main/DEBUG] [com.tterrag.registrate.AbstractRegistrate/REGISTRATE.REGISTER]: Registered create:hand_crank to registry ResourceKey[minecraft:root / minecraft:item]
[09Jun2026 14:46:09.161] [main/DEBUG] [com.tterrag.registrate.AbstractRegistrate/REGISTRATE.REGISTER]: Registered create:cuckoo_clock to registry ResourceKey[minecraft:root / minecraft:item]
[09Jun2026 14:46:09.161] [main/DEBUG] [com.tterrag.registrate.AbstractRegistrate/REGISTRATE.REGISTER]: Registered create:mysterious_cuckoo_clock to registry ResourceKey[minecraft:root / minecraft:item]
[09Jun2026 14:46:09.161] [main/DEBUG] [com.tterrag.registrate.AbstractRegistrate/REGISTRATE.REGISTER]: Registered create:millstone to registry ResourceKey[minecraft:root / minecraft:item]
[09Jun2026 14:46:09.161] [main/DEBUG] [com.tterrag.registrate.AbstractRegistrate/REGISTRATE.REGISTER]: Registered create:crushing_wheel to registry ResourceKey[minecraft:root / minecraft:item]
[09Jun2026 14:46:09.161] [main/DEBUG] [com.tterrag.registrate.AbstractRegistrate/REGISTRATE.REGISTER]: Registered create:mechanical_press to registry ResourceKey[minecraft:root / minecraft:item]
[09Jun2026 14:46:09.161] [main/DEBUG] [com.tterrag.registrate.AbstractRegistrate/REGISTRATE.REGISTER]: Registered create:mechanical_mixer to registry ResourceKey[minecraft:root / minecraft:item]
[09Jun2026 14:46:09.161] [main/DEBUG] [com.tterrag.registrate.AbstractRegistrate/REGISTRATE.REGISTER]: Registered create:basin to registry ResourceKey[minecraft:root / minecraft:item]
[09Jun2026 14:46:09.161] [main/DEBUG] [com.tterrag.registrate.AbstractRegistrate/REGISTRATE.REGISTER]: Registered create:blaze_burner to registry ResourceKey[minecraft:root / minecraft:item]
[09Jun2026 14:46:09.161] [main/DEBUG] [com.tterrag.registrate.AbstractRegistrate/REGISTRATE.REGISTER]: Registered create:depot to registry ResourceKey[minecraft:root / minecraft:item]
[09Jun2026 14:46:09.161] [main/DEBUG] [com.tterrag.registrate.AbstractRegistrate/REGISTRATE.REGISTER]: Registered create:weighted_ejector to registry ResourceKey[minecraft:root / minecraft:item]
[09Jun2026 14:46:09.161] [main/DEBUG] [com.tterrag.registrate.AbstractRegistrate/REGISTRATE.REGISTER]: Registered create:chute to registry ResourceKey[minecraft:root / minecraft:item]
[09Jun2026 14:46:09.161] [main/DEBUG] [com.tterrag.registrate.AbstractRegistrate/REGISTRATE.REGISTER]: Registered create:smart_chute to registry ResourceKey[minecraft:root / minecraft:item]
[09Jun2026 14:46:09.161] [main/DEBUG] [com.tterrag.registrate.AbstractRegistrate/REGISTRATE.REGISTER]: Registered create:speedometer to registry ResourceKey[minecraft:root / minecraft:item]
[09Jun2026 14:46:09.161] [main/DEBUG] [com.tterrag.registrate.AbstractRegistrate/REGISTRATE.REGISTER]: Registered create:stressometer to registry ResourceKey[minecraft:root / minecraft:item]
[09Jun2026 14:46:09.161] [main/DEBUG] [com.tterrag.registrate.AbstractRegistrate/REGISTRATE.REGISTER]: Registered create:wooden_bracket to registry ResourceKey[minecraft:root / minecraft:item]
[09Jun2026 14:46:09.161] [main/DEBUG] [com.tterrag.registrate.AbstractRegistrate/REGISTRATE.REGISTER]: Registered create:metal_bracket to registry ResourceKey[minecraft:root / minecraft:item]
[09Jun2026 14:46:09.161] [main/DEBUG] [com.tterrag.registrate.AbstractRegistrate/REGISTRATE.REGISTER]: Registered create:fluid_pipe to registry ResourceKey[minecraft:root / minecraft:item]
[09Jun2026 14:46:09.161] [main/DEBUG] [com.tterrag.registrate.AbstractRegistrate/REGISTRATE.REGISTER]: Registered create:mechanical_pump to registry ResourceKey[minecraft:root / minecraft:item]
[09Jun2026 14:46:09.161] [main/DEBUG] [com.tterrag.registrate.AbstractRegistrate/REGISTRATE.REGISTER]: Registered create:smart_fluid_pipe to registry ResourceKey[minecraft:root / minecraft:item]
[09Jun2026 14:46:09.161] [main/DEBUG] [com.tterrag.registrate.AbstractRegistrate/REGISTRATE.REGISTER]: Registered create:fluid_valve to registry ResourceKey[minecraft:root / minecraft:item]
[09Jun2026 14:46:09.161] [main/DEBUG] [com.tterrag.registrate.AbstractRegistrate/REGISTRATE.REGISTER]: Registered create:copper_valve_handle to registry ResourceKey[minecraft:root / minecraft:item]
[09Jun2026 14:46:09.162] [main/DEBUG] [com.tterrag.registrate.AbstractRegistrate/REGISTRATE.REGISTER]: Registered create:white_valve_handle to registry ResourceKey[minecraft:root / minecraft:item]
[09Jun2026 14:46:09.162] [main/DEBUG] [com.tterrag.registrate.AbstractRegistrate/REGISTRATE.REGISTER]: Registered create:orange_valve_handle to registry ResourceKey[minecraft:root / minecraft:item]
[09Jun2026 14:46:09.162] [main/DEBUG] [com.tterrag.registrate.AbstractRegistrate/REGISTRATE.REGISTER]: Registered create:magenta_valve_handle to registry ResourceKey[minecraft:root / minecraft:item]
[09Jun2026 14:46:09.162] [main/DEBUG] [com.tterrag.registrate.AbstractRegistrate/REGISTRATE.REGISTER]: Registered create:light_blue_valve_handle to registry ResourceKey[minecraft:root / minecraft:item]
[09Jun2026 14:46:09.162] [main/DEBUG] [com.tterrag.registrate.AbstractRegistrate/REGISTRATE.REGISTER]: Registered create:yellow_valve_handle to registry ResourceKey[minecraft:root / minecraft:item]
[09Jun2026 14:46:09.162] [main/DEBUG] [com.tterrag.registrate.AbstractRegistrate/REGISTRATE.REGISTER]: Registered create:lime_valve_handle to registry ResourceKey[minecraft:root / minecraft:item]
[09Jun2026 14:46:09.162] [main/DEBUG] [com.tterrag.registrate.AbstractRegistrate/REGISTRATE.REGISTER]: Registered create:pink_valve_handle to registry ResourceKey[minecraft:root / minecraft:item]
[09Jun2026 14:46:09.162] [main/DEBUG] [com.tterrag.registrate.AbstractRegistrate/REGISTRATE.REGISTER]: Registered create:gray_valve_handle to registry ResourceKey[minecraft:root / minecraft:item]
[09Jun2026 14:46:09.162] [main/DEBUG] [com.tterrag.registrate.AbstractRegistrate/REGISTRATE.REGISTER]: Registered create:light_gray_valve_handle to registry ResourceKey[minecraft:root / minecraft:item]
[09Jun2026 14:46:09.162] [main/DEBUG] [com.tterrag.registrate.AbstractRegistrate/REGISTRATE.REGISTER]: Registered create:cyan_valve_handle to registry ResourceKey[minecraft:root / minecraft:item]
[09Jun2026 14:46:09.162] [main/DEBUG] [com.tterrag.registrate.AbstractRegistrate/REGISTRATE.REGISTER]: Registered create:purple_valve_handle to registry ResourceKey[minecraft:root / minecraft:item]
[09Jun2026 14:46:09.162] [main/DEBUG] [com.tterrag.registrate.AbstractRegistrate/REGISTRATE.REGISTER]: Registered create:blue_valve_handle to registry ResourceKey[minecraft:root / minecraft:item]
[09Jun2026 14:46:09.162] [main/DEBUG] [com.tterrag.registrate.AbstractRegistrate/REGISTRATE.REGISTER]: Registered create:brown_valve_handle to registry ResourceKey[minecraft:root / minecraft:item]
[09Jun2026 14:46:09.162] [main/DEBUG] [com.tterrag.registrate.AbstractRegistrate/REGISTRATE.REGISTER]: Registered create:green_valve_handle to registry ResourceKey[minecraft:root / minecraft:item]
[09Jun2026 14:46:09.162] [main/DEBUG] [com.tterrag.registrate.AbstractRegistrate/REGISTRATE.REGISTER]: Registered create:red_valve_handle to registry ResourceKey[minecraft:root / minecraft:item]
[09Jun2026 14:46:09.162] [main/DEBUG] [com.tterrag.registrate.AbstractRegistrate/REGISTRATE.REGISTER]: Registered create:black_valve_handle to registry ResourceKey[minecraft:root / minecraft:item]
[09Jun2026 14:46:09.162] [main/DEBUG] [com.tterrag.registrate.AbstractRegistrate/REGISTRATE.REGISTER]: Registered create:fluid_tank to registry ResourceKey[minecraft:root / minecraft:item]
[09Jun2026 14:46:09.162] [main/DEBUG] [com.tterrag.registrate.AbstractRegistrate/REGISTRATE.REGISTER]: Registered create:creative_fluid_tank to registry ResourceKey[minecraft:root / minecraft:item]
[09Jun2026 14:46:09.162] [main/DEBUG] [com.tterrag.registrate.AbstractRegistrate/REGISTRATE.REGISTER]: Registered create:hose_pulley to registry ResourceKey[minecraft:root / minecraft:item]
[09Jun2026 14:46:09.162] [main/DEBUG] [com.tterrag.registrate.AbstractRegistrate/REGISTRATE.REGISTER]: Registered create:item_drain to registry ResourceKey[minecraft:root / minecraft:item]
[09Jun2026 14:46:09.162] [main/DEBUG] [com.tterrag.registrate.AbstractRegistrate/REGISTRATE.REGISTER]: Registered create:spout to registry ResourceKey[minecraft:root / minecraft:item]
[09Jun2026 14:46:09.163] [main/DEBUG] [com.tterrag.registrate.AbstractRegistrate/REGISTRATE.REGISTER]: Registered create:portable_fluid_interface to registry ResourceKey[minecraft:root / minecraft:item]
[09Jun2026 14:46:09.163] [main/DEBUG] [com.tterrag.registrate.AbstractRegistrate/REGISTRATE.REGISTER]: Registered create:steam_engine to registry ResourceKey[minecraft:root / minecraft:item]
[09Jun2026 14:46:09.163] [main/DEBUG] [com.tterrag.registrate.AbstractRegistrate/REGISTRATE.REGISTER]: Registered create:steam_whistle to registry ResourceKey[minecraft:root / minecraft:item]
[09Jun2026 14:46:09.163] [main/DEBUG] [com.tterrag.registrate.AbstractRegistrate/REGISTRATE.REGISTER]: Registered create:mechanical_piston to registry ResourceKey[minecraft:root / minecraft:item]
[09Jun2026 14:46:09.163] [main/DEBUG] [com.tterrag.registrate.AbstractRegistrate/REGISTRATE.REGISTER]: Registered create:sticky_mechanical_piston to registry ResourceKey[minecraft:root / minecraft:item]
[09Jun2026 14:46:09.163] [main/DEBUG] [com.tterrag.registrate.AbstractRegistrate/REGISTRATE.REGISTER]: Registered create:piston_extension_pole to registry ResourceKey[minecraft:root / minecraft:item]
[09Jun2026 14:46:09.163] [main/DEBUG] [com.tterrag.registrate.AbstractRegistrate/REGISTRATE.REGISTER]: Registered create:gantry_carriage to registry ResourceKey[minecraft:root / minecraft:item]
[09Jun2026 14:46:09.163] [main/DEBUG] [com.tterrag.registrate.AbstractRegistrate/REGISTRATE.REGISTER]: Registered create:gantry_shaft to registry ResourceKey[minecraft:root / minecraft:item]
[09Jun2026 14:46:09.163] [main/DEBUG] [com.tterrag.registrate.AbstractRegistrate/REGISTRATE.REGISTER]: Registered create:windmill_bearing to registry ResourceKey[minecraft:root / minecraft:item]
[09Jun2026 14:46:09.163] [main/DEBUG] [com.tterrag.registrate.AbstractRegistrate/REGISTRATE.REGISTER]: Registered create:mechanical_bearing to registry ResourceKey[minecraft:root / minecraft:item]
[09Jun2026 14:46:09.163] [main/DEBUG] [com.tterrag.registrate.AbstractRegistrate/REGISTRATE.REGISTER]: Registered create:clockwork_bearing to registry ResourceKey[minecraft:root / minecraft:item]
[09Jun2026 14:46:09.163] [main/DEBUG] [com.tterrag.registrate.AbstractRegistrate/REGISTRATE.REGISTER]: Registered create:rope_pulley to registry ResourceKey[minecraft:root / minecraft:item]
[09Jun2026 14:46:09.163] [main/DEBUG] [com.tterrag.registrate.AbstractRegistrate/REGISTRATE.REGISTER]: Registered create:elevator_pulley to registry ResourceKey[minecraft:root / minecraft:item]
[09Jun2026 14:46:09.163] [main/DEBUG] [com.tterrag.registrate.AbstractRegistrate/REGISTRATE.REGISTER]: Registered create:cart_assembler to registry ResourceKey[minecraft:root / minecraft:item]
[09Jun2026 14:46:09.163] [main/DEBUG] [com.tterrag.registrate.AbstractRegistrate/REGISTRATE.REGISTER]: Registered create:controller_rail to registry ResourceKey[minecraft:root / minecraft:item]
[09Jun2026 14:46:09.163] [main/DEBUG] [com.tterrag.registrate.AbstractRegistrate/REGISTRATE.REGISTER]: Registered create:linear_chassis to registry ResourceKey[minecraft:root / minecraft:item]
[09Jun2026 14:46:09.163] [main/DEBUG] [com.tterrag.registrate.AbstractRegistrate/REGISTRATE.REGISTER]: Registered create:secondary_linear_chassis to registry ResourceKey[minecraft:root / minecraft:item]
[09Jun2026 14:46:09.163] [main/DEBUG] [com.tterrag.registrate.AbstractRegistrate/REGISTRATE.REGISTER]: Registered create:radial_chassis to registry ResourceKey[minecraft:root / minecraft:item]
[09Jun2026 14:46:09.163] [main/DEBUG] [com.tterrag.registrate.AbstractRegistrate/REGISTRATE.REGISTER]: Registered create:sticker to registry ResourceKey[minecraft:root / minecraft:item]
[09Jun2026 14:46:09.163] [main/DEBUG] [com.tterrag.registrate.AbstractRegistrate/REGISTRATE.REGISTER]: Registered create:contraption_controls to registry ResourceKey[minecraft:root / minecraft:item]
[09Jun2026 14:46:09.163] [main/DEBUG] [com.tterrag.registrate.AbstractRegistrate/REGISTRATE.REGISTER]: Registered create:mechanical_drill to registry ResourceKey[minecraft:root / minecraft:item]
[09Jun2026 14:46:09.163] [main/DEBUG] [com.tterrag.registrate.AbstractRegistrate/REGISTRATE.REGISTER]: Registered create:mechanical_saw to registry ResourceKey[minecraft:root / minecraft:item]
[09Jun2026 14:46:09.163] [main/DEBUG] [com.tterrag.registrate.AbstractRegistrate/REGISTRATE.REGISTER]: Registered create:deployer to registry ResourceKey[minecraft:root / minecraft:item]
[09Jun2026 14:46:09.163] [main/DEBUG] [com.tterrag.registrate.AbstractRegistrate/REGISTRATE.REGISTER]: Registered create:portable_storage_interface to registry ResourceKey[minecraft:root / minecraft:item]
[09Jun2026 14:46:09.163] [main/DEBUG] [com.tterrag.registrate.AbstractRegistrate/REGISTRATE.REGISTER]: Registered create:redstone_contact to registry ResourceKey[minecraft:root / minecraft:item]
[09Jun2026 14:46:09.163] [main/DEBUG] [com.tterrag.registrate.AbstractRegistrate/REGISTRATE.REGISTER]: Registered create:elevator_contact to registry ResourceKey[minecraft:root / minecraft:item]
[09Jun2026 14:46:09.164] [main/DEBUG] [com.tterrag.registrate.AbstractRegistrate/REGISTRATE.REGISTER]: Registered create:mechanical_harvester to registry ResourceKey[minecraft:root / minecraft:item]
[09Jun2026 14:46:09.164] [main/DEBUG] [com.tterrag.registrate.AbstractRegistrate/REGISTRATE.REGISTER]: Registered create:mechanical_plough to registry ResourceKey[minecraft:root / minecraft:item]
[09Jun2026 14:46:09.164] [main/DEBUG] [com.tterrag.registrate.AbstractRegistrate/REGISTRATE.REGISTER]: Registered create:mechanical_roller to registry ResourceKey[minecraft:root / minecraft:item]
[09Jun2026 14:46:09.164] [main/DEBUG] [com.tterrag.registrate.AbstractRegistrate/REGISTRATE.REGISTER]: Registered create:sail_frame to registry ResourceKey[minecraft:root / minecraft:item]
[09Jun2026 14:46:09.164] [main/DEBUG] [com.tterrag.registrate.AbstractRegistrate/REGISTRATE.REGISTER]: Registered create:white_sail to registry ResourceKey[minecraft:root / minecraft:item]
[09Jun2026 14:46:09.164] [main/DEBUG] [com.tterrag.registrate.AbstractRegistrate/REGISTRATE.REGISTER]: Registered create:andesite_casing to registry ResourceKey[minecraft:root / minecraft:item]
[09Jun2026 14:46:09.164] [main/DEBUG] [com.tterrag.registrate.AbstractRegistrate/REGISTRATE.REGISTER]: Registered create:brass_casing to registry ResourceKey[minecraft:root / minecraft:item]
[09Jun2026 14:46:09.165] [main/DEBUG] [com.tterrag.registrate.AbstractRegistrate/REGISTRATE.REGISTER]: Registered create:copper_casing to registry ResourceKey[minecraft:root / minecraft:item]
[09Jun2026 14:46:09.165] [main/DEBUG] [com.tterrag.registrate.AbstractRegistrate/REGISTRATE.REGISTER]: Registered create:shadow_steel_casing to registry ResourceKey[minecraft:root / minecraft:item]
[09Jun2026 14:46:09.165] [main/DEBUG] [com.tterrag.registrate.AbstractRegistrate/REGISTRATE.REGISTER]: Registered create:refined_radiance_casing to registry ResourceKey[minecraft:root / minecraft:item]
[09Jun2026 14:46:09.165] [main/DEBUG] [com.tterrag.registrate.AbstractRegistrate/REGISTRATE.REGISTER]: Registered create:mechanical_crafter to registry ResourceKey[minecraft:root / minecraft:item]
[09Jun2026 14:46:09.165] [main/DEBUG] [com.tterrag.registrate.AbstractRegistrate/REGISTRATE.REGISTER]: Registered create:sequenced_gearshift to registry ResourceKey[minecraft:root / minecraft:item]
[09Jun2026 14:46:09.165] [main/DEBUG] [com.tterrag.registrate.AbstractRegistrate/REGISTRATE.REGISTER]: Registered create:flywheel to registry ResourceKey[minecraft:root / minecraft:item]
[09Jun2026 14:46:09.165] [main/DEBUG] [com.tterrag.registrate.AbstractRegistrate/REGISTRATE.REGISTER]: Registered create:rotation_speed_controller to registry ResourceKey[minecraft:root / minecraft:item]
[09Jun2026 14:46:09.165] [main/DEBUG] [com.tterrag.registrate.AbstractRegistrate/REGISTRATE.REGISTER]: Registered create:mechanical_arm to registry ResourceKey[minecraft:root / minecraft:item]
[09Jun2026 14:46:09.165] [main/DEBUG] [com.tterrag.registrate.AbstractRegistrate/REGISTRATE.REGISTER]: Registered create:track to registry ResourceKey[minecraft:root / minecraft:item]
[09Jun2026 14:46:09.165] [main/DEBUG] [com.tterrag.registrate.AbstractRegistrate/REGISTRATE.REGISTER]: Registered create:railway_casing to registry ResourceKey[minecraft:root / minecraft:item]
[09Jun2026 14:46:09.165] [main/DEBUG] [com.tterrag.registrate.AbstractRegistrate/REGISTRATE.REGISTER]: Registered create:track_station to registry ResourceKey[minecraft:root / minecraft:item]
[09Jun2026 14:46:09.165] [main/DEBUG] [com.tterrag.registrate.AbstractRegistrate/REGISTRATE.REGISTER]: Registered create:track_signal to registry ResourceKey[minecraft:root / minecraft:item]
[09Jun2026 14:46:09.165] [main/DEBUG] [com.tterrag.registrate.AbstractRegistrate/REGISTRATE.REGISTER]: Registered create:track_observer to registry ResourceKey[minecraft:root / minecraft:item]
[09Jun2026 14:46:09.165] [main/DEBUG] [com.tterrag.registrate.AbstractRegistrate/REGISTRATE.REGISTER]: Registered create:controls to registry ResourceKey[minecraft:root / minecraft:item]
[09Jun2026 14:46:09.165] [main/DEBUG] [com.tterrag.registrate.AbstractRegistrate/REGISTRATE.REGISTER]: Registered create:item_vault to registry ResourceKey[minecraft:root / minecraft:item]
[09Jun2026 14:46:09.165] [main/DEBUG] [com.tterrag.registrate.AbstractRegistrate/REGISTRATE.REGISTER]: Registered create:andesite_funnel to registry ResourceKey[minecraft:root / minecraft:item]
[09Jun2026 14:46:09.165] [main/DEBUG] [com.tterrag.registrate.AbstractRegistrate/REGISTRATE.REGISTER]: Registered create:brass_funnel to registry ResourceKey[minecraft:root / minecraft:item]
[09Jun2026 14:46:09.165] [main/DEBUG] [com.tterrag.registrate.AbstractRegistrate/REGISTRATE.REGISTER]: Registered create:andesite_tunnel to registry ResourceKey[minecraft:root / minecraft:item]
[09Jun2026 14:46:09.165] [main/DEBUG] [com.tterrag.registrate.AbstractRegistrate/REGISTRATE.REGISTER]: Registered create:brass_tunnel to registry ResourceKey[minecraft:root / minecraft:item]
[09Jun2026 14:46:09.165] [main/DEBUG] [com.tterrag.registrate.AbstractRegistrate/REGISTRATE.REGISTER]: Registered create:content_observer to registry ResourceKey[minecraft:root / minecraft:item]
[09Jun2026 14:46:09.165] [main/DEBUG] [com.tterrag.registrate.AbstractRegistrate/REGISTRATE.REGISTER]: Registered create:stockpile_switch to registry ResourceKey[minecraft:root / minecraft:item]
[09Jun2026 14:46:09.165] [main/DEBUG] [com.tterrag.registrate.AbstractRegistrate/REGISTRATE.REGISTER]: Registered create:creative_crate to registry ResourceKey[minecraft:root / minecraft:item]
[09Jun2026 14:46:09.165] [main/DEBUG] [com.tterrag.registrate.AbstractRegistrate/REGISTRATE.REGISTER]: Registered create:display_link to registry ResourceKey[minecraft:root / minecraft:item]
[09Jun2026 14:46:09.165] [main/DEBUG] [com.tterrag.registrate.AbstractRegistrate/REGISTRATE.REGISTER]: Registered create:display_board to registry ResourceKey[minecraft:root / minecraft:item]
[09Jun2026 14:46:09.165] [main/DEBUG] [com.tterrag.registrate.AbstractRegistrate/REGISTRATE.REGISTER]: Registered create:nixie_tube to registry ResourceKey[minecraft:root / minecraft:item]
[09Jun2026 14:46:09.166] [main/DEBUG] [com.tterrag.registrate.AbstractRegistrate/REGISTRATE.REGISTER]: Registered create:rose_quartz_lamp to registry ResourceKey[minecraft:root / minecraft:item]
[09Jun2026 14:46:09.166] [main/DEBUG] [com.tterrag.registrate.AbstractRegistrate/REGISTRATE.REGISTER]: Registered create:redstone_link to registry ResourceKey[minecraft:root / minecraft:item]
[09Jun2026 14:46:09.166] [main/DEBUG] [com.tterrag.registrate.AbstractRegistrate/REGISTRATE.REGISTER]: Registered create:analog_lever to registry ResourceKey[minecraft:root / minecraft:item]
[09Jun2026 14:46:09.166] [main/DEBUG] [com.tterrag.registrate.AbstractRegistrate/REGISTRATE.REGISTER]: Registered create:placard to registry ResourceKey[minecraft:root / minecraft:item]
[09Jun2026 14:46:09.166] [main/DEBUG] [com.tterrag.registrate.AbstractRegistrate/REGISTRATE.REGISTER]: Registered create:pulse_repeater to registry ResourceKey[minecraft:root / minecraft:item]
[09Jun2026 14:46:09.166] [main/DEBUG] [com.tterrag.registrate.AbstractRegistrate/REGISTRATE.REGISTER]: Registered create:pulse_extender to registry ResourceKey[minecraft:root / minecraft:item]
[09Jun2026 14:46:09.166] [main/DEBUG] [com.tterrag.registrate.AbstractRegistrate/REGISTRATE.REGISTER]: Registered create:powered_latch to registry ResourceKey[minecraft:root / minecraft:item]
[09Jun2026 14:46:09.166] [main/DEBUG] [com.tterrag.registrate.AbstractRegistrate/REGISTRATE.REGISTER]: Registered create:powered_toggle_latch to registry ResourceKey[minecraft:root / minecraft:item]
[09Jun2026 14:46:09.166] [main/DEBUG] [com.tterrag.registrate.AbstractRegistrate/REGISTRATE.REGISTER]: Registered create:wheat_flour to registry ResourceKey[minecraft:root / minecraft:item]
[09Jun2026 14:46:09.166] [main/DEBUG] [com.tterrag.registrate.AbstractRegistrate/REGISTRATE.REGISTER]: Registered create:dough to registry ResourceKey[minecraft:root / minecraft:item]
[09Jun2026 14:46:09.166] [main/DEBUG] [com.tterrag.registrate.AbstractRegistrate/REGISTRATE.REGISTER]: Registered create:cinder_flour to registry ResourceKey[minecraft:root / minecraft:item]
[09Jun2026 14:46:09.166] [main/DEBUG] [com.tterrag.registrate.AbstractRegistrate/REGISTRATE.REGISTER]: Registered create:rose_quartz to registry ResourceKey[minecraft:root / minecraft:item]
[09Jun2026 14:46:09.166] [main/DEBUG] [com.tterrag.registrate.AbstractRegistrate/REGISTRATE.REGISTER]: Registered create:polished_rose_quartz to registry ResourceKey[minecraft:root / minecraft:item]
[09Jun2026 14:46:09.166] [main/DEBUG] [com.tterrag.registrate.AbstractRegistrate/REGISTRATE.REGISTER]: Registered create:powdered_obsidian to registry ResourceKey[minecraft:root / minecraft:item]
[09Jun2026 14:46:09.166] [main/DEBUG] [com.tterrag.registrate.AbstractRegistrate/REGISTRATE.REGISTER]: Registered create:sturdy_sheet to registry ResourceKey[minecraft:root / minecraft:item]
[09Jun2026 14:46:09.166] [main/DEBUG] [com.tterrag.registrate.AbstractRegistrate/REGISTRATE.REGISTER]: Registered create:propeller to registry ResourceKey[minecraft:root / minecraft:item]
[09Jun2026 14:46:09.166] [main/DEBUG] [com.tterrag.registrate.AbstractRegistrate/REGISTRATE.REGISTER]: Registered create:whisk to registry ResourceKey[minecraft:root / minecraft:item]
[09Jun2026 14:46:09.166] [main/DEBUG] [com.tterrag.registrate.AbstractRegistrate/REGISTRATE.REGISTER]: Registered create:brass_hand to registry ResourceKey[minecraft:root / minecraft:item]
[09Jun2026 14:46:09.166] [main/DEBUG] [com.tterrag.registrate.AbstractRegistrate/REGISTRATE.REGISTER]: Registered create:crafter_slot_cover to registry ResourceKey[minecraft:root / minecraft:item]
[09Jun2026 14:46:09.166] [main/DEBUG] [com.tterrag.registrate.AbstractRegistrate/REGISTRATE.REGISTER]: Registered create:electron_tube to registry ResourceKey[minecraft:root / minecraft:item]
[09Jun2026 14:46:09.166] [main/DEBUG] [com.tterrag.registrate.AbstractRegistrate/REGISTRATE.REGISTER]: Registered create:incomplete_precision_mechanism to registry ResourceKey[minecraft:root / minecraft:item]
[09Jun2026 14:46:09.166] [main/DEBUG] [com.tterrag.registrate.AbstractRegistrate/REGISTRATE.REGISTER]: Registered create:unprocessed_obsidian_sheet to registry ResourceKey[minecraft:root / minecraft:item]
[09Jun2026 14:46:09.166] [main/DEBUG] [com.tterrag.registrate.AbstractRegistrate/REGISTRATE.REGISTER]: Registered create:incomplete_track to registry ResourceKey[minecraft:root / minecraft:item]
[09Jun2026 14:46:09.166] [main/DEBUG] [com.tterrag.registrate.AbstractRegistrate/REGISTRATE.REGISTER]: Registered create:precision_mechanism to registry ResourceKey[minecraft:root / minecraft:item]
[09Jun2026 14:46:09.166] [main/DEBUG] [com.tterrag.registrate.AbstractRegistrate/REGISTRATE.REGISTER]: Registered create:blaze_cake_base to registry ResourceKey[minecraft:root / minecraft:item]
[09Jun2026 14:46:09.166] [main/DEBUG] [com.tterrag.registrate.AbstractRegistrate/REGISTRATE.REGISTER]: Registered create:blaze_cake to registry ResourceKey[minecraft:root / minecraft:item]
[09Jun2026 14:46:09.166] [main/DEBUG] [com.tterrag.registrate.AbstractRegistrate/REGISTRATE.REGISTER]: Registered create:creative_blaze_cake to registry ResourceKey[minecraft:root / minecraft:item]
[09Jun2026 14:46:09.166] [main/DEBUG] [com.tterrag.registrate.AbstractRegistrate/REGISTRATE.REGISTER]: Registered create:bar_of_chocolate to registry ResourceKey[minecraft:root / minecraft:item]
[09Jun2026 14:46:09.166] [main/DEBUG] [com.tterrag.registrate.AbstractRegistrate/REGISTRATE.REGISTER]: Registered create:sweet_roll to registry ResourceKey[minecraft:root / minecraft:item]
[09Jun2026 14:46:09.167] [main/DEBUG] [com.tterrag.registrate.AbstractRegistrate/REGISTRATE.REGISTER]: Registered create:chocolate_glazed_berries to registry ResourceKey[minecraft:root / minecraft:item]
[09Jun2026 14:46:09.167] [main/DEBUG] [com.tterrag.registrate.AbstractRegistrate/REGISTRATE.REGISTER]: Registered create:honeyed_apple to registry ResourceKey[minecraft:root / minecraft:item]
[09Jun2026 14:46:09.167] [main/DEBUG] [com.tterrag.registrate.AbstractRegistrate/REGISTRATE.REGISTER]: Registered create:builders_tea to registry ResourceKey[minecraft:root / minecraft:item]
[09Jun2026 14:46:09.167] [main/DEBUG] [com.tterrag.registrate.AbstractRegistrate/REGISTRATE.REGISTER]: Registered create:raw_zinc to registry ResourceKey[minecraft:root / minecraft:item]
[09Jun2026 14:46:09.167] [main/DEBUG] [com.tterrag.registrate.AbstractRegistrate/REGISTRATE.REGISTER]: Registered create:andesite_alloy to registry ResourceKey[minecraft:root / minecraft:item]
[09Jun2026 14:46:09.167] [main/DEBUG] [com.tterrag.registrate.AbstractRegistrate/REGISTRATE.REGISTER]: Registered create:zinc_ingot to registry ResourceKey[minecraft:root / minecraft:item]
[09Jun2026 14:46:09.167] [main/DEBUG] [com.tterrag.registrate.AbstractRegistrate/REGISTRATE.REGISTER]: Registered create:brass_ingot to registry ResourceKey[minecraft:root / minecraft:item]
[09Jun2026 14:46:09.167] [main/DEBUG] [com.tterrag.registrate.AbstractRegistrate/REGISTRATE.REGISTER]: Registered create:chromatic_compound to registry ResourceKey[minecraft:root / minecraft:item]
[09Jun2026 14:46:09.167] [main/DEBUG] [com.tterrag.registrate.AbstractRegistrate/REGISTRATE.REGISTER]: Registered create:shadow_steel to registry ResourceKey[minecraft:root / minecraft:item]
[09Jun2026 14:46:09.167] [main/DEBUG] [com.tterrag.registrate.AbstractRegistrate/REGISTRATE.REGISTER]: Registered create:refined_radiance to registry ResourceKey[minecraft:root / minecraft:item]
[09Jun2026 14:46:09.167] [main/DEBUG] [com.tterrag.registrate.AbstractRegistrate/REGISTRATE.REGISTER]: Registered create:copper_nugget to registry ResourceKey[minecraft:root / minecraft:item]
[09Jun2026 14:46:09.167] [main/DEBUG] [com.tterrag.registrate.AbstractRegistrate/REGISTRATE.REGISTER]: Registered create:zinc_nugget to registry ResourceKey[minecraft:root / minecraft:item]
[09Jun2026 14:46:09.167] [main/DEBUG] [com.tterrag.registrate.AbstractRegistrate/REGISTRATE.REGISTER]: Registered create:brass_nugget to registry ResourceKey[minecraft:root / minecraft:item]
[09Jun2026 14:46:09.167] [main/DEBUG] [com.tterrag.registrate.AbstractRegistrate/REGISTRATE.REGISTER]: Registered create:experience_nugget to registry ResourceKey[minecraft:root / minecraft:item]
[09Jun2026 14:46:09.167] [main/DEBUG] [com.tterrag.registrate.AbstractRegistrate/REGISTRATE.REGISTER]: Registered create:copper_sheet to registry ResourceKey[minecraft:root / minecraft:item]
[09Jun2026 14:46:09.167] [main/DEBUG] [com.tterrag.registrate.AbstractRegistrate/REGISTRATE.REGISTER]: Registered create:brass_sheet to registry ResourceKey[minecraft:root / minecraft:item]
[09Jun2026 14:46:09.167] [main/DEBUG] [com.tterrag.registrate.AbstractRegistrate/REGISTRATE.REGISTER]: Registered create:iron_sheet to registry ResourceKey[minecraft:root / minecraft:item]
[09Jun2026 14:46:09.167] [main/DEBUG] [com.tterrag.registrate.AbstractRegistrate/REGISTRATE.REGISTER]: Registered create:golden_sheet to registry ResourceKey[minecraft:root / minecraft:item]
[09Jun2026 14:46:09.167] [main/DEBUG] [com.tterrag.registrate.AbstractRegistrate/REGISTRATE.REGISTER]: Registered create:crushed_raw_iron to registry ResourceKey[minecraft:root / minecraft:item]
[09Jun2026 14:46:09.167] [main/DEBUG] [com.tterrag.registrate.AbstractRegistrate/REGISTRATE.REGISTER]: Registered create:crushed_raw_gold to registry ResourceKey[minecraft:root / minecraft:item]
[09Jun2026 14:46:09.167] [main/DEBUG] [com.tterrag.registrate.AbstractRegistrate/REGISTRATE.REGISTER]: Registered create:crushed_raw_copper to registry ResourceKey[minecraft:root / minecraft:item]
[09Jun2026 14:46:09.167] [main/DEBUG] [com.tterrag.registrate.AbstractRegistrate/REGISTRATE.REGISTER]: Registered create:crushed_raw_zinc to registry ResourceKey[minecraft:root / minecraft:item]
[09Jun2026 14:46:09.168] [main/DEBUG] [com.tterrag.registrate.AbstractRegistrate/REGISTRATE.REGISTER]: Registered create:crushed_raw_osmium to registry ResourceKey[minecraft:root / minecraft:item]
[09Jun2026 14:46:09.168] [main/DEBUG] [com.tterrag.registrate.AbstractRegistrate/REGISTRATE.REGISTER]: Registered create:crushed_raw_platinum to registry ResourceKey[minecraft:root / minecraft:item]
[09Jun2026 14:46:09.168] [main/DEBUG] [com.tterrag.registrate.AbstractRegistrate/REGISTRATE.REGISTER]: Registered create:crushed_raw_silver to registry ResourceKey[minecraft:root / minecraft:item]
[09Jun2026 14:46:09.168] [main/DEBUG] [com.tterrag.registrate.AbstractRegistrate/REGISTRATE.REGISTER]: Registered create:crushed_raw_tin to registry ResourceKey[minecraft:root / minecraft:item]
[09Jun2026 14:46:09.168] [main/DEBUG] [com.tterrag.registrate.AbstractRegistrate/REGISTRATE.REGISTER]: Registered create:crushed_raw_lead to registry ResourceKey[minecraft:root / minecraft:item]
[09Jun2026 14:46:09.168] [main/DEBUG] [com.tterrag.registrate.AbstractRegistrate/REGISTRATE.REGISTER]: Registered create:crushed_raw_quicksilver to registry ResourceKey[minecraft:root / minecraft:item]
[09Jun2026 14:46:09.168] [main/DEBUG] [com.tterrag.registrate.AbstractRegistrate/REGISTRATE.REGISTER]: Registered create:crushed_raw_aluminum to registry ResourceKey[minecraft:root / minecraft:item]
[09Jun2026 14:46:09.168] [main/DEBUG] [com.tterrag.registrate.AbstractRegistrate/REGISTRATE.REGISTER]: Registered create:crushed_raw_uranium to registry ResourceKey[minecraft:root / minecraft:item]
[09Jun2026 14:46:09.168] [main/DEBUG] [com.tterrag.registrate.AbstractRegistrate/REGISTRATE.REGISTER]: Registered create:crushed_raw_nickel to registry ResourceKey[minecraft:root / minecraft:item]
[09Jun2026 14:46:09.168] [main/DEBUG] [com.tterrag.registrate.AbstractRegistrate/REGISTRATE.REGISTER]: Registered create:belt_connector to registry ResourceKey[minecraft:root / minecraft:item]
[09Jun2026 14:46:09.168] [main/DEBUG] [com.tterrag.registrate.AbstractRegistrate/REGISTRATE.REGISTER]: Registered create:vertical_gearbox to registry ResourceKey[minecraft:root / minecraft:item]
[09Jun2026 14:46:09.168] [main/DEBUG] [com.tterrag.registrate.AbstractRegistrate/REGISTRATE.REGISTER]: Registered create:empty_blaze_burner to registry ResourceKey[minecraft:root / minecraft:item]
[09Jun2026 14:46:09.170] [main/DEBUG] [com.tterrag.registrate.AbstractRegistrate/REGISTRATE.REGISTER]: Registered create:goggles to registry ResourceKey[minecraft:root / minecraft:item]
[09Jun2026 14:46:09.170] [main/DEBUG] [com.tterrag.registrate.AbstractRegistrate/REGISTRATE.REGISTER]: Registered create:super_glue to registry ResourceKey[minecraft:root / minecraft:item]
[09Jun2026 14:46:09.170] [main/DEBUG] [com.tterrag.registrate.AbstractRegistrate/REGISTRATE.REGISTER]: Registered create:minecart_coupling to registry ResourceKey[minecraft:root / minecraft:item]
[09Jun2026 14:46:09.170] [main/DEBUG] [com.tterrag.registrate.AbstractRegistrate/REGISTRATE.REGISTER]: Registered create:crafting_blueprint to registry ResourceKey[minecraft:root / minecraft:item]
[09Jun2026 14:46:09.170] [main/DEBUG] [com.tterrag.registrate.AbstractRegistrate/REGISTRATE.REGISTER]: Registered create:copper_backtank_placeable to registry ResourceKey[minecraft:root / minecraft:item]
[09Jun2026 14:46:09.170] [main/DEBUG] [com.tterrag.registrate.AbstractRegistrate/REGISTRATE.REGISTER]: Registered create:netherite_backtank_placeable to registry ResourceKey[minecraft:root / minecraft:item]
[09Jun2026 14:46:09.171] [main/DEBUG] [com.tterrag.registrate.AbstractRegistrate/REGISTRATE.REGISTER]: Registered create:copper_backtank to registry ResourceKey[minecraft:root / minecraft:item]
[09Jun2026 14:46:09.174] [main/DEBUG] [mixin/]: Mixing accessor.AgeableListModelAccessor from create.mixins.json into net.minecraft.client.model.AgeableListModel
[09Jun2026 14:46:09.183] [main/DEBUG] [com.tterrag.registrate.AbstractRegistrate/REGISTRATE.REGISTER]: Registered create:netherite_backtank to registry ResourceKey[minecraft:root / minecraft:item]
[09Jun2026 14:46:09.183] [main/DEBUG] [com.tterrag.registrate.AbstractRegistrate/REGISTRATE.REGISTER]: Registered create:copper_diving_helmet to registry ResourceKey[minecraft:root / minecraft:item]
[09Jun2026 14:46:09.183] [main/DEBUG] [com.tterrag.registrate.AbstractRegistrate/REGISTRATE.REGISTER]: Registered create:netherite_diving_helmet to registry ResourceKey[minecraft:root / minecraft:item]
[09Jun2026 14:46:09.183] [main/DEBUG] [com.tterrag.registrate.AbstractRegistrate/REGISTRATE.REGISTER]: Registered create:copper_diving_boots to registry ResourceKey[minecraft:root / minecraft:item]
[09Jun2026 14:46:09.183] [main/DEBUG] [com.tterrag.registrate.AbstractRegistrate/REGISTRATE.REGISTER]: Registered create:netherite_diving_boots to registry ResourceKey[minecraft:root / minecraft:item]
[09Jun2026 14:46:09.183] [main/DEBUG] [com.tterrag.registrate.AbstractRegistrate/REGISTRATE.REGISTER]: Registered create:sand_paper to registry ResourceKey[minecraft:root / minecraft:item]
[09Jun2026 14:46:09.184] [main/DEBUG] [com.tterrag.registrate.AbstractRegistrate/REGISTRATE.REGISTER]: Registered create:red_sand_paper to registry ResourceKey[minecraft:root / minecraft:item]
[09Jun2026 14:46:09.184] [main/DEBUG] [com.tterrag.registrate.AbstractRegistrate/REGISTRATE.REGISTER]: Registered create:wrench to registry ResourceKey[minecraft:root / minecraft:item]
[09Jun2026 14:46:09.184] [main/DEBUG] [com.tterrag.registrate.AbstractRegistrate/REGISTRATE.REGISTER]: Registered create:minecart_contraption to registry ResourceKey[minecraft:root / minecraft:item]
[09Jun2026 14:46:09.184] [main/DEBUG] [com.tterrag.registrate.AbstractRegistrate/REGISTRATE.REGISTER]: Registered create:furnace_minecart_contraption to registry ResourceKey[minecraft:root / minecraft:item]
[09Jun2026 14:46:09.184] [main/DEBUG] [com.tterrag.registrate.AbstractRegistrate/REGISTRATE.REGISTER]: Registered create:chest_minecart_contraption to registry ResourceKey[minecraft:root / minecraft:item]
[09Jun2026 14:46:09.184] [main/DEBUG] [com.tterrag.registrate.AbstractRegistrate/REGISTRATE.REGISTER]: Registered create:linked_controller to registry ResourceKey[minecraft:root / minecraft:item]
[09Jun2026 14:46:09.184] [main/DEBUG] [com.tterrag.registrate.AbstractRegistrate/REGISTRATE.REGISTER]: Registered create:potato_cannon to registry ResourceKey[minecraft:root / minecraft:item]
[09Jun2026 14:46:09.184] [main/DEBUG] [com.tterrag.registrate.AbstractRegistrate/REGISTRATE.REGISTER]: Registered create:extendo_grip to registry ResourceKey[minecraft:root / minecraft:item]
[09Jun2026 14:46:09.184] [main/DEBUG] [com.tterrag.registrate.AbstractRegistrate/REGISTRATE.REGISTER]: Registered create:wand_of_symmetry to registry ResourceKey[minecraft:root / minecraft:item]
[09Jun2026 14:46:09.184] [main/DEBUG] [com.tterrag.registrate.AbstractRegistrate/REGISTRATE.REGISTER]: Registered create:handheld_worldshaper to registry ResourceKey[minecraft:root / minecraft:item]
[09Jun2026 14:46:09.184] [main/DEBUG] [com.tterrag.registrate.AbstractRegistrate/REGISTRATE.REGISTER]: Registered create:tree_fertilizer to registry ResourceKey[minecraft:root / minecraft:item]
[09Jun2026 14:46:09.185] [main/DEBUG] [com.tterrag.registrate.AbstractRegistrate/REGISTRATE.REGISTER]: Registered create:filter to registry ResourceKey[minecraft:root / minecraft:item]
[09Jun2026 14:46:09.185] [main/DEBUG] [com.tterrag.registrate.AbstractRegistrate/REGISTRATE.REGISTER]: Registered create:attribute_filter to registry ResourceKey[minecraft:root / minecraft:item]
[09Jun2026 14:46:09.185] [main/DEBUG] [com.tterrag.registrate.AbstractRegistrate/REGISTRATE.REGISTER]: Registered create:schedule to registry ResourceKey[minecraft:root / minecraft:item]
[09Jun2026 14:46:09.185] [main/DEBUG] [com.tterrag.registrate.AbstractRegistrate/REGISTRATE.REGISTER]: Registered create:empty_schematic to registry ResourceKey[minecraft:root / minecraft:item]
[09Jun2026 14:46:09.185] [main/DEBUG] [com.tterrag.registrate.AbstractRegistrate/REGISTRATE.REGISTER]: Registered create:schematic_and_quill to registry ResourceKey[minecraft:root / minecraft:item]
[09Jun2026 14:46:09.185] [main/DEBUG] [com.tterrag.registrate.AbstractRegistrate/REGISTRATE.REGISTER]: Registered create:schematic to registry ResourceKey[minecraft:root / minecraft:item]
[09Jun2026 14:46:09.185] [main/DEBUG] [com.tterrag.registrate.AbstractRegistrate/REGISTRATE.REGISTER]: Registered create:peculiar_bell to registry ResourceKey[minecraft:root / minecraft:item]
[09Jun2026 14:46:09.186] [main/DEBUG] [com.tterrag.registrate.AbstractRegistrate/REGISTRATE.REGISTER]: Registered create:haunted_bell to registry ResourceKey[minecraft:root / minecraft:item]
[09Jun2026 14:46:09.186] [main/DEBUG] [com.tterrag.registrate.AbstractRegistrate/REGISTRATE.REGISTER]: Registered create:white_toolbox to registry ResourceKey[minecraft:root / minecraft:item]
[09Jun2026 14:46:09.186] [main/DEBUG] [com.tterrag.registrate.AbstractRegistrate/REGISTRATE.REGISTER]: Registered create:orange_toolbox to registry ResourceKey[minecraft:root / minecraft:item]
[09Jun2026 14:46:09.186] [main/DEBUG] [com.tterrag.registrate.AbstractRegistrate/REGISTRATE.REGISTER]: Registered create:magenta_toolbox to registry ResourceKey[minecraft:root / minecraft:item]
[09Jun2026 14:46:09.186] [main/DEBUG] [com.tterrag.registrate.AbstractRegistrate/REGISTRATE.REGISTER]: Registered create:light_blue_toolbox to registry ResourceKey[minecraft:root / minecraft:item]
[09Jun2026 14:46:09.186] [main/DEBUG] [com.tterrag.registrate.AbstractRegistrate/REGISTRATE.REGISTER]: Registered create:yellow_toolbox to registry ResourceKey[minecraft:root / minecraft:item]
[09Jun2026 14:46:09.186] [main/DEBUG] [com.tterrag.registrate.AbstractRegistrate/REGISTRATE.REGISTER]: Registered create:lime_toolbox to registry ResourceKey[minecraft:root / minecraft:item]
[09Jun2026 14:46:09.186] [main/DEBUG] [com.tterrag.registrate.AbstractRegistrate/REGISTRATE.REGISTER]: Registered create:pink_toolbox to registry ResourceKey[minecraft:root / minecraft:item]
[09Jun2026 14:46:09.186] [main/DEBUG] [com.tterrag.registrate.AbstractRegistrate/REGISTRATE.REGISTER]: Registered create:gray_toolbox to registry ResourceKey[minecraft:root / minecraft:item]
[09Jun2026 14:46:09.186] [main/DEBUG] [com.tterrag.registrate.AbstractRegistrate/REGISTRATE.REGISTER]: Registered create:light_gray_toolbox to registry ResourceKey[minecraft:root / minecraft:item]
[09Jun2026 14:46:09.186] [main/DEBUG] [com.tterrag.registrate.AbstractRegistrate/REGISTRATE.REGISTER]: Registered create:cyan_toolbox to registry ResourceKey[minecraft:root / minecraft:item]
[09Jun2026 14:46:09.186] [main/DEBUG] [com.tterrag.registrate.AbstractRegistrate/REGISTRATE.REGISTER]: Registered create:purple_toolbox to registry ResourceKey[minecraft:root / minecraft:item]
[09Jun2026 14:46:09.186] [main/DEBUG] [com.tterrag.registrate.AbstractRegistrate/REGISTRATE.REGISTER]: Registered create:blue_toolbox to registry ResourceKey[minecraft:root / minecraft:item]
[09Jun2026 14:46:09.186] [main/DEBUG] [com.tterrag.registrate.AbstractRegistrate/REGISTRATE.REGISTER]: Registered create:brown_toolbox to registry ResourceKey[minecraft:root / minecraft:item]
[09Jun2026 14:46:09.186] [main/DEBUG] [com.tterrag.registrate.AbstractRegistrate/REGISTRATE.REGISTER]: Registered create:green_toolbox to registry ResourceKey[minecraft:root / minecraft:item]
[09Jun2026 14:46:09.186] [main/DEBUG] [com.tterrag.registrate.AbstractRegistrate/REGISTRATE.REGISTER]: Registered create:red_toolbox to registry ResourceKey[minecraft:root / minecraft:item]
[09Jun2026 14:46:09.186] [main/DEBUG] [com.tterrag.registrate.AbstractRegistrate/REGISTRATE.REGISTER]: Registered create:black_toolbox to registry ResourceKey[minecraft:root / minecraft:item]
[09Jun2026 14:46:09.196] [main/DEBUG] [com.tterrag.registrate.AbstractRegistrate/REGISTRATE.REGISTER]: Registered create:clipboard to registry ResourceKey[minecraft:root / minecraft:item]
[09Jun2026 14:46:09.196] [main/DEBUG] [com.tterrag.registrate.AbstractRegistrate/REGISTRATE.REGISTER]: Registered create:andesite_ladder to registry ResourceKey[minecraft:root / minecraft:item]
[09Jun2026 14:46:09.196] [main/DEBUG] [com.tterrag.registrate.AbstractRegistrate/REGISTRATE.REGISTER]: Registered create:brass_ladder to registry ResourceKey[minecraft:root / minecraft:item]
[09Jun2026 14:46:09.196] [main/DEBUG] [com.tterrag.registrate.AbstractRegistrate/REGISTRATE.REGISTER]: Registered create:copper_ladder to registry ResourceKey[minecraft:root / minecraft:item]
[09Jun2026 14:46:09.196] [main/DEBUG] [com.tterrag.registrate.AbstractRegistrate/REGISTRATE.REGISTER]: Registered create:andesite_bars to registry ResourceKey[minecraft:root / minecraft:item]
[09Jun2026 14:46:09.196] [main/DEBUG] [com.tterrag.registrate.AbstractRegistrate/REGISTRATE.REGISTER]: Registered create:brass_bars to registry ResourceKey[minecraft:root / minecraft:item]
[09Jun2026 14:46:09.196] [main/DEBUG] [com.tterrag.registrate.AbstractRegistrate/REGISTRATE.REGISTER]: Registered create:copper_bars to registry ResourceKey[minecraft:root / minecraft:item]
[09Jun2026 14:46:09.197] [main/DEBUG] [com.tterrag.registrate.AbstractRegistrate/REGISTRATE.REGISTER]: Registered create:andesite_scaffolding to registry ResourceKey[minecraft:root / minecraft:item]
[09Jun2026 14:46:09.197] [main/DEBUG] [com.tterrag.registrate.AbstractRegistrate/REGISTRATE.REGISTER]: Registered create:brass_scaffolding to registry ResourceKey[minecraft:root / minecraft:item]
[09Jun2026 14:46:09.197] [main/DEBUG] [com.tterrag.registrate.AbstractRegistrate/REGISTRATE.REGISTER]: Registered create:copper_scaffolding to registry ResourceKey[minecraft:root / minecraft:item]
[09Jun2026 14:46:09.197] [main/DEBUG] [com.tterrag.registrate.AbstractRegistrate/REGISTRATE.REGISTER]: Registered create:metal_girder to registry ResourceKey[minecraft:root / minecraft:item]
[09Jun2026 14:46:09.197] [main/DEBUG] [com.tterrag.registrate.AbstractRegistrate/REGISTRATE.REGISTER]: Registered create:copycat_step to registry ResourceKey[minecraft:root / minecraft:item]
[09Jun2026 14:46:09.197] [main/DEBUG] [com.tterrag.registrate.AbstractRegistrate/REGISTRATE.REGISTER]: Registered create:copycat_panel to registry ResourceKey[minecraft:root / minecraft:item]
[09Jun2026 14:46:09.197] [main/DEBUG] [com.tterrag.registrate.AbstractRegistrate/REGISTRATE.REGISTER]: Registered create:white_seat to registry ResourceKey[minecraft:root / minecraft:item]
[09Jun2026 14:46:09.197] [main/DEBUG] [com.tterrag.registrate.AbstractRegistrate/REGISTRATE.REGISTER]: Registered create:orange_seat to registry ResourceKey[minecraft:root / minecraft:item]
[09Jun2026 14:46:09.197] [main/DEBUG] [com.tterrag.registrate.AbstractRegistrate/REGISTRATE.REGISTER]: Registered create:magenta_seat to registry ResourceKey[minecraft:root / minecraft:item]
[09Jun2026 14:46:09.197] [main/DEBUG] [com.tterrag.registrate.AbstractRegistrate/REGISTRATE.REGISTER]: Registered create:light_blue_seat to registry ResourceKey[minecraft:root / minecraft:item]
[09Jun2026 14:46:09.197] [main/DEBUG] [com.tterrag.registrate.AbstractRegistrate/REGISTRATE.REGISTER]: Registered create:yellow_seat to registry ResourceKey[minecraft:root / minecraft:item]
[09Jun2026 14:46:09.197] [main/DEBUG] [com.tterrag.registrate.AbstractRegistrate/REGISTRATE.REGISTER]: Registered create:lime_seat to registry ResourceKey[minecraft:root / minecraft:item]
[09Jun2026 14:46:09.197] [main/DEBUG] [com.tterrag.registrate.AbstractRegistrate/REGISTRATE.REGISTER]: Registered create:pink_seat to registry ResourceKey[minecraft:root / minecraft:item]
[09Jun2026 14:46:09.197] [main/DEBUG] [com.tterrag.registrate.AbstractRegistrate/REGISTRATE.REGISTER]: Registered create:gray_seat to registry ResourceKey[minecraft:root / minecraft:item]
[09Jun2026 14:46:09.197] [main/DEBUG] [com.tterrag.registrate.AbstractRegistrate/REGISTRATE.REGISTER]: Registered create:light_gray_seat to registry ResourceKey[minecraft:root / minecraft:item]
[09Jun2026 14:46:09.197] [main/DEBUG] [com.tterrag.registrate.AbstractRegistrate/REGISTRATE.REGISTER]: Registered create:cyan_seat to registry ResourceKey[minecraft:root / minecraft:item]
[09Jun2026 14:46:09.197] [main/DEBUG] [com.tterrag.registrate.AbstractRegistrate/REGISTRATE.REGISTER]: Registered create:purple_seat to registry ResourceKey[minecraft:root / minecraft:item]
[09Jun2026 14:46:09.197] [main/DEBUG] [com.tterrag.registrate.AbstractRegistrate/REGISTRATE.REGISTER]: Registered create:blue_seat to registry ResourceKey[minecraft:root / minecraft:item]
[09Jun2026 14:46:09.197] [main/DEBUG] [com.tterrag.registrate.AbstractRegistrate/REGISTRATE.REGISTER]: Registered create:brown_seat to registry ResourceKey[minecraft:root / minecraft:item]
[09Jun2026 14:46:09.197] [main/DEBUG] [com.tterrag.registrate.AbstractRegistrate/REGISTRATE.REGISTER]: Registered create:green_seat to registry ResourceKey[minecraft:root / minecraft:item]
[09Jun2026 14:46:09.198] [main/DEBUG] [com.tterrag.registrate.AbstractRegistrate/REGISTRATE.REGISTER]: Registered create:red_seat to registry ResourceKey[minecraft:root / minecraft:item]
[09Jun2026 14:46:09.198] [main/DEBUG] [com.tterrag.registrate.AbstractRegistrate/REGISTRATE.REGISTER]: Registered create:black_seat to registry ResourceKey[minecraft:root / minecraft:item]
[09Jun2026 14:46:09.198] [main/DEBUG] [com.tterrag.registrate.AbstractRegistrate/REGISTRATE.REGISTER]: Registered create:andesite_door to registry ResourceKey[minecraft:root / minecraft:item]
[09Jun2026 14:46:09.198] [main/DEBUG] [com.tterrag.registrate.AbstractRegistrate/REGISTRATE.REGISTER]: Registered create:brass_door to registry ResourceKey[minecraft:root / minecraft:item]
[09Jun2026 14:46:09.198] [main/DEBUG] [com.tterrag.registrate.AbstractRegistrate/REGISTRATE.REGISTER]: Registered create:copper_door to registry ResourceKey[minecraft:root / minecraft:item]
[09Jun2026 14:46:09.198] [main/DEBUG] [com.tterrag.registrate.AbstractRegistrate/REGISTRATE.REGISTER]: Registered create:train_door to registry ResourceKey[minecraft:root / minecraft:item]
[09Jun2026 14:46:09.198] [main/DEBUG] [com.tterrag.registrate.AbstractRegistrate/REGISTRATE.REGISTER]: Registered create:train_trapdoor to registry ResourceKey[minecraft:root / minecraft:item]
[09Jun2026 14:46:09.198] [main/DEBUG] [com.tterrag.registrate.AbstractRegistrate/REGISTRATE.REGISTER]: Registered create:framed_glass_door to registry ResourceKey[minecraft:root / minecraft:item]
[09Jun2026 14:46:09.198] [main/DEBUG] [com.tterrag.registrate.AbstractRegistrate/REGISTRATE.REGISTER]: Registered create:framed_glass_trapdoor to registry ResourceKey[minecraft:root / minecraft:item]
[09Jun2026 14:46:09.198] [main/DEBUG] [com.tterrag.registrate.AbstractRegistrate/REGISTRATE.REGISTER]: Registered create:zinc_ore to registry ResourceKey[minecraft:root / minecraft:item]
[09Jun2026 14:46:09.198] [main/DEBUG] [com.tterrag.registrate.AbstractRegistrate/REGISTRATE.REGISTER]: Registered create:deepslate_zinc_ore to registry ResourceKey[minecraft:root / minecraft:item]
[09Jun2026 14:46:09.198] [main/DEBUG] [com.tterrag.registrate.AbstractRegistrate/REGISTRATE.REGISTER]: Registered create:raw_zinc_block to registry ResourceKey[minecraft:root / minecraft:item]
[09Jun2026 14:46:09.198] [main/DEBUG] [com.tterrag.registrate.AbstractRegistrate/REGISTRATE.REGISTER]: Registered create:zinc_block to registry ResourceKey[minecraft:root / minecraft:item]
[09Jun2026 14:46:09.198] [main/DEBUG] [com.tterrag.registrate.AbstractRegistrate/REGISTRATE.REGISTER]: Registered create:andesite_alloy_block to registry ResourceKey[minecraft:root / minecraft:item]
[09Jun2026 14:46:09.198] [main/DEBUG] [com.tterrag.registrate.AbstractRegistrate/REGISTRATE.REGISTER]: Registered create:industrial_iron_block to registry ResourceKey[minecraft:root / minecraft:item]
[09Jun2026 14:46:09.198] [main/DEBUG] [com.tterrag.registrate.AbstractRegistrate/REGISTRATE.REGISTER]: Registered create:brass_block to registry ResourceKey[minecraft:root / minecraft:item]
[09Jun2026 14:46:09.198] [main/DEBUG] [com.tterrag.registrate.AbstractRegistrate/REGISTRATE.REGISTER]: Registered create:experience_block to registry ResourceKey[minecraft:root / minecraft:item]
[09Jun2026 14:46:09.198] [main/DEBUG] [com.tterrag.registrate.AbstractRegistrate/REGISTRATE.REGISTER]: Registered create:rose_quartz_block to registry ResourceKey[minecraft:root / minecraft:item]
[09Jun2026 14:46:09.198] [main/DEBUG] [com.tterrag.registrate.AbstractRegistrate/REGISTRATE.REGISTER]: Registered create:rose_quartz_tiles to registry ResourceKey[minecraft:root / minecraft:item]
[09Jun2026 14:46:09.198] [main/DEBUG] [com.tterrag.registrate.AbstractRegistrate/REGISTRATE.REGISTER]: Registered create:small_rose_quartz_tiles to registry ResourceKey[minecraft:root / minecraft:item]
[09Jun2026 14:46:09.198] [main/DEBUG] [com.tterrag.registrate.AbstractRegistrate/REGISTRATE.REGISTER]: Registered create:copper_shingles to registry ResourceKey[minecraft:root / minecraft:item]
[09Jun2026 14:46:09.198] [main/DEBUG] [com.tterrag.registrate.AbstractRegistrate/REGISTRATE.REGISTER]: Registered create:exposed_copper_shingles to registry ResourceKey[minecraft:root / minecraft:item]
[09Jun2026 14:46:09.198] [main/DEBUG] [com.tterrag.registrate.AbstractRegistrate/REGISTRATE.REGISTER]: Registered create:weathered_copper_shingles to registry ResourceKey[minecraft:root / minecraft:item]
[09Jun2026 14:46:09.198] [main/DEBUG] [com.tterrag.registrate.AbstractRegistrate/REGISTRATE.REGISTER]: Registered create:oxidized_copper_shingles to registry ResourceKey[minecraft:root / minecraft:item]
[09Jun2026 14:46:09.198] [main/DEBUG] [com.tterrag.registrate.AbstractRegistrate/REGISTRATE.REGISTER]: Registered create:copper_shingle_slab to registry ResourceKey[minecraft:root / minecraft:item]
[09Jun2026 14:46:09.198] [main/DEBUG] [com.tterrag.registrate.AbstractRegistrate/REGISTRATE.REGISTER]: Registered create:exposed_copper_shingle_slab to registry ResourceKey[minecraft:root / minecraft:item]
[09Jun2026 14:46:09.198] [main/DEBUG] [com.tterrag.registrate.AbstractRegistrate/REGISTRATE.REGISTER]: Registered create:weathered_copper_shingle_slab to registry ResourceKey[minecraft:root / minecraft:item]
[09Jun2026 14:46:09.198] [main/DEBUG] [com.tterrag.registrate.AbstractRegistrate/REGISTRATE.REGISTER]: Registered create:oxidized_copper_shingle_slab to registry ResourceKey[minecraft:root / minecraft:item]
[09Jun2026 14:46:09.198] [main/DEBUG] [com.tterrag.registrate.AbstractRegistrate/REGISTRATE.REGISTER]: Registered create:copper_shingle_stairs to registry ResourceKey[minecraft:root / minecraft:item]
[09Jun2026 14:46:09.198] [main/DEBUG] [com.tterrag.registrate.AbstractRegistrate/REGISTRATE.REGISTER]: Registered create:exposed_copper_shingle_stairs to registry ResourceKey[minecraft:root / minecraft:item]
[09Jun2026 14:46:09.198] [main/DEBUG] [com.tterrag.registrate.AbstractRegistrate/REGISTRATE.REGISTER]: Registered create:weathered_copper_shingle_stairs to registry ResourceKey[minecraft:root / minecraft:item]
[09Jun2026 14:46:09.199] [main/DEBUG] [com.tterrag.registrate.AbstractRegistrate/REGISTRATE.REGISTER]: Registered create:oxidized_copper_shingle_stairs to registry ResourceKey[minecraft:root / minecraft:item]
[09Jun2026 14:46:09.199] [main/DEBUG] [com.tterrag.registrate.AbstractRegistrate/REGISTRATE.REGISTER]: Registered create:waxed_copper_shingles to registry ResourceKey[minecraft:root / minecraft:item]
[09Jun2026 14:46:09.199] [main/DEBUG] [com.tterrag.registrate.AbstractRegistrate/REGISTRATE.REGISTER]: Registered create:waxed_exposed_copper_shingles to registry ResourceKey[minecraft:root / minecraft:item]
[09Jun2026 14:46:09.199] [main/DEBUG] [com.tterrag.registrate.AbstractRegistrate/REGISTRATE.REGISTER]: Registered create:waxed_weathered_copper_shingles to registry ResourceKey[minecraft:root / minecraft:item]
[09Jun2026 14:46:09.199] [main/DEBUG] [com.tterrag.registrate.AbstractRegistrate/REGISTRATE.REGISTER]: Registered create:waxed_oxidized_copper_shingles to registry ResourceKey[minecraft:root / minecraft:item]
[09Jun2026 14:46:09.199] [main/DEBUG] [com.tterrag.registrate.AbstractRegistrate/REGISTRATE.REGISTER]: Registered create:waxed_copper_shingle_slab to registry ResourceKey[minecraft:root / minecraft:item]
[09Jun2026 14:46:09.199] [main/DEBUG] [com.tterrag.registrate.AbstractRegistrate/REGISTRATE.REGISTER]: Registered create:waxed_exposed_copper_shingle_slab to registry ResourceKey[minecraft:root / minecraft:item]
[09Jun2026 14:46:09.199] [main/DEBUG] [com.tterrag.registrate.AbstractRegistrate/REGISTRATE.REGISTER]: Registered create:waxed_weathered_copper_shingle_slab to registry ResourceKey[minecraft:root / minecraft:item]
[09Jun2026 14:46:09.199] [main/DEBUG] [com.tterrag.registrate.AbstractRegistrate/REGISTRATE.REGISTER]: Registered create:waxed_oxidized_copper_shingle_slab to registry ResourceKey[minecraft:root / minecraft:item]
[09Jun2026 14:46:09.199] [main/DEBUG] [com.tterrag.registrate.AbstractRegistrate/REGISTRATE.REGISTER]: Registered create:waxed_copper_shingle_stairs to registry ResourceKey[minecraft:root / minecraft:item]
[09Jun2026 14:46:09.199] [main/DEBUG] [com.tterrag.registrate.AbstractRegistrate/REGISTRATE.REGISTER]: Registered create:waxed_exposed_copper_shingle_stairs to registry ResourceKey[minecraft:root / minecraft:item]
[09Jun2026 14:46:09.199] [main/DEBUG] [com.tterrag.registrate.AbstractRegistrate/REGISTRATE.REGISTER]: Registered create:waxed_weathered_copper_shingle_stairs to registry ResourceKey[minecraft:root / minecraft:item]
[09Jun2026 14:46:09.199] [main/DEBUG] [com.tterrag.registrate.AbstractRegistrate/REGISTRATE.REGISTER]: Registered create:waxed_oxidized_copper_shingle_stairs to registry ResourceKey[minecraft:root / minecraft:item]
[09Jun2026 14:46:09.199] [main/DEBUG] [com.tterrag.registrate.AbstractRegistrate/REGISTRATE.REGISTER]: Registered create:copper_tiles to registry ResourceKey[minecraft:root / minecraft:item]
[09Jun2026 14:46:09.199] [main/DEBUG] [com.tterrag.registrate.AbstractRegistrate/REGISTRATE.REGISTER]: Registered create:exposed_copper_tiles to registry ResourceKey[minecraft:root / minecraft:item]
[09Jun2026 14:46:09.199] [main/DEBUG] [com.tterrag.registrate.AbstractRegistrate/REGISTRATE.REGISTER]: Registered create:weathered_copper_tiles to registry ResourceKey[minecraft:root / minecraft:item]
[09Jun2026 14:46:09.199] [main/DEBUG] [com.tterrag.registrate.AbstractRegistrate/REGISTRATE.REGISTER]: Registered create:oxidized_copper_tiles to registry ResourceKey[minecraft:root / minecraft:item]
[09Jun2026 14:46:09.199] [main/DEBUG] [com.tterrag.registrate.AbstractRegistrate/REGISTRATE.REGISTER]: Registered create:copper_tile_slab to registry ResourceKey[minecraft:root / minecraft:item]
[09Jun2026 14:46:09.199] [main/DEBUG] [com.tterrag.registrate.AbstractRegistrate/REGISTRATE.REGISTER]: Registered create:exposed_copper_tile_slab to registry ResourceKey[minecraft:root / minecraft:item]
[09Jun2026 14:46:09.199] [main/DEBUG] [com.tterrag.registrate.AbstractRegistrate/REGISTRATE.REGISTER]: Registered create:weathered_copper_tile_slab to registry ResourceKey[minecraft:root / minecraft:item]
[09Jun2026 14:46:09.199] [main/DEBUG] [com.tterrag.registrate.AbstractRegistrate/REGISTRATE.REGISTER]: Registered create:oxidized_copper_tile_slab to registry ResourceKey[minecraft:root / minecraft:item]
[09Jun2026 14:46:09.199] [main/DEBUG] [com.tterrag.registrate.AbstractRegistrate/REGISTRATE.REGISTER]: Registered create:copper_tile_stairs to registry ResourceKey[minecraft:root / minecraft:item]
[09Jun2026 14:46:09.199] [main/DEBUG] [com.tterrag.registrate.AbstractRegistrate/REGISTRATE.REGISTER]: Registered create:exposed_copper_tile_stairs to registry ResourceKey[minecraft:root / minecraft:item]
[09Jun2026 14:46:09.199] [main/DEBUG] [com.tterrag.registrate.AbstractRegistrate/REGISTRATE.REGISTER]: Registered create:weathered_copper_tile_stairs to registry ResourceKey[minecraft:root / minecraft:item]
[09Jun2026 14:46:09.199] [main/DEBUG] [com.tterrag.registrate.AbstractRegistrate/REGISTRATE.REGISTER]: Registered create:oxidized_copper_tile_stairs to registry ResourceKey[minecraft:root / minecraft:item]
[09Jun2026 14:46:09.199] [main/DEBUG] [com.tterrag.registrate.AbstractRegistrate/REGISTRATE.REGISTER]: Registered create:waxed_copper_tiles to registry ResourceKey[minecraft:root / minecraft:item]
[09Jun2026 14:46:09.199] [main/DEBUG] [com.tterrag.registrate.AbstractRegistrate/REGISTRATE.REGISTER]: Registered create:waxed_exposed_copper_tiles to registry ResourceKey[minecraft:root / minecraft:item]
[09Jun2026 14:46:09.199] [main/DEBUG] [com.tterrag.registrate.AbstractRegistrate/REGISTRATE.REGISTER]: Registered create:waxed_weathered_copper_tiles to registry ResourceKey[minecraft:root / minecraft:item]
[09Jun2026 14:46:09.199] [main/DEBUG] [com.tterrag.registrate.AbstractRegistrate/REGISTRATE.REGISTER]: Registered create:waxed_oxidized_copper_tiles to registry ResourceKey[minecraft:root / minecraft:item]
[09Jun2026 14:46:09.199] [main/DEBUG] [com.tterrag.registrate.AbstractRegistrate/REGISTRATE.REGISTER]: Registered create:waxed_copper_tile_slab to registry ResourceKey[minecraft:root / minecraft:item]
[09Jun2026 14:46:09.199] [main/DEBUG] [com.tterrag.registrate.AbstractRegistrate/REGISTRATE.REGISTER]: Registered create:waxed_exposed_copper_tile_slab to registry ResourceKey[minecraft:root / minecraft:item]
[09Jun2026 14:46:09.200] [main/DEBUG] [com.tterrag.registrate.AbstractRegistrate/REGISTRATE.REGISTER]: Registered create:waxed_weathered_copper_tile_slab to registry ResourceKey[minecraft:root / minecraft:item]
[09Jun2026 14:46:09.200] [main/DEBUG] [com.tterrag.registrate.AbstractRegistrate/REGISTRATE.REGISTER]: Registered create:waxed_oxidized_copper_tile_slab to registry ResourceKey[minecraft:root / minecraft:item]
[09Jun2026 14:46:09.200] [main/DEBUG] [com.tterrag.registrate.AbstractRegistrate/REGISTRATE.REGISTER]: Registered create:waxed_copper_tile_stairs to registry ResourceKey[minecraft:root / minecraft:item]
[09Jun2026 14:46:09.200] [main/DEBUG] [com.tterrag.registrate.AbstractRegistrate/REGISTRATE.REGISTER]: Registered create:waxed_exposed_copper_tile_stairs to registry ResourceKey[minecraft:root / minecraft:item]
[09Jun2026 14:46:09.200] [main/DEBUG] [com.tterrag.registrate.AbstractRegistrate/REGISTRATE.REGISTER]: Registered create:waxed_weathered_copper_tile_stairs to registry ResourceKey[minecraft:root / minecraft:item]
[09Jun2026 14:46:09.200] [main/DEBUG] [com.tterrag.registrate.AbstractRegistrate/REGISTRATE.REGISTER]: Registered create:waxed_oxidized_copper_tile_stairs to registry ResourceKey[minecraft:root / minecraft:item]
[09Jun2026 14:46:09.200] [main/DEBUG] [com.tterrag.registrate.AbstractRegistrate/REGISTRATE.REGISTER]: Registered create:honey_bucket to registry ResourceKey[minecraft:root / minecraft:item]
[09Jun2026 14:46:09.200] [main/DEBUG] [com.tterrag.registrate.AbstractRegistrate/REGISTRATE.REGISTER]: Registered create:chocolate_bucket to registry ResourceKey[minecraft:root / minecraft:item]
[09Jun2026 14:46:09.200] [main/DEBUG] [com.tterrag.registrate.AbstractRegistrate/REGISTRATE.REGISTER]: Registered create:tiled_glass to registry ResourceKey[minecraft:root / minecraft:item]
[09Jun2026 14:46:09.200] [main/DEBUG] [com.tterrag.registrate.AbstractRegistrate/REGISTRATE.REGISTER]: Registered create:framed_glass to registry ResourceKey[minecraft:root / minecraft:item]
[09Jun2026 14:46:09.200] [main/DEBUG] [com.tterrag.registrate.AbstractRegistrate/REGISTRATE.REGISTER]: Registered create:horizontal_framed_glass to registry ResourceKey[minecraft:root / minecraft:item]
[09Jun2026 14:46:09.200] [main/DEBUG] [com.tterrag.registrate.AbstractRegistrate/REGISTRATE.REGISTER]: Registered create:vertical_framed_glass to registry ResourceKey[minecraft:root / minecraft:item]
[09Jun2026 14:46:09.200] [main/DEBUG] [com.tterrag.registrate.AbstractRegistrate/REGISTRATE.REGISTER]: Registered create:tiled_glass_pane to registry ResourceKey[minecraft:root / minecraft:item]
[09Jun2026 14:46:09.200] [main/DEBUG] [com.tterrag.registrate.AbstractRegistrate/REGISTRATE.REGISTER]: Registered create:framed_glass_pane to registry ResourceKey[minecraft:root / minecraft:item]
[09Jun2026 14:46:09.200] [main/DEBUG] [com.tterrag.registrate.AbstractRegistrate/REGISTRATE.REGISTER]: Registered create:horizontal_framed_glass_pane to registry ResourceKey[minecraft:root / minecraft:item]
[09Jun2026 14:46:09.200] [main/DEBUG] [com.tterrag.registrate.AbstractRegistrate/REGISTRATE.REGISTER]: Registered create:vertical_framed_glass_pane to registry ResourceKey[minecraft:root / minecraft:item]
[09Jun2026 14:46:09.200] [main/DEBUG] [com.tterrag.registrate.AbstractRegistrate/REGISTRATE.REGISTER]: Registered create:oak_window to registry ResourceKey[minecraft:root / minecraft:item]
[09Jun2026 14:46:09.200] [main/DEBUG] [com.tterrag.registrate.AbstractRegistrate/REGISTRATE.REGISTER]: Registered create:spruce_window to registry ResourceKey[minecraft:root / minecraft:item]
[09Jun2026 14:46:09.200] [main/DEBUG] [com.tterrag.registrate.AbstractRegistrate/REGISTRATE.REGISTER]: Registered create:birch_window to registry ResourceKey[minecraft:root / minecraft:item]
[09Jun2026 14:46:09.200] [main/DEBUG] [com.tterrag.registrate.AbstractRegistrate/REGISTRATE.REGISTER]: Registered create:jungle_window to registry ResourceKey[minecraft:root / minecraft:item]
[09Jun2026 14:46:09.201] [main/DEBUG] [com.tterrag.registrate.AbstractRegistrate/REGISTRATE.REGISTER]: Registered create:acacia_window to registry ResourceKey[minecraft:root / minecraft:item]
[09Jun2026 14:46:09.201] [main/DEBUG] [com.tterrag.registrate.AbstractRegistrate/REGISTRATE.REGISTER]: Registered create:dark_oak_window to registry ResourceKey[minecraft:root / minecraft:item]
[09Jun2026 14:46:09.201] [main/DEBUG] [com.tterrag.registrate.AbstractRegistrate/REGISTRATE.REGISTER]: Registered create:mangrove_window to registry ResourceKey[minecraft:root / minecraft:item]
[09Jun2026 14:46:09.201] [main/DEBUG] [com.tterrag.registrate.AbstractRegistrate/REGISTRATE.REGISTER]: Registered create:crimson_window to registry ResourceKey[minecraft:root / minecraft:item]
[09Jun2026 14:46:09.201] [main/DEBUG] [com.tterrag.registrate.AbstractRegistrate/REGISTRATE.REGISTER]: Registered create:warped_window to registry ResourceKey[minecraft:root / minecraft:item]
[09Jun2026 14:46:09.201] [main/DEBUG] [com.tterrag.registrate.AbstractRegistrate/REGISTRATE.REGISTER]: Registered create:ornate_iron_window to registry ResourceKey[minecraft:root / minecraft:item]
[09Jun2026 14:46:09.201] [main/DEBUG] [com.tterrag.registrate.AbstractRegistrate/REGISTRATE.REGISTER]: Registered create:oak_window_pane to registry ResourceKey[minecraft:root / minecraft:item]
[09Jun2026 14:46:09.201] [main/DEBUG] [com.tterrag.registrate.AbstractRegistrate/REGISTRATE.REGISTER]: Registered create:spruce_window_pane to registry ResourceKey[minecraft:root / minecraft:item]
[09Jun2026 14:46:09.201] [main/DEBUG] [com.tterrag.registrate.AbstractRegistrate/REGISTRATE.REGISTER]: Registered create:birch_window_pane to registry ResourceKey[minecraft:root / minecraft:item]
[09Jun2026 14:46:09.201] [main/DEBUG] [com.tterrag.registrate.AbstractRegistrate/REGISTRATE.REGISTER]: Registered create:jungle_window_pane to registry ResourceKey[minecraft:root / minecraft:item]
[09Jun2026 14:46:09.201] [main/DEBUG] [com.tterrag.registrate.AbstractRegistrate/REGISTRATE.REGISTER]: Registered create:acacia_window_pane to registry ResourceKey[minecraft:root / minecraft:item]
[09Jun2026 14:46:09.201] [main/DEBUG] [com.tterrag.registrate.AbstractRegistrate/REGISTRATE.REGISTER]: Registered create:dark_oak_window_pane to registry ResourceKey[minecraft:root / minecraft:item]
[09Jun2026 14:46:09.201] [main/DEBUG] [com.tterrag.registrate.AbstractRegistrate/REGISTRATE.REGISTER]: Registered create:mangrove_window_pane to registry ResourceKey[minecraft:root / minecraft:item]
[09Jun2026 14:46:09.201] [main/DEBUG] [com.tterrag.registrate.AbstractRegistrate/REGISTRATE.REGISTER]: Registered create:crimson_window_pane to registry ResourceKey[minecraft:root / minecraft:item]
[09Jun2026 14:46:09.201] [main/DEBUG] [com.tterrag.registrate.AbstractRegistrate/REGISTRATE.REGISTER]: Registered create:warped_window_pane to registry ResourceKey[minecraft:root / minecraft:item]
[09Jun2026 14:46:09.201] [main/DEBUG] [com.tterrag.registrate.AbstractRegistrate/REGISTRATE.REGISTER]: Registered create:ornate_iron_window_pane to registry ResourceKey[minecraft:root / minecraft:item]
[09Jun2026 14:46:09.201] [main/DEBUG] [com.tterrag.registrate.AbstractRegistrate/REGISTRATE.REGISTER]: Registered create:cut_granite to registry ResourceKey[minecraft:root / minecraft:item]
[09Jun2026 14:46:09.201] [main/DEBUG] [com.tterrag.registrate.AbstractRegistrate/REGISTRATE.REGISTER]: Registered create:cut_granite_stairs to registry ResourceKey[minecraft:root / minecraft:item]
[09Jun2026 14:46:09.201] [main/DEBUG] [com.tterrag.registrate.AbstractRegistrate/REGISTRATE.REGISTER]: Registered create:cut_granite_slab to registry ResourceKey[minecraft:root / minecraft:item]
[09Jun2026 14:46:09.201] [main/DEBUG] [com.tterrag.registrate.AbstractRegistrate/REGISTRATE.REGISTER]: Registered create:cut_granite_wall to registry ResourceKey[minecraft:root / minecraft:item]
[09Jun2026 14:46:09.201] [main/DEBUG] [com.tterrag.registrate.AbstractRegistrate/REGISTRATE.REGISTER]: Registered create:polished_cut_granite to registry ResourceKey[minecraft:root / minecraft:item]
[09Jun2026 14:46:09.201] [main/DEBUG] [com.tterrag.registrate.AbstractRegistrate/REGISTRATE.REGISTER]: Registered create:polished_cut_granite_stairs to registry ResourceKey[minecraft:root / minecraft:item]
[09Jun2026 14:46:09.201] [main/DEBUG] [com.tterrag.registrate.AbstractRegistrate/REGISTRATE.REGISTER]: Registered create:polished_cut_granite_slab to registry ResourceKey[minecraft:root / minecraft:item]
[09Jun2026 14:46:09.201] [main/DEBUG] [com.tterrag.registrate.AbstractRegistrate/REGISTRATE.REGISTER]: Registered create:polished_cut_granite_wall to registry ResourceKey[minecraft:root / minecraft:item]
[09Jun2026 14:46:09.201] [main/DEBUG] [com.tterrag.registrate.AbstractRegistrate/REGISTRATE.REGISTER]: Registered create:cut_granite_bricks to registry ResourceKey[minecraft:root / minecraft:item]
[09Jun2026 14:46:09.201] [main/DEBUG] [com.tterrag.registrate.AbstractRegistrate/REGISTRATE.REGISTER]: Registered create:cut_granite_brick_stairs to registry ResourceKey[minecraft:root / minecraft:item]
[09Jun2026 14:46:09.201] [main/DEBUG] [com.tterrag.registrate.AbstractRegistrate/REGISTRATE.REGISTER]: Registered create:cut_granite_brick_slab to registry ResourceKey[minecraft:root / minecraft:item]
[09Jun2026 14:46:09.201] [main/DEBUG] [com.tterrag.registrate.AbstractRegistrate/REGISTRATE.REGISTER]: Registered create:cut_granite_brick_wall to registry ResourceKey[minecraft:root / minecraft:item]
[09Jun2026 14:46:09.201] [main/DEBUG] [com.tterrag.registrate.AbstractRegistrate/REGISTRATE.REGISTER]: Registered create:small_granite_bricks to registry ResourceKey[minecraft:root / minecraft:item]
[09Jun2026 14:46:09.201] [main/DEBUG] [com.tterrag.registrate.AbstractRegistrate/REGISTRATE.REGISTER]: Registered create:small_granite_brick_stairs to registry ResourceKey[minecraft:root / minecraft:item]
[09Jun2026 14:46:09.201] [main/DEBUG] [com.tterrag.registrate.AbstractRegistrate/REGISTRATE.REGISTER]: Registered create:small_granite_brick_slab to registry ResourceKey[minecraft:root / minecraft:item]
[09Jun2026 14:46:09.201] [main/DEBUG] [com.tterrag.registrate.AbstractRegistrate/REGISTRATE.REGISTER]: Registered create:small_granite_brick_wall to registry ResourceKey[minecraft:root / minecraft:item]
[09Jun2026 14:46:09.201] [main/DEBUG] [com.tterrag.registrate.AbstractRegistrate/REGISTRATE.REGISTER]: Registered create:layered_granite to registry ResourceKey[minecraft:root / minecraft:item]
[09Jun2026 14:46:09.201] [main/DEBUG] [com.tterrag.registrate.AbstractRegistrate/REGISTRATE.REGISTER]: Registered create:granite_pillar to registry ResourceKey[minecraft:root / minecraft:item]
[09Jun2026 14:46:09.201] [main/DEBUG] [com.tterrag.registrate.AbstractRegistrate/REGISTRATE.REGISTER]: Registered create:cut_diorite to registry ResourceKey[minecraft:root / minecraft:item]
[09Jun2026 14:46:09.202] [main/DEBUG] [com.tterrag.registrate.AbstractRegistrate/REGISTRATE.REGISTER]: Registered create:cut_diorite_stairs to registry ResourceKey[minecraft:root / minecraft:item]
[09Jun2026 14:46:09.202] [main/DEBUG] [com.tterrag.registrate.AbstractRegistrate/REGISTRATE.REGISTER]: Registered create:cut_diorite_slab to registry ResourceKey[minecraft:root / minecraft:item]
[09Jun2026 14:46:09.202] [main/DEBUG] [com.tterrag.registrate.AbstractRegistrate/REGISTRATE.REGISTER]: Registered create:cut_diorite_wall to registry ResourceKey[minecraft:root / minecraft:item]
[09Jun2026 14:46:09.202] [main/DEBUG] [com.tterrag.registrate.AbstractRegistrate/REGISTRATE.REGISTER]: Registered create:polished_cut_diorite to registry ResourceKey[minecraft:root / minecraft:item]
[09Jun2026 14:46:09.202] [main/DEBUG] [com.tterrag.registrate.AbstractRegistrate/REGISTRATE.REGISTER]: Registered create:polished_cut_diorite_stairs to registry ResourceKey[minecraft:root / minecraft:item]
[09Jun2026 14:46:09.202] [main/DEBUG] [com.tterrag.registrate.AbstractRegistrate/REGISTRATE.REGISTER]: Registered create:polished_cut_diorite_slab to registry ResourceKey[minecraft:root / minecraft:item]
[09Jun2026 14:46:09.202] [main/DEBUG] [com.tterrag.registrate.AbstractRegistrate/REGISTRATE.REGISTER]: Registered create:polished_cut_diorite_wall to registry ResourceKey[minecraft:root / minecraft:item]
[09Jun2026 14:46:09.202] [main/DEBUG] [com.tterrag.registrate.AbstractRegistrate/REGISTRATE.REGISTER]: Registered create:cut_diorite_bricks to registry ResourceKey[minecraft:root / minecraft:item]
[09Jun2026 14:46:09.202] [main/DEBUG] [com.tterrag.registrate.AbstractRegistrate/REGISTRATE.REGISTER]: Registered create:cut_diorite_brick_stairs to registry ResourceKey[minecraft:root / minecraft:item]
[09Jun2026 14:46:09.202] [main/DEBUG] [com.tterrag.registrate.AbstractRegistrate/REGISTRATE.REGISTER]: Registered create:cut_diorite_brick_slab to registry ResourceKey[minecraft:root / minecraft:item]
[09Jun2026 14:46:09.202] [main/DEBUG] [com.tterrag.registrate.AbstractRegistrate/REGISTRATE.REGISTER]: Registered create:cut_diorite_brick_wall to registry ResourceKey[minecraft:root / minecraft:item]
[09Jun2026 14:46:09.202] [main/DEBUG] [com.tterrag.registrate.AbstractRegistrate/REGISTRATE.REGISTER]: Registered create:small_diorite_bricks to registry ResourceKey[minecraft:root / minecraft:item]
[09Jun2026 14:46:09.202] [main/DEBUG] [com.tterrag.registrate.AbstractRegistrate/REGISTRATE.REGISTER]: Registered create:small_diorite_brick_stairs to registry ResourceKey[minecraft:root / minecraft:item]
[09Jun2026 14:46:09.202] [main/DEBUG] [com.tterrag.registrate.AbstractRegistrate/REGISTRATE.REGISTER]: Registered create:small_diorite_brick_slab to registry ResourceKey[minecraft:root / minecraft:item]
[09Jun2026 14:46:09.202] [main/DEBUG] [com.tterrag.registrate.AbstractRegistrate/REGISTRATE.REGISTER]: Registered create:small_diorite_brick_wall to registry ResourceKey[minecraft:root / minecraft:item]
[09Jun2026 14:46:09.202] [main/DEBUG] [com.tterrag.registrate.AbstractRegistrate/REGISTRATE.REGISTER]: Registered create:layered_diorite to registry ResourceKey[minecraft:root / minecraft:item]
[09Jun2026 14:46:09.202] [main/DEBUG] [com.tterrag.registrate.AbstractRegistrate/REGISTRATE.REGISTER]: Registered create:diorite_pillar to registry ResourceKey[minecraft:root / minecraft:item]
[09Jun2026 14:46:09.202] [main/DEBUG] [com.tterrag.registrate.AbstractRegistrate/REGISTRATE.REGISTER]: Registered create:cut_andesite to registry ResourceKey[minecraft:root / minecraft:item]
[09Jun2026 14:46:09.202] [main/DEBUG] [com.tterrag.registrate.AbstractRegistrate/REGISTRATE.REGISTER]: Registered create:cut_andesite_stairs to registry ResourceKey[minecraft:root / minecraft:item]
[09Jun2026 14:46:09.202] [main/DEBUG] [com.tterrag.registrate.AbstractRegistrate/REGISTRATE.REGISTER]: Registered create:cut_andesite_slab to registry ResourceKey[minecraft:root / minecraft:item]
[09Jun2026 14:46:09.202] [main/DEBUG] [com.tterrag.registrate.AbstractRegistrate/REGISTRATE.REGISTER]: Registered create:cut_andesite_wall to registry ResourceKey[minecraft:root / minecraft:item]
[09Jun2026 14:46:09.202] [main/DEBUG] [com.tterrag.registrate.AbstractRegistrate/REGISTRATE.REGISTER]: Registered create:polished_cut_andesite to registry ResourceKey[minecraft:root / minecraft:item]
[09Jun2026 14:46:09.202] [main/DEBUG] [com.tterrag.registrate.AbstractRegistrate/REGISTRATE.REGISTER]: Registered create:polished_cut_andesite_stairs to registry ResourceKey[minecraft:root / minecraft:item]
[09Jun2026 14:46:09.202] [main/DEBUG] [com.tterrag.registrate.AbstractRegistrate/REGISTRATE.REGISTER]: Registered create:polished_cut_andesite_slab to registry ResourceKey[minecraft:root / minecraft:item]
[09Jun2026 14:46:09.202] [main/DEBUG] [com.tterrag.registrate.AbstractRegistrate/REGISTRATE.REGISTER]: Registered create:polished_cut_andesite_wall to registry ResourceKey[minecraft:root / minecraft:item]
[09Jun2026 14:46:09.202] [main/DEBUG] [com.tterrag.registrate.AbstractRegistrate/REGISTRATE.REGISTER]: Registered create:cut_andesite_bricks to registry ResourceKey[minecraft:root / minecraft:item]
[09Jun2026 14:46:09.202] [main/DEBUG] [com.tterrag.registrate.AbstractRegistrate/REGISTRATE.REGISTER]: Registered create:cut_andesite_brick_stairs to registry ResourceKey[minecraft:root / minecraft:item]
[09Jun2026 14:46:09.202] [main/DEBUG] [com.tterrag.registrate.AbstractRegistrate/REGISTRATE.REGISTER]: Registered create:cut_andesite_brick_slab to registry ResourceKey[minecraft:root / minecraft:item]
[09Jun2026 14:46:09.202] [main/DEBUG] [com.tterrag.registrate.AbstractRegistrate/REGISTRATE.REGISTER]: Registered create:cut_andesite_brick_wall to registry ResourceKey[minecraft:root / minecraft:item]
[09Jun2026 14:46:09.202] [main/DEBUG] [com.tterrag.registrate.AbstractRegistrate/REGISTRATE.REGISTER]: Registered create:small_andesite_bricks to registry ResourceKey[minecraft:root / minecraft:item]
[09Jun2026 14:46:09.202] [main/DEBUG] [com.tterrag.registrate.AbstractRegistrate/REGISTRATE.REGISTER]: Registered create:small_andesite_brick_stairs to registry ResourceKey[minecraft:root / minecraft:item]
[09Jun2026 14:46:09.202] [main/DEBUG] [com.tterrag.registrate.AbstractRegistrate/REGISTRATE.REGISTER]: Registered create:small_andesite_brick_slab to registry ResourceKey[minecraft:root / minecraft:item]
[09Jun2026 14:46:09.203] [main/DEBUG] [com.tterrag.registrate.AbstractRegistrate/REGISTRATE.REGISTER]: Registered create:small_andesite_brick_wall to registry ResourceKey[minecraft:root / minecraft:item]
[09Jun2026 14:46:09.203] [main/DEBUG] [com.tterrag.registrate.AbstractRegistrate/REGISTRATE.REGISTER]: Registered create:layered_andesite to registry ResourceKey[minecraft:root / minecraft:item]
[09Jun2026 14:46:09.203] [main/DEBUG] [com.tterrag.registrate.AbstractRegistrate/REGISTRATE.REGISTER]: Registered create:andesite_pillar to registry ResourceKey[minecraft:root / minecraft:item]
[09Jun2026 14:46:09.203] [main/DEBUG] [com.tterrag.registrate.AbstractRegistrate/REGISTRATE.REGISTER]: Registered create:cut_calcite to registry ResourceKey[minecraft:root / minecraft:item]
[09Jun2026 14:46:09.203] [main/DEBUG] [com.tterrag.registrate.AbstractRegistrate/REGISTRATE.REGISTER]: Registered create:cut_calcite_stairs to registry ResourceKey[minecraft:root / minecraft:item]
[09Jun2026 14:46:09.203] [main/DEBUG] [com.tterrag.registrate.AbstractRegistrate/REGISTRATE.REGISTER]: Registered create:cut_calcite_slab to registry ResourceKey[minecraft:root / minecraft:item]
[09Jun2026 14:46:09.203] [main/DEBUG] [com.tterrag.registrate.AbstractRegistrate/REGISTRATE.REGISTER]: Registered create:cut_calcite_wall to registry ResourceKey[minecraft:root / minecraft:item]
[09Jun2026 14:46:09.203] [main/DEBUG] [com.tterrag.registrate.AbstractRegistrate/REGISTRATE.REGISTER]: Registered create:polished_cut_calcite to registry ResourceKey[minecraft:root / minecraft:item]
[09Jun2026 14:46:09.203] [main/DEBUG] [com.tterrag.registrate.AbstractRegistrate/REGISTRATE.REGISTER]: Registered create:polished_cut_calcite_stairs to registry ResourceKey[minecraft:root / minecraft:item]
[09Jun2026 14:46:09.203] [main/DEBUG] [com.tterrag.registrate.AbstractRegistrate/REGISTRATE.REGISTER]: Registered create:polished_cut_calcite_slab to registry ResourceKey[minecraft:root / minecraft:item]
[09Jun2026 14:46:09.203] [main/DEBUG] [com.tterrag.registrate.AbstractRegistrate/REGISTRATE.REGISTER]: Registered create:polished_cut_calcite_wall to registry ResourceKey[minecraft:root / minecraft:item]
[09Jun2026 14:46:09.203] [main/DEBUG] [com.tterrag.registrate.AbstractRegistrate/REGISTRATE.REGISTER]: Registered create:cut_calcite_bricks to registry ResourceKey[minecraft:root / minecraft:item]
[09Jun2026 14:46:09.203] [main/DEBUG] [com.tterrag.registrate.AbstractRegistrate/REGISTRATE.REGISTER]: Registered create:cut_calcite_brick_stairs to registry ResourceKey[minecraft:root / minecraft:item]
[09Jun2026 14:46:09.203] [main/DEBUG] [com.tterrag.registrate.AbstractRegistrate/REGISTRATE.REGISTER]: Registered create:cut_calcite_brick_slab to registry ResourceKey[minecraft:root / minecraft:item]
[09Jun2026 14:46:09.203] [main/DEBUG] [com.tterrag.registrate.AbstractRegistrate/REGISTRATE.REGISTER]: Registered create:cut_calcite_brick_wall to registry ResourceKey[minecraft:root / minecraft:item]
[09Jun2026 14:46:09.203] [main/DEBUG] [com.tterrag.registrate.AbstractRegistrate/REGISTRATE.REGISTER]: Registered create:small_calcite_bricks to registry ResourceKey[minecraft:root / minecraft:item]
[09Jun2026 14:46:09.203] [main/DEBUG] [com.tterrag.registrate.AbstractRegistrate/REGISTRATE.REGISTER]: Registered create:small_calcite_brick_stairs to registry ResourceKey[minecraft:root / minecraft:item]
[09Jun2026 14:46:09.203] [main/DEBUG] [com.tterrag.registrate.AbstractRegistrate/REGISTRATE.REGISTER]: Registered create:small_calcite_brick_slab to registry ResourceKey[minecraft:root / minecraft:item]
[09Jun2026 14:46:09.203] [main/DEBUG] [com.tterrag.registrate.AbstractRegistrate/REGISTRATE.REGISTER]: Registered create:small_calcite_brick_wall to registry ResourceKey[minecraft:root / minecraft:item]
[09Jun2026 14:46:09.203] [main/DEBUG] [com.tterrag.registrate.AbstractRegistrate/REGISTRATE.REGISTER]: Registered create:layered_calcite to registry ResourceKey[minecraft:root / minecraft:item]
[09Jun2026 14:46:09.203] [main/DEBUG] [com.tterrag.registrate.AbstractRegistrate/REGISTRATE.REGISTER]: Registered create:calcite_pillar to registry ResourceKey[minecraft:root / minecraft:item]
[09Jun2026 14:46:09.203] [main/DEBUG] [com.tterrag.registrate.AbstractRegistrate/REGISTRATE.REGISTER]: Registered create:cut_dripstone to registry ResourceKey[minecraft:root / minecraft:item]
[09Jun2026 14:46:09.203] [main/DEBUG] [com.tterrag.registrate.AbstractRegistrate/REGISTRATE.REGISTER]: Registered create:cut_dripstone_stairs to registry ResourceKey[minecraft:root / minecraft:item]
[09Jun2026 14:46:09.203] [main/DEBUG] [com.tterrag.registrate.AbstractRegistrate/REGISTRATE.REGISTER]: Registered create:cut_dripstone_slab to registry ResourceKey[minecraft:root / minecraft:item]
[09Jun2026 14:46:09.203] [main/DEBUG] [com.tterrag.registrate.AbstractRegistrate/REGISTRATE.REGISTER]: Registered create:cut_dripstone_wall to registry ResourceKey[minecraft:root / minecraft:item]
[09Jun2026 14:46:09.203] [main/DEBUG] [com.tterrag.registrate.AbstractRegistrate/REGISTRATE.REGISTER]: Registered create:polished_cut_dripstone to registry ResourceKey[minecraft:root / minecraft:item]
[09Jun2026 14:46:09.203] [main/DEBUG] [com.tterrag.registrate.AbstractRegistrate/REGISTRATE.REGISTER]: Registered create:polished_cut_dripstone_stairs to registry ResourceKey[minecraft:root / minecraft:item]
[09Jun2026 14:46:09.203] [main/DEBUG] [com.tterrag.registrate.AbstractRegistrate/REGISTRATE.REGISTER]: Registered create:polished_cut_dripstone_slab to registry ResourceKey[minecraft:root / minecraft:item]
[09Jun2026 14:46:09.203] [main/DEBUG] [com.tterrag.registrate.AbstractRegistrate/REGISTRATE.REGISTER]: Registered create:polished_cut_dripstone_wall to registry ResourceKey[minecraft:root / minecraft:item]
[09Jun2026 14:46:09.203] [main/DEBUG] [com.tterrag.registrate.AbstractRegistrate/REGISTRATE.REGISTER]: Registered create:cut_dripstone_bricks to registry ResourceKey[minecraft:root / minecraft:item]
[09Jun2026 14:46:09.203] [main/DEBUG] [com.tterrag.registrate.AbstractRegistrate/REGISTRATE.REGISTER]: Registered create:cut_dripstone_brick_stairs to registry ResourceKey[minecraft:root / minecraft:item]
[09Jun2026 14:46:09.203] [main/DEBUG] [com.tterrag.registrate.AbstractRegistrate/REGISTRATE.REGISTER]: Registered create:cut_dripstone_brick_slab to registry ResourceKey[minecraft:root / minecraft:item]
[09Jun2026 14:46:09.203] [main/DEBUG] [com.tterrag.registrate.AbstractRegistrate/REGISTRATE.REGISTER]: Registered create:cut_dripstone_brick_wall to registry ResourceKey[minecraft:root / minecraft:item]
[09Jun2026 14:46:09.204] [main/DEBUG] [com.tterrag.registrate.AbstractRegistrate/REGISTRATE.REGISTER]: Registered create:small_dripstone_bricks to registry ResourceKey[minecraft:root / minecraft:item]
[09Jun2026 14:46:09.204] [main/DEBUG] [com.tterrag.registrate.AbstractRegistrate/REGISTRATE.REGISTER]: Registered create:small_dripstone_brick_stairs to registry ResourceKey[minecraft:root / minecraft:item]
[09Jun2026 14:46:09.204] [main/DEBUG] [com.tterrag.registrate.AbstractRegistrate/REGISTRATE.REGISTER]: Registered create:small_dripstone_brick_slab to registry ResourceKey[minecraft:root / minecraft:item]
[09Jun2026 14:46:09.204] [main/DEBUG] [com.tterrag.registrate.AbstractRegistrate/REGISTRATE.REGISTER]: Registered create:small_dripstone_brick_wall to registry ResourceKey[minecraft:root / minecraft:item]
[09Jun2026 14:46:09.204] [main/DEBUG] [com.tterrag.registrate.AbstractRegistrate/REGISTRATE.REGISTER]: Registered create:layered_dripstone to registry ResourceKey[minecraft:root / minecraft:item]
[09Jun2026 14:46:09.204] [main/DEBUG] [com.tterrag.registrate.AbstractRegistrate/REGISTRATE.REGISTER]: Registered create:dripstone_pillar to registry ResourceKey[minecraft:root / minecraft:item]
[09Jun2026 14:46:09.204] [main/DEBUG] [com.tterrag.registrate.AbstractRegistrate/REGISTRATE.REGISTER]: Registered create:cut_deepslate to registry ResourceKey[minecraft:root / minecraft:item]
[09Jun2026 14:46:09.204] [main/DEBUG] [com.tterrag.registrate.AbstractRegistrate/REGISTRATE.REGISTER]: Registered create:cut_deepslate_stairs to registry ResourceKey[minecraft:root / minecraft:item]
[09Jun2026 14:46:09.204] [main/DEBUG] [com.tterrag.registrate.AbstractRegistrate/REGISTRATE.REGISTER]: Registered create:cut_deepslate_slab to registry ResourceKey[minecraft:root / minecraft:item]
[09Jun2026 14:46:09.204] [main/DEBUG] [com.tterrag.registrate.AbstractRegistrate/REGISTRATE.REGISTER]: Registered create:cut_deepslate_wall to registry ResourceKey[minecraft:root / minecraft:item]
[09Jun2026 14:46:09.204] [main/DEBUG] [com.tterrag.registrate.AbstractRegistrate/REGISTRATE.REGISTER]: Registered create:polished_cut_deepslate to registry ResourceKey[minecraft:root / minecraft:item]
[09Jun2026 14:46:09.204] [main/DEBUG] [com.tterrag.registrate.AbstractRegistrate/REGISTRATE.REGISTER]: Registered create:polished_cut_deepslate_stairs to registry ResourceKey[minecraft:root / minecraft:item]
[09Jun2026 14:46:09.204] [main/DEBUG] [com.tterrag.registrate.AbstractRegistrate/REGISTRATE.REGISTER]: Registered create:polished_cut_deepslate_slab to registry ResourceKey[minecraft:root / minecraft:item]
[09Jun2026 14:46:09.204] [main/DEBUG] [com.tterrag.registrate.AbstractRegistrate/REGISTRATE.REGISTER]: Registered create:polished_cut_deepslate_wall to registry ResourceKey[minecraft:root / minecraft:item]
[09Jun2026 14:46:09.204] [main/DEBUG] [com.tterrag.registrate.AbstractRegistrate/REGISTRATE.REGISTER]: Registered create:cut_deepslate_bricks to registry ResourceKey[minecraft:root / minecraft:item]
[09Jun2026 14:46:09.204] [main/DEBUG] [com.tterrag.registrate.AbstractRegistrate/REGISTRATE.REGISTER]: Registered create:cut_deepslate_brick_stairs to registry ResourceKey[minecraft:root / minecraft:item]
[09Jun2026 14:46:09.204] [main/DEBUG] [com.tterrag.registrate.AbstractRegistrate/REGISTRATE.REGISTER]: Registered create:cut_deepslate_brick_slab to registry ResourceKey[minecraft:root / minecraft:item]
[09Jun2026 14:46:09.204] [main/DEBUG] [com.tterrag.registrate.AbstractRegistrate/REGISTRATE.REGISTER]: Registered create:cut_deepslate_brick_wall to registry ResourceKey[minecraft:root / minecraft:item]
[09Jun2026 14:46:09.204] [main/DEBUG] [com.tterrag.registrate.AbstractRegistrate/REGISTRATE.REGISTER]: Registered create:small_deepslate_bricks to registry ResourceKey[minecraft:root / minecraft:item]
[09Jun2026 14:46:09.204] [main/DEBUG] [com.tterrag.registrate.AbstractRegistrate/REGISTRATE.REGISTER]: Registered create:small_deepslate_brick_stairs to registry ResourceKey[minecraft:root / minecraft:item]
[09Jun2026 14:46:09.204] [main/DEBUG] [com.tterrag.registrate.AbstractRegistrate/REGISTRATE.REGISTER]: Registered create:small_deepslate_brick_slab to registry ResourceKey[minecraft:root / minecraft:item]
[09Jun2026 14:46:09.204] [main/DEBUG] [com.tterrag.registrate.AbstractRegistrate/REGISTRATE.REGISTER]: Registered create:small_deepslate_brick_wall to registry ResourceKey[minecraft:root / minecraft:item]
[09Jun2026 14:46:09.204] [main/DEBUG] [com.tterrag.registrate.AbstractRegistrate/REGISTRATE.REGISTER]: Registered create:layered_deepslate to registry ResourceKey[minecraft:root / minecraft:item]
[09Jun2026 14:46:09.204] [main/DEBUG] [com.tterrag.registrate.AbstractRegistrate/REGISTRATE.REGISTER]: Registered create:deepslate_pillar to registry ResourceKey[minecraft:root / minecraft:item]
[09Jun2026 14:46:09.204] [main/DEBUG] [com.tterrag.registrate.AbstractRegistrate/REGISTRATE.REGISTER]: Registered create:cut_tuff to registry ResourceKey[minecraft:root / minecraft:item]
[09Jun2026 14:46:09.204] [main/DEBUG] [com.tterrag.registrate.AbstractRegistrate/REGISTRATE.REGISTER]: Registered create:cut_tuff_stairs to registry ResourceKey[minecraft:root / minecraft:item]
[09Jun2026 14:46:09.204] [main/DEBUG] [com.tterrag.registrate.AbstractRegistrate/REGISTRATE.REGISTER]: Registered create:cut_tuff_slab to registry ResourceKey[minecraft:root / minecraft:item]
[09Jun2026 14:46:09.204] [main/DEBUG] [com.tterrag.registrate.AbstractRegistrate/REGISTRATE.REGISTER]: Registered create:cut_tuff_wall to registry ResourceKey[minecraft:root / minecraft:item]
[09Jun2026 14:46:09.204] [main/DEBUG] [com.tterrag.registrate.AbstractRegistrate/REGISTRATE.REGISTER]: Registered create:polished_cut_tuff to registry ResourceKey[minecraft:root / minecraft:item]
[09Jun2026 14:46:09.204] [main/DEBUG] [com.tterrag.registrate.AbstractRegistrate/REGISTRATE.REGISTER]: Registered create:polished_cut_tuff_stairs to registry ResourceKey[minecraft:root / minecraft:item]
[09Jun2026 14:46:09.204] [main/DEBUG] [com.tterrag.registrate.AbstractRegistrate/REGISTRATE.REGISTER]: Registered create:polished_cut_tuff_slab to registry ResourceKey[minecraft:root / minecraft:item]
[09Jun2026 14:46:09.204] [main/DEBUG] [com.tterrag.registrate.AbstractRegistrate/REGISTRATE.REGISTER]: Registered create:polished_cut_tuff_wall to registry ResourceKey[minecraft:root / minecraft:item]
[09Jun2026 14:46:09.204] [main/DEBUG] [com.tterrag.registrate.AbstractRegistrate/REGISTRATE.REGISTER]: Registered create:cut_tuff_bricks to registry ResourceKey[minecraft:root / minecraft:item]
[09Jun2026 14:46:09.205] [main/DEBUG] [com.tterrag.registrate.AbstractRegistrate/REGISTRATE.REGISTER]: Registered create:cut_tuff_brick_stairs to registry ResourceKey[minecraft:root / minecraft:item]
[09Jun2026 14:46:09.205] [main/DEBUG] [com.tterrag.registrate.AbstractRegistrate/REGISTRATE.REGISTER]: Registered create:cut_tuff_brick_slab to registry ResourceKey[minecraft:root / minecraft:item]
[09Jun2026 14:46:09.205] [main/DEBUG] [com.tterrag.registrate.AbstractRegistrate/REGISTRATE.REGISTER]: Registered create:cut_tuff_brick_wall to registry ResourceKey[minecraft:root / minecraft:item]
[09Jun2026 14:46:09.205] [main/DEBUG] [com.tterrag.registrate.AbstractRegistrate/REGISTRATE.REGISTER]: Registered create:small_tuff_bricks to registry ResourceKey[minecraft:root / minecraft:item]
[09Jun2026 14:46:09.205] [main/DEBUG] [com.tterrag.registrate.AbstractRegistrate/REGISTRATE.REGISTER]: Registered create:small_tuff_brick_stairs to registry ResourceKey[minecraft:root / minecraft:item]
[09Jun2026 14:46:09.205] [main/DEBUG] [com.tterrag.registrate.AbstractRegistrate/REGISTRATE.REGISTER]: Registered create:small_tuff_brick_slab to registry ResourceKey[minecraft:root / minecraft:item]
[09Jun2026 14:46:09.205] [main/DEBUG] [com.tterrag.registrate.AbstractRegistrate/REGISTRATE.REGISTER]: Registered create:small_tuff_brick_wall to registry ResourceKey[minecraft:root / minecraft:item]
[09Jun2026 14:46:09.205] [main/DEBUG] [com.tterrag.registrate.AbstractRegistrate/REGISTRATE.REGISTER]: Registered create:layered_tuff to registry ResourceKey[minecraft:root / minecraft:item]
[09Jun2026 14:46:09.205] [main/DEBUG] [com.tterrag.registrate.AbstractRegistrate/REGISTRATE.REGISTER]: Registered create:tuff_pillar to registry ResourceKey[minecraft:root / minecraft:item]
[09Jun2026 14:46:09.205] [main/DEBUG] [com.tterrag.registrate.AbstractRegistrate/REGISTRATE.REGISTER]: Registered create:asurine to registry ResourceKey[minecraft:root / minecraft:item]
[09Jun2026 14:46:09.205] [main/DEBUG] [com.tterrag.registrate.AbstractRegistrate/REGISTRATE.REGISTER]: Registered create:cut_asurine to registry ResourceKey[minecraft:root / minecraft:item]
[09Jun2026 14:46:09.205] [main/DEBUG] [com.tterrag.registrate.AbstractRegistrate/REGISTRATE.REGISTER]: Registered create:cut_asurine_stairs to registry ResourceKey[minecraft:root / minecraft:item]
[09Jun2026 14:46:09.205] [main/DEBUG] [com.tterrag.registrate.AbstractRegistrate/REGISTRATE.REGISTER]: Registered create:cut_asurine_slab to registry ResourceKey[minecraft:root / minecraft:item]
[09Jun2026 14:46:09.205] [main/DEBUG] [com.tterrag.registrate.AbstractRegistrate/REGISTRATE.REGISTER]: Registered create:cut_asurine_wall to registry ResourceKey[minecraft:root / minecraft:item]
[09Jun2026 14:46:09.205] [main/DEBUG] [com.tterrag.registrate.AbstractRegistrate/REGISTRATE.REGISTER]: Registered create:polished_cut_asurine to registry ResourceKey[minecraft:root / minecraft:item]
[09Jun2026 14:46:09.205] [main/DEBUG] [com.tterrag.registrate.AbstractRegistrate/REGISTRATE.REGISTER]: Registered create:polished_cut_asurine_stairs to registry ResourceKey[minecraft:root / minecraft:item]
[09Jun2026 14:46:09.205] [main/DEBUG] [com.tterrag.registrate.AbstractRegistrate/REGISTRATE.REGISTER]: Registered create:polished_cut_asurine_slab to registry ResourceKey[minecraft:root / minecraft:item]
[09Jun2026 14:46:09.205] [main/DEBUG] [com.tterrag.registrate.AbstractRegistrate/REGISTRATE.REGISTER]: Registered create:polished_cut_asurine_wall to registry ResourceKey[minecraft:root / minecraft:item]
[09Jun2026 14:46:09.205] [main/DEBUG] [com.tterrag.registrate.AbstractRegistrate/REGISTRATE.REGISTER]: Registered create:cut_asurine_bricks to registry ResourceKey[minecraft:root / minecraft:item]
[09Jun2026 14:46:09.205] [main/DEBUG] [com.tterrag.registrate.AbstractRegistrate/REGISTRATE.REGISTER]: Registered create:cut_asurine_brick_stairs to registry ResourceKey[minecraft:root / minecraft:item]
[09Jun2026 14:46:09.205] [main/DEBUG] [com.tterrag.registrate.AbstractRegistrate/REGISTRATE.REGISTER]: Registered create:cut_asurine_brick_slab to registry ResourceKey[minecraft:root / minecraft:item]
[09Jun2026 14:46:09.205] [main/DEBUG] [com.tterrag.registrate.AbstractRegistrate/REGISTRATE.REGISTER]: Registered create:cut_asurine_brick_wall to registry ResourceKey[minecraft:root / minecraft:item]
[09Jun2026 14:46:09.205] [main/DEBUG] [com.tterrag.registrate.AbstractRegistrate/REGISTRATE.REGISTER]: Registered create:small_asurine_bricks to registry ResourceKey[minecraft:root / minecraft:item]
[09Jun2026 14:46:09.205] [main/DEBUG] [com.tterrag.registrate.AbstractRegistrate/REGISTRATE.REGISTER]: Registered create:small_asurine_brick_stairs to registry ResourceKey[minecraft:root / minecraft:item]
[09Jun2026 14:46:09.205] [main/DEBUG] [com.tterrag.registrate.AbstractRegistrate/REGISTRATE.REGISTER]: Registered create:small_asurine_brick_slab to registry ResourceKey[minecraft:root / minecraft:item]
[09Jun2026 14:46:09.205] [main/DEBUG] [com.tterrag.registrate.AbstractRegistrate/REGISTRATE.REGISTER]: Registered create:small_asurine_brick_wall to registry ResourceKey[minecraft:root / minecraft:item]
[09Jun2026 14:46:09.205] [main/DEBUG] [com.tterrag.registrate.AbstractRegistrate/REGISTRATE.REGISTER]: Registered create:layered_asurine to registry ResourceKey[minecraft:root / minecraft:item]
[09Jun2026 14:46:09.205] [main/DEBUG] [com.tterrag.registrate.AbstractRegistrate/REGISTRATE.REGISTER]: Registered create:asurine_pillar to registry ResourceKey[minecraft:root / minecraft:item]
[09Jun2026 14:46:09.205] [main/DEBUG] [com.tterrag.registrate.AbstractRegistrate/REGISTRATE.REGISTER]: Registered create:crimsite to registry ResourceKey[minecraft:root / minecraft:item]
[09Jun2026 14:46:09.205] [main/DEBUG] [com.tterrag.registrate.AbstractRegistrate/REGISTRATE.REGISTER]: Registered create:cut_crimsite to registry ResourceKey[minecraft:root / minecraft:item]
[09Jun2026 14:46:09.205] [main/DEBUG] [com.tterrag.registrate.AbstractRegistrate/REGISTRATE.REGISTER]: Registered create:cut_crimsite_stairs to registry ResourceKey[minecraft:root / minecraft:item]
[09Jun2026 14:46:09.205] [main/DEBUG] [com.tterrag.registrate.AbstractRegistrate/REGISTRATE.REGISTER]: Registered create:cut_crimsite_slab to registry ResourceKey[minecraft:root / minecraft:item]
[09Jun2026 14:46:09.205] [main/DEBUG] [com.tterrag.registrate.AbstractRegistrate/REGISTRATE.REGISTER]: Registered create:cut_crimsite_wall to registry ResourceKey[minecraft:root / minecraft:item]
[09Jun2026 14:46:09.205] [main/DEBUG] [com.tterrag.registrate.AbstractRegistrate/REGISTRATE.REGISTER]: Registered create:polished_cut_crimsite to registry ResourceKey[minecraft:root / minecraft:item]
[09Jun2026 14:46:09.205] [main/DEBUG] [com.tterrag.registrate.AbstractRegistrate/REGISTRATE.REGISTER]: Registered create:polished_cut_crimsite_stairs to registry ResourceKey[minecraft:root / minecraft:item]
[09Jun2026 14:46:09.205] [main/DEBUG] [com.tterrag.registrate.AbstractRegistrate/REGISTRATE.REGISTER]: Registered create:polished_cut_crimsite_slab to registry ResourceKey[minecraft:root / minecraft:item]
[09Jun2026 14:46:09.206] [main/DEBUG] [com.tterrag.registrate.AbstractRegistrate/REGISTRATE.REGISTER]: Registered create:polished_cut_crimsite_wall to registry ResourceKey[minecraft:root / minecraft:item]
[09Jun2026 14:46:09.206] [main/DEBUG] [com.tterrag.registrate.AbstractRegistrate/REGISTRATE.REGISTER]: Registered create:cut_crimsite_bricks to registry ResourceKey[minecraft:root / minecraft:item]
[09Jun2026 14:46:09.206] [main/DEBUG] [com.tterrag.registrate.AbstractRegistrate/REGISTRATE.REGISTER]: Registered create:cut_crimsite_brick_stairs to registry ResourceKey[minecraft:root / minecraft:item]
[09Jun2026 14:46:09.206] [main/DEBUG] [com.tterrag.registrate.AbstractRegistrate/REGISTRATE.REGISTER]: Registered create:cut_crimsite_brick_slab to registry ResourceKey[minecraft:root / minecraft:item]
[09Jun2026 14:46:09.206] [main/DEBUG] [com.tterrag.registrate.AbstractRegistrate/REGISTRATE.REGISTER]: Registered create:cut_crimsite_brick_wall to registry ResourceKey[minecraft:root / minecraft:item]
[09Jun2026 14:46:09.206] [main/DEBUG] [com.tterrag.registrate.AbstractRegistrate/REGISTRATE.REGISTER]: Registered create:small_crimsite_bricks to registry ResourceKey[minecraft:root / minecraft:item]
[09Jun2026 14:46:09.206] [main/DEBUG] [com.tterrag.registrate.AbstractRegistrate/REGISTRATE.REGISTER]: Registered create:small_crimsite_brick_stairs to registry ResourceKey[minecraft:root / minecraft:item]
[09Jun2026 14:46:09.206] [main/DEBUG] [com.tterrag.registrate.AbstractRegistrate/REGISTRATE.REGISTER]: Registered create:small_crimsite_brick_slab to registry ResourceKey[minecraft:root / minecraft:item]
[09Jun2026 14:46:09.206] [main/DEBUG] [com.tterrag.registrate.AbstractRegistrate/REGISTRATE.REGISTER]: Registered create:small_crimsite_brick_wall to registry ResourceKey[minecraft:root / minecraft:item]
[09Jun2026 14:46:09.206] [main/DEBUG] [com.tterrag.registrate.AbstractRegistrate/REGISTRATE.REGISTER]: Registered create:layered_crimsite to registry ResourceKey[minecraft:root / minecraft:item]
[09Jun2026 14:46:09.206] [main/DEBUG] [com.tterrag.registrate.AbstractRegistrate/REGISTRATE.REGISTER]: Registered create:crimsite_pillar to registry ResourceKey[minecraft:root / minecraft:item]
[09Jun2026 14:46:09.206] [main/DEBUG] [com.tterrag.registrate.AbstractRegistrate/REGISTRATE.REGISTER]: Registered create:limestone to registry ResourceKey[minecraft:root / minecraft:item]
[09Jun2026 14:46:09.206] [main/DEBUG] [com.tterrag.registrate.AbstractRegistrate/REGISTRATE.REGISTER]: Registered create:cut_limestone to registry ResourceKey[minecraft:root / minecraft:item]
[09Jun2026 14:46:09.206] [main/DEBUG] [com.tterrag.registrate.AbstractRegistrate/REGISTRATE.REGISTER]: Registered create:cut_limestone_stairs to registry ResourceKey[minecraft:root / minecraft:item]
[09Jun2026 14:46:09.206] [main/DEBUG] [com.tterrag.registrate.AbstractRegistrate/REGISTRATE.REGISTER]: Registered create:cut_limestone_slab to registry ResourceKey[minecraft:root / minecraft:item]
[09Jun2026 14:46:09.206] [main/DEBUG] [com.tterrag.registrate.AbstractRegistrate/REGISTRATE.REGISTER]: Registered create:cut_limestone_wall to registry ResourceKey[minecraft:root / minecraft:item]
[09Jun2026 14:46:09.206] [main/DEBUG] [com.tterrag.registrate.AbstractRegistrate/REGISTRATE.REGISTER]: Registered create:polished_cut_limestone to registry ResourceKey[minecraft:root / minecraft:item]
[09Jun2026 14:46:09.206] [main/DEBUG] [com.tterrag.registrate.AbstractRegistrate/REGISTRATE.REGISTER]: Registered create:polished_cut_limestone_stairs to registry ResourceKey[minecraft:root / minecraft:item]
[09Jun2026 14:46:09.206] [main/DEBUG] [com.tterrag.registrate.AbstractRegistrate/REGISTRATE.REGISTER]: Registered create:polished_cut_limestone_slab to registry ResourceKey[minecraft:root / minecraft:item]
[09Jun2026 14:46:09.206] [main/DEBUG] [com.tterrag.registrate.AbstractRegistrate/REGISTRATE.REGISTER]: Registered create:polished_cut_limestone_wall to registry ResourceKey[minecraft:root / minecraft:item]
[09Jun2026 14:46:09.206] [main/DEBUG] [com.tterrag.registrate.AbstractRegistrate/REGISTRATE.REGISTER]: Registered create:cut_limestone_bricks to registry ResourceKey[minecraft:root / minecraft:item]
[09Jun2026 14:46:09.206] [main/DEBUG] [com.tterrag.registrate.AbstractRegistrate/REGISTRATE.REGISTER]: Registered create:cut_limestone_brick_stairs to registry ResourceKey[minecraft:root / minecraft:item]
[09Jun2026 14:46:09.206] [main/DEBUG] [com.tterrag.registrate.AbstractRegistrate/REGISTRATE.REGISTER]: Registered create:cut_limestone_brick_slab to registry ResourceKey[minecraft:root / minecraft:item]
[09Jun2026 14:46:09.206] [main/DEBUG] [com.tterrag.registrate.AbstractRegistrate/REGISTRATE.REGISTER]: Registered create:cut_limestone_brick_wall to registry ResourceKey[minecraft:root / minecraft:item]
[09Jun2026 14:46:09.206] [main/DEBUG] [com.tterrag.registrate.AbstractRegistrate/REGISTRATE.REGISTER]: Registered create:small_limestone_bricks to registry ResourceKey[minecraft:root / minecraft:item]
[09Jun2026 14:46:09.206] [main/DEBUG] [com.tterrag.registrate.AbstractRegistrate/REGISTRATE.REGISTER]: Registered create:small_limestone_brick_stairs to registry ResourceKey[minecraft:root / minecraft:item]
[09Jun2026 14:46:09.206] [main/DEBUG] [com.tterrag.registrate.AbstractRegistrate/REGISTRATE.REGISTER]: Registered create:small_limestone_brick_slab to registry ResourceKey[minecraft:root / minecraft:item]
[09Jun2026 14:46:09.206] [main/DEBUG] [com.tterrag.registrate.AbstractRegistrate/REGISTRATE.REGISTER]: Registered create:small_limestone_brick_wall to registry ResourceKey[minecraft:root / minecraft:item]
[09Jun2026 14:46:09.206] [main/DEBUG] [com.tterrag.registrate.AbstractRegistrate/REGISTRATE.REGISTER]: Registered create:layered_limestone to registry ResourceKey[minecraft:root / minecraft:item]
[09Jun2026 14:46:09.206] [main/DEBUG] [com.tterrag.registrate.AbstractRegistrate/REGISTRATE.REGISTER]: Registered create:limestone_pillar to registry ResourceKey[minecraft:root / minecraft:item]
[09Jun2026 14:46:09.206] [main/DEBUG] [com.tterrag.registrate.AbstractRegistrate/REGISTRATE.REGISTER]: Registered create:ochrum to registry ResourceKey[minecraft:root / minecraft:item]
[09Jun2026 14:46:09.206] [main/DEBUG] [com.tterrag.registrate.AbstractRegistrate/REGISTRATE.REGISTER]: Registered create:cut_ochrum to registry ResourceKey[minecraft:root / minecraft:item]
[09Jun2026 14:46:09.206] [main/DEBUG] [com.tterrag.registrate.AbstractRegistrate/REGISTRATE.REGISTER]: Registered create:cut_ochrum_stairs to registry ResourceKey[minecraft:root / minecraft:item]
[09Jun2026 14:46:09.206] [main/DEBUG] [com.tterrag.registrate.AbstractRegistrate/REGISTRATE.REGISTER]: Registered create:cut_ochrum_slab to registry ResourceKey[minecraft:root / minecraft:item]
[09Jun2026 14:46:09.206] [main/DEBUG] [com.tterrag.registrate.AbstractRegistrate/REGISTRATE.REGISTER]: Registered create:cut_ochrum_wall to registry ResourceKey[minecraft:root / minecraft:item]
[09Jun2026 14:46:09.206] [main/DEBUG] [com.tterrag.registrate.AbstractRegistrate/REGISTRATE.REGISTER]: Registered create:polished_cut_ochrum to registry ResourceKey[minecraft:root / minecraft:item]
[09Jun2026 14:46:09.207] [main/DEBUG] [com.tterrag.registrate.AbstractRegistrate/REGISTRATE.REGISTER]: Registered create:polished_cut_ochrum_stairs to registry ResourceKey[minecraft:root / minecraft:item]
[09Jun2026 14:46:09.207] [main/DEBUG] [com.tterrag.registrate.AbstractRegistrate/REGISTRATE.REGISTER]: Registered create:polished_cut_ochrum_slab to registry ResourceKey[minecraft:root / minecraft:item]
[09Jun2026 14:46:09.207] [main/DEBUG] [com.tterrag.registrate.AbstractRegistrate/REGISTRATE.REGISTER]: Registered create:polished_cut_ochrum_wall to registry ResourceKey[minecraft:root / minecraft:item]
[09Jun2026 14:46:09.207] [main/DEBUG] [com.tterrag.registrate.AbstractRegistrate/REGISTRATE.REGISTER]: Registered create:cut_ochrum_bricks to registry ResourceKey[minecraft:root / minecraft:item]
[09Jun2026 14:46:09.207] [main/DEBUG] [com.tterrag.registrate.AbstractRegistrate/REGISTRATE.REGISTER]: Registered create:cut_ochrum_brick_stairs to registry ResourceKey[minecraft:root / minecraft:item]
[09Jun2026 14:46:09.207] [main/DEBUG] [com.tterrag.registrate.AbstractRegistrate/REGISTRATE.REGISTER]: Registered create:cut_ochrum_brick_slab to registry ResourceKey[minecraft:root / minecraft:item]
[09Jun2026 14:46:09.207] [main/DEBUG] [com.tterrag.registrate.AbstractRegistrate/REGISTRATE.REGISTER]: Registered create:cut_ochrum_brick_wall to registry ResourceKey[minecraft:root / minecraft:item]
[09Jun2026 14:46:09.207] [main/DEBUG] [com.tterrag.registrate.AbstractRegistrate/REGISTRATE.REGISTER]: Registered create:small_ochrum_bricks to registry ResourceKey[minecraft:root / minecraft:item]
[09Jun2026 14:46:09.207] [main/DEBUG] [com.tterrag.registrate.AbstractRegistrate/REGISTRATE.REGISTER]: Registered create:small_ochrum_brick_stairs to registry ResourceKey[minecraft:root / minecraft:item]
[09Jun2026 14:46:09.207] [main/DEBUG] [com.tterrag.registrate.AbstractRegistrate/REGISTRATE.REGISTER]: Registered create:small_ochrum_brick_slab to registry ResourceKey[minecraft:root / minecraft:item]
[09Jun2026 14:46:09.207] [main/DEBUG] [com.tterrag.registrate.AbstractRegistrate/REGISTRATE.REGISTER]: Registered create:small_ochrum_brick_wall to registry ResourceKey[minecraft:root / minecraft:item]
[09Jun2026 14:46:09.207] [main/DEBUG] [com.tterrag.registrate.AbstractRegistrate/REGISTRATE.REGISTER]: Registered create:layered_ochrum to registry ResourceKey[minecraft:root / minecraft:item]
[09Jun2026 14:46:09.207] [main/DEBUG] [com.tterrag.registrate.AbstractRegistrate/REGISTRATE.REGISTER]: Registered create:ochrum_pillar to registry ResourceKey[minecraft:root / minecraft:item]
[09Jun2026 14:46:09.207] [main/DEBUG] [com.tterrag.registrate.AbstractRegistrate/REGISTRATE.REGISTER]: Registered create:scoria to registry ResourceKey[minecraft:root / minecraft:item]
[09Jun2026 14:46:09.207] [main/DEBUG] [com.tterrag.registrate.AbstractRegistrate/REGISTRATE.REGISTER]: Registered create:cut_scoria to registry ResourceKey[minecraft:root / minecraft:item]
[09Jun2026 14:46:09.207] [main/DEBUG] [com.tterrag.registrate.AbstractRegistrate/REGISTRATE.REGISTER]: Registered create:cut_scoria_stairs to registry ResourceKey[minecraft:root / minecraft:item]
[09Jun2026 14:46:09.207] [main/DEBUG] [com.tterrag.registrate.AbstractRegistrate/REGISTRATE.REGISTER]: Registered create:cut_scoria_slab to registry ResourceKey[minecraft:root / minecraft:item]
[09Jun2026 14:46:09.207] [main/DEBUG] [com.tterrag.registrate.AbstractRegistrate/REGISTRATE.REGISTER]: Registered create:cut_scoria_wall to registry ResourceKey[minecraft:root / minecraft:item]
[09Jun2026 14:46:09.207] [main/DEBUG] [com.tterrag.registrate.AbstractRegistrate/REGISTRATE.REGISTER]: Registered create:polished_cut_scoria to registry ResourceKey[minecraft:root / minecraft:item]
[09Jun2026 14:46:09.207] [main/DEBUG] [com.tterrag.registrate.AbstractRegistrate/REGISTRATE.REGISTER]: Registered create:polished_cut_scoria_stairs to registry ResourceKey[minecraft:root / minecraft:item]
[09Jun2026 14:46:09.207] [main/DEBUG] [com.tterrag.registrate.AbstractRegistrate/REGISTRATE.REGISTER]: Registered create:polished_cut_scoria_slab to registry ResourceKey[minecraft:root / minecraft:item]
[09Jun2026 14:46:09.207] [main/DEBUG] [com.tterrag.registrate.AbstractRegistrate/REGISTRATE.REGISTER]: Registered create:polished_cut_scoria_wall to registry ResourceKey[minecraft:root / minecraft:item]
[09Jun2026 14:46:09.207] [main/DEBUG] [com.tterrag.registrate.AbstractRegistrate/REGISTRATE.REGISTER]: Registered create:cut_scoria_bricks to registry ResourceKey[minecraft:root / minecraft:item]
[09Jun2026 14:46:09.207] [main/DEBUG] [com.tterrag.registrate.AbstractRegistrate/REGISTRATE.REGISTER]: Registered create:cut_scoria_brick_stairs to registry ResourceKey[minecraft:root / minecraft:item]
[09Jun2026 14:46:09.207] [main/DEBUG] [com.tterrag.registrate.AbstractRegistrate/REGISTRATE.REGISTER]: Registered create:cut_scoria_brick_slab to registry ResourceKey[minecraft:root / minecraft:item]
[09Jun2026 14:46:09.207] [main/DEBUG] [com.tterrag.registrate.AbstractRegistrate/REGISTRATE.REGISTER]: Registered create:cut_scoria_brick_wall to registry ResourceKey[minecraft:root / minecraft:item]
[09Jun2026 14:46:09.207] [main/DEBUG] [com.tterrag.registrate.AbstractRegistrate/REGISTRATE.REGISTER]: Registered create:small_scoria_bricks to registry ResourceKey[minecraft:root / minecraft:item]
[09Jun2026 14:46:09.207] [main/DEBUG] [com.tterrag.registrate.AbstractRegistrate/REGISTRATE.REGISTER]: Registered create:small_scoria_brick_stairs to registry ResourceKey[minecraft:root / minecraft:item]
[09Jun2026 14:46:09.207] [main/DEBUG] [com.tterrag.registrate.AbstractRegistrate/REGISTRATE.REGISTER]: Registered create:small_scoria_brick_slab to registry ResourceKey[minecraft:root / minecraft:item]
[09Jun2026 14:46:09.207] [main/DEBUG] [com.tterrag.registrate.AbstractRegistrate/REGISTRATE.REGISTER]: Registered create:small_scoria_brick_wall to registry ResourceKey[minecraft:root / minecraft:item]
[09Jun2026 14:46:09.207] [main/DEBUG] [com.tterrag.registrate.AbstractRegistrate/REGISTRATE.REGISTER]: Registered create:layered_scoria to registry ResourceKey[minecraft:root / minecraft:item]
[09Jun2026 14:46:09.207] [main/DEBUG] [com.tterrag.registrate.AbstractRegistrate/REGISTRATE.REGISTER]: Registered create:scoria_pillar to registry ResourceKey[minecraft:root / minecraft:item]
[09Jun2026 14:46:09.207] [main/DEBUG] [com.tterrag.registrate.AbstractRegistrate/REGISTRATE.REGISTER]: Registered create:scorchia to registry ResourceKey[minecraft:root / minecraft:item]
[09Jun2026 14:46:09.207] [main/DEBUG] [com.tterrag.registrate.AbstractRegistrate/REGISTRATE.REGISTER]: Registered create:cut_scorchia to registry ResourceKey[minecraft:root / minecraft:item]
[09Jun2026 14:46:09.207] [main/DEBUG] [com.tterrag.registrate.AbstractRegistrate/REGISTRATE.REGISTER]: Registered create:cut_scorchia_stairs to registry ResourceKey[minecraft:root / minecraft:item]
[09Jun2026 14:46:09.207] [main/DEBUG] [com.tterrag.registrate.AbstractRegistrate/REGISTRATE.REGISTER]: Registered create:cut_scorchia_slab to registry ResourceKey[minecraft:root / minecraft:item]
[09Jun2026 14:46:09.207] [main/DEBUG] [com.tterrag.registrate.AbstractRegistrate/REGISTRATE.REGISTER]: Registered create:cut_scorchia_wall to registry ResourceKey[minecraft:root / minecraft:item]
[09Jun2026 14:46:09.207] [main/DEBUG] [com.tterrag.registrate.AbstractRegistrate/REGISTRATE.REGISTER]: Registered create:polished_cut_scorchia to registry ResourceKey[minecraft:root / minecraft:item]
[09Jun2026 14:46:09.208] [main/DEBUG] [com.tterrag.registrate.AbstractRegistrate/REGISTRATE.REGISTER]: Registered create:polished_cut_scorchia_stairs to registry ResourceKey[minecraft:root / minecraft:item]
[09Jun2026 14:46:09.208] [main/DEBUG] [com.tterrag.registrate.AbstractRegistrate/REGISTRATE.REGISTER]: Registered create:polished_cut_scorchia_slab to registry ResourceKey[minecraft:root / minecraft:item]
[09Jun2026 14:46:09.208] [main/DEBUG] [com.tterrag.registrate.AbstractRegistrate/REGISTRATE.REGISTER]: Registered create:polished_cut_scorchia_wall to registry ResourceKey[minecraft:root / minecraft:item]
[09Jun2026 14:46:09.208] [main/DEBUG] [com.tterrag.registrate.AbstractRegistrate/REGISTRATE.REGISTER]: Registered create:cut_scorchia_bricks to registry ResourceKey[minecraft:root / minecraft:item]
[09Jun2026 14:46:09.208] [main/DEBUG] [com.tterrag.registrate.AbstractRegistrate/REGISTRATE.REGISTER]: Registered create:cut_scorchia_brick_stairs to registry ResourceKey[minecraft:root / minecraft:item]
[09Jun2026 14:46:09.208] [main/DEBUG] [com.tterrag.registrate.AbstractRegistrate/REGISTRATE.REGISTER]: Registered create:cut_scorchia_brick_slab to registry ResourceKey[minecraft:root / minecraft:item]
[09Jun2026 14:46:09.208] [main/DEBUG] [com.tterrag.registrate.AbstractRegistrate/REGISTRATE.REGISTER]: Registered create:cut_scorchia_brick_wall to registry ResourceKey[minecraft:root / minecraft:item]
[09Jun2026 14:46:09.208] [main/DEBUG] [com.tterrag.registrate.AbstractRegistrate/REGISTRATE.REGISTER]: Registered create:small_scorchia_bricks to registry ResourceKey[minecraft:root / minecraft:item]
[09Jun2026 14:46:09.208] [main/DEBUG] [com.tterrag.registrate.AbstractRegistrate/REGISTRATE.REGISTER]: Registered create:small_scorchia_brick_stairs to registry ResourceKey[minecraft:root / minecraft:item]
[09Jun2026 14:46:09.208] [main/DEBUG] [com.tterrag.registrate.AbstractRegistrate/REGISTRATE.REGISTER]: Registered create:small_scorchia_brick_slab to registry ResourceKey[minecraft:root / minecraft:item]
[09Jun2026 14:46:09.208] [main/DEBUG] [com.tterrag.registrate.AbstractRegistrate/REGISTRATE.REGISTER]: Registered create:small_scorchia_brick_wall to registry ResourceKey[minecraft:root / minecraft:item]
[09Jun2026 14:46:09.208] [main/DEBUG] [com.tterrag.registrate.AbstractRegistrate/REGISTRATE.REGISTER]: Registered create:layered_scorchia to registry ResourceKey[minecraft:root / minecraft:item]
[09Jun2026 14:46:09.208] [main/DEBUG] [com.tterrag.registrate.AbstractRegistrate/REGISTRATE.REGISTER]: Registered create:scorchia_pillar to registry ResourceKey[minecraft:root / minecraft:item]
[09Jun2026 14:46:09.208] [main/DEBUG] [com.tterrag.registrate.AbstractRegistrate/REGISTRATE.REGISTER]: Registered create:veridium to registry ResourceKey[minecraft:root / minecraft:item]
[09Jun2026 14:46:09.208] [main/DEBUG] [com.tterrag.registrate.AbstractRegistrate/REGISTRATE.REGISTER]: Registered create:cut_veridium to registry ResourceKey[minecraft:root / minecraft:item]
[09Jun2026 14:46:09.208] [main/DEBUG] [com.tterrag.registrate.AbstractRegistrate/REGISTRATE.REGISTER]: Registered create:cut_veridium_stairs to registry ResourceKey[minecraft:root / minecraft:item]
[09Jun2026 14:46:09.208] [main/DEBUG] [com.tterrag.registrate.AbstractRegistrate/REGISTRATE.REGISTER]: Registered create:cut_veridium_slab to registry ResourceKey[minecraft:root / minecraft:item]
[09Jun2026 14:46:09.208] [main/DEBUG] [com.tterrag.registrate.AbstractRegistrate/REGISTRATE.REGISTER]: Registered create:cut_veridium_wall to registry ResourceKey[minecraft:root / minecraft:item]
[09Jun2026 14:46:09.208] [main/DEBUG] [com.tterrag.registrate.AbstractRegistrate/REGISTRATE.REGISTER]: Registered create:polished_cut_veridium to registry ResourceKey[minecraft:root / minecraft:item]
[09Jun2026 14:46:09.208] [main/DEBUG] [com.tterrag.registrate.AbstractRegistrate/REGISTRATE.REGISTER]: Registered create:polished_cut_veridium_stairs to registry ResourceKey[minecraft:root / minecraft:item]
[09Jun2026 14:46:09.208] [main/DEBUG] [com.tterrag.registrate.AbstractRegistrate/REGISTRATE.REGISTER]: Registered create:polished_cut_veridium_slab to registry ResourceKey[minecraft:root / minecraft:item]
[09Jun2026 14:46:09.208] [main/DEBUG] [com.tterrag.registrate.AbstractRegistrate/REGISTRATE.REGISTER]: Registered create:polished_cut_veridium_wall to registry ResourceKey[minecraft:root / minecraft:item]
[09Jun2026 14:46:09.208] [main/DEBUG] [com.tterrag.registrate.AbstractRegistrate/REGISTRATE.REGISTER]: Registered create:cut_veridium_bricks to registry ResourceKey[minecraft:root / minecraft:item]
[09Jun2026 14:46:09.208] [main/DEBUG] [com.tterrag.registrate.AbstractRegistrate/REGISTRATE.REGISTER]: Registered create:cut_veridium_brick_stairs to registry ResourceKey[minecraft:root / minecraft:item]
[09Jun2026 14:46:09.208] [main/DEBUG] [com.tterrag.registrate.AbstractRegistrate/REGISTRATE.REGISTER]: Registered create:cut_veridium_brick_slab to registry ResourceKey[minecraft:root / minecraft:item]
[09Jun2026 14:46:09.208] [main/DEBUG] [com.tterrag.registrate.AbstractRegistrate/REGISTRATE.REGISTER]: Registered create:cut_veridium_brick_wall to registry ResourceKey[minecraft:root / minecraft:item]
[09Jun2026 14:46:09.208] [main/DEBUG] [com.tterrag.registrate.AbstractRegistrate/REGISTRATE.REGISTER]: Registered create:small_veridium_bricks to registry ResourceKey[minecraft:root / minecraft:item]
[09Jun2026 14:46:09.208] [main/DEBUG] [com.tterrag.registrate.AbstractRegistrate/REGISTRATE.REGISTER]: Registered create:small_veridium_brick_stairs to registry ResourceKey[minecraft:root / minecraft:item]
[09Jun2026 14:46:09.208] [main/DEBUG] [com.tterrag.registrate.AbstractRegistrate/REGISTRATE.REGISTER]: Registered create:small_veridium_brick_slab to registry ResourceKey[minecraft:root / minecraft:item]
[09Jun2026 14:46:09.208] [main/DEBUG] [com.tterrag.registrate.AbstractRegistrate/REGISTRATE.REGISTER]: Registered create:small_veridium_brick_wall to registry ResourceKey[minecraft:root / minecraft:item]
[09Jun2026 14:46:09.208] [main/DEBUG] [com.tterrag.registrate.AbstractRegistrate/REGISTRATE.REGISTER]: Registered create:layered_veridium to registry ResourceKey[minecraft:root / minecraft:item]
[09Jun2026 14:46:09.208] [main/DEBUG] [com.tterrag.registrate.AbstractRegistrate/REGISTRATE.REGISTER]: Registered create:veridium_pillar to registry ResourceKey[minecraft:root / minecraft:item]
[09Jun2026 14:46:09.209] [main/DEBUG] [net.minecraftforge.registries.GameData/REGISTRIES]: Applying holder lookups: minecraft:item
[09Jun2026 14:46:09.211] [main/DEBUG] [net.minecraftforge.registries.GameData/REGISTRIES]: Holder lookups applied: minecraft:item
[09Jun2026 14:46:09.211] [main/DEBUG] [com.tterrag.registrate.AbstractRegistrate/REGISTRATE.REGISTER]: Registering 8 known objects of type minecraft:entity_type
[09Jun2026 14:46:09.212] [main/DEBUG] [com.tterrag.registrate.AbstractRegistrate/REGISTRATE.REGISTER]: Registered create:contraption to registry ResourceKey[minecraft:root / minecraft:entity_type]
[09Jun2026 14:46:09.212] [main/DEBUG] [com.tterrag.registrate.AbstractRegistrate/REGISTRATE.REGISTER]: Registered create:stationary_contraption to registry ResourceKey[minecraft:root / minecraft:entity_type]
[09Jun2026 14:46:09.212] [main/DEBUG] [com.tterrag.registrate.AbstractRegistrate/REGISTRATE.REGISTER]: Registered create:gantry_contraption to registry ResourceKey[minecraft:root / minecraft:entity_type]
[09Jun2026 14:46:09.213] [main/DEBUG] [com.tterrag.registrate.AbstractRegistrate/REGISTRATE.REGISTER]: Registered create:carriage_contraption to registry ResourceKey[minecraft:root / minecraft:entity_type]
[09Jun2026 14:46:09.213] [main/DEBUG] [com.tterrag.registrate.AbstractRegistrate/REGISTRATE.REGISTER]: Registered create:super_glue to registry ResourceKey[minecraft:root / minecraft:entity_type]
[09Jun2026 14:46:09.213] [main/DEBUG] [com.tterrag.registrate.AbstractRegistrate/REGISTRATE.REGISTER]: Registered create:crafting_blueprint to registry ResourceKey[minecraft:root / minecraft:entity_type]
[09Jun2026 14:46:09.213] [main/DEBUG] [com.tterrag.registrate.AbstractRegistrate/REGISTRATE.REGISTER]: Registered create:potato_projectile to registry ResourceKey[minecraft:root / minecraft:entity_type]
[09Jun2026 14:46:09.213] [main/DEBUG] [com.tterrag.registrate.AbstractRegistrate/REGISTRATE.REGISTER]: Registered create:seat to registry ResourceKey[minecraft:root / minecraft:entity_type]
[09Jun2026 14:46:09.213] [main/DEBUG] [net.minecraftforge.registries.GameData/REGISTRIES]: Applying holder lookups: minecraft:entity_type
[09Jun2026 14:46:09.214] [main/DEBUG] [net.minecraftforge.registries.GameData/REGISTRIES]: Holder lookups applied: minecraft:entity_type
[09Jun2026 14:46:09.214] [main/DEBUG] [net.minecraftforge.registries.GameData/REGISTRIES]: Applying holder lookups: minecraft:sensor_type
[09Jun2026 14:46:09.214] [main/DEBUG] [net.minecraftforge.registries.GameData/REGISTRIES]: Holder lookups applied: minecraft:sensor_type
[09Jun2026 14:46:09.215] [main/DEBUG] [net.minecraftforge.registries.GameData/REGISTRIES]: Applying holder lookups: minecraft:memory_module_type
[09Jun2026 14:46:09.215] [main/DEBUG] [net.minecraftforge.registries.GameData/REGISTRIES]: Holder lookups applied: minecraft:memory_module_type
[09Jun2026 14:46:09.215] [main/DEBUG] [net.minecraftforge.registries.GameData/REGISTRIES]: Applying holder lookups: minecraft:potion
[09Jun2026 14:46:09.215] [main/DEBUG] [net.minecraftforge.registries.GameData/REGISTRIES]: Holder lookups applied: minecraft:potion
[09Jun2026 14:46:09.215] [main/DEBUG] [net.minecraftforge.registries.GameData/REGISTRIES]: Applying holder lookups: minecraft:game_event
[09Jun2026 14:46:09.215] [main/DEBUG] [net.minecraftforge.registries.GameData/REGISTRIES]: Holder lookups applied: minecraft:game_event
[09Jun2026 14:46:09.216] [main/DEBUG] [com.tterrag.registrate.AbstractRegistrate/REGISTRATE.REGISTER]: Registering 2 known objects of type minecraft:enchantment
[09Jun2026 14:46:09.216] [main/DEBUG] [com.tterrag.registrate.AbstractRegistrate/REGISTRATE.REGISTER]: Registered create:potato_recovery to registry ResourceKey[minecraft:root / minecraft:enchantment]
[09Jun2026 14:46:09.216] [main/DEBUG] [com.tterrag.registrate.AbstractRegistrate/REGISTRATE.REGISTER]: Registered create:capacity to registry ResourceKey[minecraft:root / minecraft:enchantment]
[09Jun2026 14:46:09.216] [main/DEBUG] [net.minecraftforge.registries.GameData/REGISTRIES]: Applying holder lookups: minecraft:enchantment
[09Jun2026 14:46:09.216] [main/DEBUG] [net.minecraftforge.registries.GameData/REGISTRIES]: Holder lookups applied: minecraft:enchantment
[09Jun2026 14:46:09.216] [main/DEBUG] [com.tterrag.registrate.AbstractRegistrate/REGISTRATE.REGISTER]: Registering 101 known objects of type minecraft:block_entity_type
[09Jun2026 14:46:09.217] [main/DEBUG] [com.tterrag.registrate.AbstractRegistrate/REGISTRATE.REGISTER]: Registered create:schematicannon to registry ResourceKey[minecraft:root / minecraft:block_entity_type]
[09Jun2026 14:46:09.217] [main/DEBUG] [com.tterrag.registrate.AbstractRegistrate/REGISTRATE.REGISTER]: Registered create:schematic_table to registry ResourceKey[minecraft:root / minecraft:block_entity_type]
[09Jun2026 14:46:09.217] [main/DEBUG] [com.tterrag.registrate.AbstractRegistrate/REGISTRATE.REGISTER]: Registered create:simple_kinetic to registry ResourceKey[minecraft:root / minecraft:block_entity_type]
[09Jun2026 14:46:09.217] [main/DEBUG] [com.tterrag.registrate.AbstractRegistrate/REGISTRATE.REGISTER]: Registered create:motor to registry ResourceKey[minecraft:root / minecraft:block_entity_type]
[09Jun2026 14:46:09.217] [main/DEBUG] [com.tterrag.registrate.AbstractRegistrate/REGISTRATE.REGISTER]: Registered create:gearbox to registry ResourceKey[minecraft:root / minecraft:block_entity_type]
[09Jun2026 14:46:09.217] [main/DEBUG] [com.tterrag.registrate.AbstractRegistrate/REGISTRATE.REGISTER]: Registered create:encased_shaft to registry ResourceKey[minecraft:root / minecraft:block_entity_type]
[09Jun2026 14:46:09.217] [main/DEBUG] [com.tterrag.registrate.AbstractRegistrate/REGISTRATE.REGISTER]: Registered create:encased_cogwheel to registry ResourceKey[minecraft:root / minecraft:block_entity_type]
[09Jun2026 14:46:09.217] [main/DEBUG] [com.tterrag.registrate.AbstractRegistrate/REGISTRATE.REGISTER]: Registered create:encased_large_cogwheel to registry ResourceKey[minecraft:root / minecraft:block_entity_type]
[09Jun2026 14:46:09.217] [main/DEBUG] [com.tterrag.registrate.AbstractRegistrate/REGISTRATE.REGISTER]: Registered create:adjustable_chain_gearshift to registry ResourceKey[minecraft:root / minecraft:block_entity_type]
[09Jun2026 14:46:09.217] [main/DEBUG] [com.tterrag.registrate.AbstractRegistrate/REGISTRATE.REGISTER]: Registered create:encased_fan to registry ResourceKey[minecraft:root / minecraft:block_entity_type]
[09Jun2026 14:46:09.217] [main/DEBUG] [com.tterrag.registrate.AbstractRegistrate/REGISTRATE.REGISTER]: Registered create:nozzle to registry ResourceKey[minecraft:root / minecraft:block_entity_type]
[09Jun2026 14:46:09.217] [main/DEBUG] [com.tterrag.registrate.AbstractRegistrate/REGISTRATE.REGISTER]: Registered create:clutch to registry ResourceKey[minecraft:root / minecraft:block_entity_type]
[09Jun2026 14:46:09.217] [main/DEBUG] [com.tterrag.registrate.AbstractRegistrate/REGISTRATE.REGISTER]: Registered create:gearshift to registry ResourceKey[minecraft:root / minecraft:block_entity_type]
[09Jun2026 14:46:09.217] [main/DEBUG] [com.tterrag.registrate.AbstractRegistrate/REGISTRATE.REGISTER]: Registered create:turntable to registry ResourceKey[minecraft:root / minecraft:block_entity_type]
[09Jun2026 14:46:09.217] [main/DEBUG] [com.tterrag.registrate.AbstractRegistrate/REGISTRATE.REGISTER]: Registered create:hand_crank to registry ResourceKey[minecraft:root / minecraft:block_entity_type]
[09Jun2026 14:46:09.217] [main/DEBUG] [com.tterrag.registrate.AbstractRegistrate/REGISTRATE.REGISTER]: Registered create:valve_handle to registry ResourceKey[minecraft:root / minecraft:block_entity_type]
[09Jun2026 14:46:09.217] [main/DEBUG] [com.tterrag.registrate.AbstractRegistrate/REGISTRATE.REGISTER]: Registered create:cuckoo_clock to registry ResourceKey[minecraft:root / minecraft:block_entity_type]
[09Jun2026 14:46:09.217] [main/DEBUG] [com.tterrag.registrate.AbstractRegistrate/REGISTRATE.REGISTER]: Registered create:gantry_shaft to registry ResourceKey[minecraft:root / minecraft:block_entity_type]
[09Jun2026 14:46:09.218] [main/DEBUG] [com.tterrag.registrate.AbstractRegistrate/REGISTRATE.REGISTER]: Registered create:gantry_pinion to registry ResourceKey[minecraft:root / minecraft:block_entity_type]
[09Jun2026 14:46:09.218] [main/DEBUG] [com.tterrag.registrate.AbstractRegistrate/REGISTRATE.REGISTER]: Registered create:mechanical_pump to registry ResourceKey[minecraft:root / minecraft:block_entity_type]
[09Jun2026 14:46:09.218] [main/DEBUG] [com.tterrag.registrate.AbstractRegistrate/REGISTRATE.REGISTER]: Registered create:smart_fluid_pipe to registry ResourceKey[minecraft:root / minecraft:block_entity_type]
[09Jun2026 14:46:09.218] [main/DEBUG] [com.tterrag.registrate.AbstractRegistrate/REGISTRATE.REGISTER]: Registered create:fluid_pipe to registry ResourceKey[minecraft:root / minecraft:block_entity_type]
[09Jun2026 14:46:09.218] [main/DEBUG] [com.tterrag.registrate.AbstractRegistrate/REGISTRATE.REGISTER]: Registered create:encased_fluid_pipe to registry ResourceKey[minecraft:root / minecraft:block_entity_type]
[09Jun2026 14:46:09.218] [main/DEBUG] [com.tterrag.registrate.AbstractRegistrate/REGISTRATE.REGISTER]: Registered create:glass_fluid_pipe to registry ResourceKey[minecraft:root / minecraft:block_entity_type]
[09Jun2026 14:46:09.218] [main/DEBUG] [com.tterrag.registrate.AbstractRegistrate/REGISTRATE.REGISTER]: Registered create:fluid_valve to registry ResourceKey[minecraft:root / minecraft:block_entity_type]
[09Jun2026 14:46:09.218] [main/DEBUG] [com.tterrag.registrate.AbstractRegistrate/REGISTRATE.REGISTER]: Registered create:fluid_tank to registry ResourceKey[minecraft:root / minecraft:block_entity_type]
[09Jun2026 14:46:09.218] [main/DEBUG] [com.tterrag.registrate.AbstractRegistrate/REGISTRATE.REGISTER]: Registered create:creative_fluid_tank to registry ResourceKey[minecraft:root / minecraft:block_entity_type]
[09Jun2026 14:46:09.218] [main/DEBUG] [com.tterrag.registrate.AbstractRegistrate/REGISTRATE.REGISTER]: Registered create:hose_pulley to registry ResourceKey[minecraft:root / minecraft:block_entity_type]
[09Jun2026 14:46:09.218] [main/DEBUG] [com.tterrag.registrate.AbstractRegistrate/REGISTRATE.REGISTER]: Registered create:spout to registry ResourceKey[minecraft:root / minecraft:block_entity_type]
[09Jun2026 14:46:09.218] [main/DEBUG] [com.tterrag.registrate.AbstractRegistrate/REGISTRATE.REGISTER]: Registered create:item_drain to registry ResourceKey[minecraft:root / minecraft:block_entity_type]
[09Jun2026 14:46:09.218] [main/DEBUG] [com.tterrag.registrate.AbstractRegistrate/REGISTRATE.REGISTER]: Registered create:belt to registry ResourceKey[minecraft:root / minecraft:block_entity_type]
[09Jun2026 14:46:09.218] [main/DEBUG] [com.tterrag.registrate.AbstractRegistrate/REGISTRATE.REGISTER]: Registered create:chute to registry ResourceKey[minecraft:root / minecraft:block_entity_type]
[09Jun2026 14:46:09.218] [main/DEBUG] [com.tterrag.registrate.AbstractRegistrate/REGISTRATE.REGISTER]: Registered create:smart_chute to registry ResourceKey[minecraft:root / minecraft:block_entity_type]
[09Jun2026 14:46:09.219] [main/DEBUG] [com.tterrag.registrate.AbstractRegistrate/REGISTRATE.REGISTER]: Registered create:andesite_tunnel to registry ResourceKey[minecraft:root / minecraft:block_entity_type]
[09Jun2026 14:46:09.219] [main/DEBUG] [com.tterrag.registrate.AbstractRegistrate/REGISTRATE.REGISTER]: Registered create:brass_tunnel to registry ResourceKey[minecraft:root / minecraft:block_entity_type]
[09Jun2026 14:46:09.219] [main/DEBUG] [com.tterrag.registrate.AbstractRegistrate/REGISTRATE.REGISTER]: Registered create:mechanical_arm to registry ResourceKey[minecraft:root / minecraft:block_entity_type]
[09Jun2026 14:46:09.219] [main/DEBUG] [com.tterrag.registrate.AbstractRegistrate/REGISTRATE.REGISTER]: Registered create:item_vault to registry ResourceKey[minecraft:root / minecraft:block_entity_type]
[09Jun2026 14:46:09.219] [main/DEBUG] [com.tterrag.registrate.AbstractRegistrate/REGISTRATE.REGISTER]: Registered create:mechanical_piston to registry ResourceKey[minecraft:root / minecraft:block_entity_type]
[09Jun2026 14:46:09.219] [main/DEBUG] [com.tterrag.registrate.AbstractRegistrate/REGISTRATE.REGISTER]: Registered create:windmill_bearing to registry ResourceKey[minecraft:root / minecraft:block_entity_type]
[09Jun2026 14:46:09.219] [main/DEBUG] [com.tterrag.registrate.AbstractRegistrate/REGISTRATE.REGISTER]: Registered create:mechanical_bearing to registry ResourceKey[minecraft:root / minecraft:block_entity_type]
[09Jun2026 14:46:09.219] [main/DEBUG] [com.tterrag.registrate.AbstractRegistrate/REGISTRATE.REGISTER]: Registered create:clockwork_bearing to registry ResourceKey[minecraft:root / minecraft:block_entity_type]
[09Jun2026 14:46:09.219] [main/DEBUG] [com.tterrag.registrate.AbstractRegistrate/REGISTRATE.REGISTER]: Registered create:rope_pulley to registry ResourceKey[minecraft:root / minecraft:block_entity_type]
[09Jun2026 14:46:09.219] [main/DEBUG] [com.tterrag.registrate.AbstractRegistrate/REGISTRATE.REGISTER]: Registered create:elevator_pulley to registry ResourceKey[minecraft:root / minecraft:block_entity_type]
[09Jun2026 14:46:09.219] [main/DEBUG] [com.tterrag.registrate.AbstractRegistrate/REGISTRATE.REGISTER]: Registered create:elevator_contact to registry ResourceKey[minecraft:root / minecraft:block_entity_type]
[09Jun2026 14:46:09.219] [main/DEBUG] [com.tterrag.registrate.AbstractRegistrate/REGISTRATE.REGISTER]: Registered create:chassis to registry ResourceKey[minecraft:root / minecraft:block_entity_type]
[09Jun2026 14:46:09.219] [main/DEBUG] [com.tterrag.registrate.AbstractRegistrate/REGISTRATE.REGISTER]: Registered create:sticker to registry ResourceKey[minecraft:root / minecraft:block_entity_type]
[09Jun2026 14:46:09.219] [main/DEBUG] [com.tterrag.registrate.AbstractRegistrate/REGISTRATE.REGISTER]: Registered create:contraption_controls to registry ResourceKey[minecraft:root / minecraft:block_entity_type]
[09Jun2026 14:46:09.220] [main/DEBUG] [com.tterrag.registrate.AbstractRegistrate/REGISTRATE.REGISTER]: Registered create:drill to registry ResourceKey[minecraft:root / minecraft:block_entity_type]
[09Jun2026 14:46:09.220] [main/DEBUG] [com.tterrag.registrate.AbstractRegistrate/REGISTRATE.REGISTER]: Registered create:saw to registry ResourceKey[minecraft:root / minecraft:block_entity_type]
[09Jun2026 14:46:09.220] [main/DEBUG] [com.tterrag.registrate.AbstractRegistrate/REGISTRATE.REGISTER]: Registered create:harvester to registry ResourceKey[minecraft:root / minecraft:block_entity_type]
[09Jun2026 14:46:09.220] [main/DEBUG] [com.tterrag.registrate.AbstractRegistrate/REGISTRATE.REGISTER]: Registered create:mechanical_roller to registry ResourceKey[minecraft:root / minecraft:block_entity_type]
[09Jun2026 14:46:09.220] [main/DEBUG] [com.tterrag.registrate.AbstractRegistrate/REGISTRATE.REGISTER]: Registered create:portable_storage_interface to registry ResourceKey[minecraft:root / minecraft:block_entity_type]
[09Jun2026 14:46:09.220] [main/DEBUG] [com.tterrag.registrate.AbstractRegistrate/REGISTRATE.REGISTER]: Registered create:portable_fluid_interface to registry ResourceKey[minecraft:root / minecraft:block_entity_type]
[09Jun2026 14:46:09.220] [main/DEBUG] [com.tterrag.registrate.AbstractRegistrate/REGISTRATE.REGISTER]: Registered create:steam_engine to registry ResourceKey[minecraft:root / minecraft:block_entity_type]
[09Jun2026 14:46:09.220] [main/DEBUG] [com.tterrag.registrate.AbstractRegistrate/REGISTRATE.REGISTER]: Registered create:steam_whistle to registry ResourceKey[minecraft:root / minecraft:block_entity_type]
[09Jun2026 14:46:09.220] [main/DEBUG] [com.tterrag.registrate.AbstractRegistrate/REGISTRATE.REGISTER]: Registered create:powered_shaft to registry ResourceKey[minecraft:root / minecraft:block_entity_type]
[09Jun2026 14:46:09.220] [main/DEBUG] [com.tterrag.registrate.AbstractRegistrate/REGISTRATE.REGISTER]: Registered create:flywheel to registry ResourceKey[minecraft:root / minecraft:block_entity_type]
[09Jun2026 14:46:09.220] [main/DEBUG] [com.tterrag.registrate.AbstractRegistrate/REGISTRATE.REGISTER]: Registered create:millstone to registry ResourceKey[minecraft:root / minecraft:block_entity_type]
[09Jun2026 14:46:09.220] [main/DEBUG] [com.tterrag.registrate.AbstractRegistrate/REGISTRATE.REGISTER]: Registered create:crushing_wheel to registry ResourceKey[minecraft:root / minecraft:block_entity_type]
[09Jun2026 14:46:09.220] [main/DEBUG] [com.tterrag.registrate.AbstractRegistrate/REGISTRATE.REGISTER]: Registered create:crushing_wheel_controller to registry ResourceKey[minecraft:root / minecraft:block_entity_type]
[09Jun2026 14:46:09.220] [main/DEBUG] [com.tterrag.registrate.AbstractRegistrate/REGISTRATE.REGISTER]: Registered create:water_wheel to registry ResourceKey[minecraft:root / minecraft:block_entity_type]
[09Jun2026 14:46:09.220] [main/DEBUG] [com.tterrag.registrate.AbstractRegistrate/REGISTRATE.REGISTER]: Registered create:large_water_wheel to registry ResourceKey[minecraft:root / minecraft:block_entity_type]
[09Jun2026 14:46:09.220] [main/DEBUG] [com.tterrag.registrate.AbstractRegistrate/REGISTRATE.REGISTER]: Registered create:mechanical_press to registry ResourceKey[minecraft:root / minecraft:block_entity_type]
[09Jun2026 14:46:09.221] [main/DEBUG] [com.tterrag.registrate.AbstractRegistrate/REGISTRATE.REGISTER]: Registered create:mechanical_mixer to registry ResourceKey[minecraft:root / minecraft:block_entity_type]
[09Jun2026 14:46:09.221] [main/DEBUG] [com.tterrag.registrate.AbstractRegistrate/REGISTRATE.REGISTER]: Registered create:deployer to registry ResourceKey[minecraft:root / minecraft:block_entity_type]
[09Jun2026 14:46:09.221] [main/DEBUG] [com.tterrag.registrate.AbstractRegistrate/REGISTRATE.REGISTER]: Registered create:basin to registry ResourceKey[minecraft:root / minecraft:block_entity_type]
[09Jun2026 14:46:09.221] [main/DEBUG] [com.tterrag.registrate.AbstractRegistrate/REGISTRATE.REGISTER]: Registered create:blaze_heater to registry ResourceKey[minecraft:root / minecraft:block_entity_type]
[09Jun2026 14:46:09.221] [main/DEBUG] [com.tterrag.registrate.AbstractRegistrate/REGISTRATE.REGISTER]: Registered create:mechanical_crafter to registry ResourceKey[minecraft:root / minecraft:block_entity_type]
[09Jun2026 14:46:09.221] [main/DEBUG] [com.tterrag.registrate.AbstractRegistrate/REGISTRATE.REGISTER]: Registered create:sequenced_gearshift to registry ResourceKey[minecraft:root / minecraft:block_entity_type]
[09Jun2026 14:46:09.221] [main/DEBUG] [com.tterrag.registrate.AbstractRegistrate/REGISTRATE.REGISTER]: Registered create:rotation_speed_controller to registry ResourceKey[minecraft:root / minecraft:block_entity_type]
[09Jun2026 14:46:09.221] [main/DEBUG] [com.tterrag.registrate.AbstractRegistrate/REGISTRATE.REGISTER]: Registered create:speedometer to registry ResourceKey[minecraft:root / minecraft:block_entity_type]
[09Jun2026 14:46:09.221] [main/DEBUG] [com.tterrag.registrate.AbstractRegistrate/REGISTRATE.REGISTER]: Registered create:stressometer to registry ResourceKey[minecraft:root / minecraft:block_entity_type]
[09Jun2026 14:46:09.221] [main/DEBUG] [com.tterrag.registrate.AbstractRegistrate/REGISTRATE.REGISTER]: Registered create:analog_lever to registry ResourceKey[minecraft:root / minecraft:block_entity_type]
[09Jun2026 14:46:09.221] [main/DEBUG] [com.tterrag.registrate.AbstractRegistrate/REGISTRATE.REGISTER]: Registered create:placard to registry ResourceKey[minecraft:root / minecraft:block_entity_type]
[09Jun2026 14:46:09.221] [main/DEBUG] [com.tterrag.registrate.AbstractRegistrate/REGISTRATE.REGISTER]: Registered create:cart_assembler to registry ResourceKey[minecraft:root / minecraft:block_entity_type]
[09Jun2026 14:46:09.221] [main/DEBUG] [com.tterrag.registrate.AbstractRegistrate/REGISTRATE.REGISTER]: Registered create:redstone_link to registry ResourceKey[minecraft:root / minecraft:block_entity_type]
[09Jun2026 14:46:09.221] [main/DEBUG] [com.tterrag.registrate.AbstractRegistrate/REGISTRATE.REGISTER]: Registered create:nixie_tube to registry ResourceKey[minecraft:root / minecraft:block_entity_type]
[09Jun2026 14:46:09.221] [main/DEBUG] [com.tterrag.registrate.AbstractRegistrate/REGISTRATE.REGISTER]: Registered create:display_link to registry ResourceKey[minecraft:root / minecraft:block_entity_type]
[09Jun2026 14:46:09.221] [main/DEBUG] [com.tterrag.registrate.AbstractRegistrate/REGISTRATE.REGISTER]: Registered create:stockpile_switch to registry ResourceKey[minecraft:root / minecraft:block_entity_type]
[09Jun2026 14:46:09.221] [main/DEBUG] [com.tterrag.registrate.AbstractRegistrate/REGISTRATE.REGISTER]: Registered create:creative_crate to registry ResourceKey[minecraft:root / minecraft:block_entity_type]
[09Jun2026 14:46:09.221] [main/DEBUG] [com.tterrag.registrate.AbstractRegistrate/REGISTRATE.REGISTER]: Registered create:depot to registry ResourceKey[minecraft:root / minecraft:block_entity_type]
[09Jun2026 14:46:09.221] [main/DEBUG] [com.tterrag.registrate.AbstractRegistrate/REGISTRATE.REGISTER]: Registered create:weighted_ejector to registry ResourceKey[minecraft:root / minecraft:block_entity_type]
[09Jun2026 14:46:09.221] [main/DEBUG] [com.tterrag.registrate.AbstractRegistrate/REGISTRATE.REGISTER]: Registered create:funnel to registry ResourceKey[minecraft:root / minecraft:block_entity_type]
[09Jun2026 14:46:09.221] [main/DEBUG] [com.tterrag.registrate.AbstractRegistrate/REGISTRATE.REGISTER]: Registered create:content_observer to registry ResourceKey[minecraft:root / minecraft:block_entity_type]
[09Jun2026 14:46:09.221] [main/DEBUG] [com.tterrag.registrate.AbstractRegistrate/REGISTRATE.REGISTER]: Registered create:pulse_extender to registry ResourceKey[minecraft:root / minecraft:block_entity_type]
[09Jun2026 14:46:09.221] [main/DEBUG] [com.tterrag.registrate.AbstractRegistrate/REGISTRATE.REGISTER]: Registered create:pulse_repeater to registry ResourceKey[minecraft:root / minecraft:block_entity_type]
[09Jun2026 14:46:09.221] [main/DEBUG] [com.tterrag.registrate.AbstractRegistrate/REGISTRATE.REGISTER]: Registered create:lectern_controller to registry ResourceKey[minecraft:root / minecraft:block_entity_type]
[09Jun2026 14:46:09.222] [main/DEBUG] [com.tterrag.registrate.AbstractRegistrate/REGISTRATE.REGISTER]: Registered create:backtank to registry ResourceKey[minecraft:root / minecraft:block_entity_type]
[09Jun2026 14:46:09.222] [main/DEBUG] [com.tterrag.registrate.AbstractRegistrate/REGISTRATE.REGISTER]: Registered create:peculiar_bell to registry ResourceKey[minecraft:root / minecraft:block_entity_type]
[09Jun2026 14:46:09.222] [main/DEBUG] [com.tterrag.registrate.AbstractRegistrate/REGISTRATE.REGISTER]: Registered create:cursed_bell to registry ResourceKey[minecraft:root / minecraft:block_entity_type]
[09Jun2026 14:46:09.222] [main/DEBUG] [com.tterrag.registrate.AbstractRegistrate/REGISTRATE.REGISTER]: Registered create:toolbox to registry ResourceKey[minecraft:root / minecraft:block_entity_type]
[09Jun2026 14:46:09.222] [main/DEBUG] [com.tterrag.registrate.AbstractRegistrate/REGISTRATE.REGISTER]: Registered create:track to registry ResourceKey[minecraft:root / minecraft:block_entity_type]
[09Jun2026 14:46:09.222] [main/DEBUG] [com.tterrag.registrate.AbstractRegistrate/REGISTRATE.REGISTER]: Registered create:fake_track to registry ResourceKey[minecraft:root / minecraft:block_entity_type]
[09Jun2026 14:46:09.222] [main/DEBUG] [com.tterrag.registrate.AbstractRegistrate/REGISTRATE.REGISTER]: Registered create:bogey to registry ResourceKey[minecraft:root / minecraft:block_entity_type]
[09Jun2026 14:46:09.222] [main/DEBUG] [com.tterrag.registrate.AbstractRegistrate/REGISTRATE.REGISTER]: Registered create:track_station to registry ResourceKey[minecraft:root / minecraft:block_entity_type]
[09Jun2026 14:46:09.222] [main/DEBUG] [com.tterrag.registrate.AbstractRegistrate/REGISTRATE.REGISTER]: Registered create:sliding_door to registry ResourceKey[minecraft:root / minecraft:block_entity_type]
[09Jun2026 14:46:09.222] [main/DEBUG] [com.tterrag.registrate.AbstractRegistrate/REGISTRATE.REGISTER]: Registered create:copycat to registry ResourceKey[minecraft:root / minecraft:block_entity_type]
[09Jun2026 14:46:09.222] [main/DEBUG] [com.tterrag.registrate.AbstractRegistrate/REGISTRATE.REGISTER]: Registered create:flap_display to registry ResourceKey[minecraft:root / minecraft:block_entity_type]
[09Jun2026 14:46:09.222] [main/DEBUG] [com.tterrag.registrate.AbstractRegistrate/REGISTRATE.REGISTER]: Registered create:track_signal to registry ResourceKey[minecraft:root / minecraft:block_entity_type]
[09Jun2026 14:46:09.222] [main/DEBUG] [com.tterrag.registrate.AbstractRegistrate/REGISTRATE.REGISTER]: Registered create:track_observer to registry ResourceKey[minecraft:root / minecraft:block_entity_type]
[09Jun2026 14:46:09.222] [main/DEBUG] [com.tterrag.registrate.AbstractRegistrate/REGISTRATE.REGISTER]: Registered create:clipboard to registry ResourceKey[minecraft:root / minecraft:block_entity_type]
[09Jun2026 14:46:09.222] [main/DEBUG] [net.minecraftforge.registries.GameData/REGISTRIES]: Applying holder lookups: minecraft:block_entity_type
[09Jun2026 14:46:09.223] [main/DEBUG] [net.minecraftforge.registries.GameData/REGISTRIES]: Holder lookups applied: minecraft:block_entity_type
[09Jun2026 14:46:09.223] [main/DEBUG] [net.minecraftforge.registries.GameData/REGISTRIES]: Applying holder lookups: minecraft:painting_variant
[09Jun2026 14:46:09.223] [main/DEBUG] [net.minecraftforge.registries.GameData/REGISTRIES]: Holder lookups applied: minecraft:painting_variant
[09Jun2026 14:46:09.224] [main/DEBUG] [net.minecraftforge.registries.GameData/REGISTRIES]: Applying holder lookups: minecraft:stat_type
[09Jun2026 14:46:09.224] [main/DEBUG] [net.minecraftforge.registries.GameData/REGISTRIES]: Holder lookups applied: minecraft:stat_type
[09Jun2026 14:46:09.224] [main/DEBUG] [net.minecraftforge.registries.GameData/REGISTRIES]: Applying holder lookups: minecraft:custom_stat
[09Jun2026 14:46:09.225] [main/DEBUG] [net.minecraftforge.registries.GameData/REGISTRIES]: Holder lookups applied: minecraft:custom_stat
[09Jun2026 14:46:09.225] [main/DEBUG] [net.minecraftforge.registries.GameData/REGISTRIES]: Applying holder lookups: minecraft:chunk_status
[09Jun2026 14:46:09.225] [main/DEBUG] [net.minecraftforge.registries.GameData/REGISTRIES]: Holder lookups applied: minecraft:chunk_status
[09Jun2026 14:46:09.225] [main/DEBUG] [net.minecraftforge.registries.GameData/REGISTRIES]: Applying holder lookups: minecraft:rule_test
[09Jun2026 14:46:09.226] [main/DEBUG] [net.minecraftforge.registries.GameData/REGISTRIES]: Holder lookups applied: minecraft:rule_test
[09Jun2026 14:46:09.226] [main/DEBUG] [net.minecraftforge.registries.GameData/REGISTRIES]: Applying holder lookups: minecraft:rule_block_entity_modifier
[09Jun2026 14:46:09.226] [main/DEBUG] [net.minecraftforge.registries.GameData/REGISTRIES]: Holder lookups applied: minecraft:rule_block_entity_modifier
[09Jun2026 14:46:09.226] [main/DEBUG] [net.minecraftforge.registries.GameData/REGISTRIES]: Applying holder lookups: minecraft:pos_rule_test
[09Jun2026 14:46:09.227] [main/DEBUG] [net.minecraftforge.registries.GameData/REGISTRIES]: Holder lookups applied: minecraft:pos_rule_test
[09Jun2026 14:46:09.227] [main/DEBUG] [com.tterrag.registrate.AbstractRegistrate/REGISTRATE.REGISTER]: Registering 8 known objects of type minecraft:menu
[09Jun2026 14:46:09.264] [main/DEBUG] [com.tterrag.registrate.AbstractRegistrate/REGISTRATE.REGISTER]: Registered create:schematic_table to registry ResourceKey[minecraft:root / minecraft:menu]
[09Jun2026 14:46:09.267] [main/DEBUG] [com.tterrag.registrate.AbstractRegistrate/REGISTRATE.REGISTER]: Registered create:schematicannon to registry ResourceKey[minecraft:root / minecraft:menu]
[09Jun2026 14:46:09.271] [main/DEBUG] [com.tterrag.registrate.AbstractRegistrate/REGISTRATE.REGISTER]: Registered create:filter to registry ResourceKey[minecraft:root / minecraft:menu]
[09Jun2026 14:46:09.274] [main/DEBUG] [com.tterrag.registrate.AbstractRegistrate/REGISTRATE.REGISTER]: Registered create:attribute_filter to registry ResourceKey[minecraft:root / minecraft:menu]
[09Jun2026 14:46:09.276] [main/DEBUG] [com.tterrag.registrate.AbstractRegistrate/REGISTRATE.REGISTER]: Registered create:crafting_blueprint to registry ResourceKey[minecraft:root / minecraft:menu]
[09Jun2026 14:46:09.278] [main/DEBUG] [com.tterrag.registrate.AbstractRegistrate/REGISTRATE.REGISTER]: Registered create:linked_controller to registry ResourceKey[minecraft:root / minecraft:menu]
[09Jun2026 14:46:09.280] [main/DEBUG] [com.tterrag.registrate.AbstractRegistrate/REGISTRATE.REGISTER]: Registered create:toolbox to registry ResourceKey[minecraft:root / minecraft:menu]
[09Jun2026 14:46:09.286] [main/DEBUG] [com.tterrag.registrate.AbstractRegistrate/REGISTRATE.REGISTER]: Registered create:schedule to registry ResourceKey[minecraft:root / minecraft:menu]
[09Jun2026 14:46:09.286] [main/DEBUG] [net.minecraftforge.registries.GameData/REGISTRIES]: Applying holder lookups: minecraft:menu
[09Jun2026 14:46:09.287] [main/DEBUG] [net.minecraftforge.registries.GameData/REGISTRIES]: Holder lookups applied: minecraft:menu
[09Jun2026 14:46:09.288] [main/DEBUG] [net.minecraftforge.registries.GameData/REGISTRIES]: Applying holder lookups: minecraft:recipe_type
[09Jun2026 14:46:09.288] [main/DEBUG] [net.minecraftforge.registries.GameData/REGISTRIES]: Holder lookups applied: minecraft:recipe_type
[09Jun2026 14:46:09.303] [main/DEBUG] [net.minecraftforge.registries.GameData/REGISTRIES]: Applying holder lookups: minecraft:recipe_serializer
[09Jun2026 14:46:09.304] [main/DEBUG] [net.minecraftforge.registries.GameData/REGISTRIES]: Holder lookups applied: minecraft:recipe_serializer
[09Jun2026 14:46:09.304] [main/DEBUG] [net.minecraftforge.registries.GameData/REGISTRIES]: Applying holder lookups: minecraft:position_source_type
[09Jun2026 14:46:09.304] [main/DEBUG] [net.minecraftforge.registries.GameData/REGISTRIES]: Holder lookups applied: minecraft:position_source_type
[09Jun2026 14:46:09.306] [main/DEBUG] [net.minecraftforge.registries.GameData/REGISTRIES]: Applying holder lookups: minecraft:command_argument_type
[09Jun2026 14:46:09.307] [main/DEBUG] [net.minecraftforge.registries.GameData/REGISTRIES]: Holder lookups applied: minecraft:command_argument_type
[09Jun2026 14:46:09.307] [main/DEBUG] [net.minecraftforge.registries.GameData/REGISTRIES]: Applying holder lookups: minecraft:villager_type
[09Jun2026 14:46:09.307] [main/DEBUG] [net.minecraftforge.registries.GameData/REGISTRIES]: Holder lookups applied: minecraft:villager_type
[09Jun2026 14:46:09.308] [main/DEBUG] [net.minecraftforge.registries.GameData/REGISTRIES]: Applying holder lookups: minecraft:villager_profession
[09Jun2026 14:46:09.308] [main/DEBUG] [net.minecraftforge.registries.GameData/REGISTRIES]: Holder lookups applied: minecraft:villager_profession
[09Jun2026 14:46:09.308] [main/DEBUG] [net.minecraftforge.registries.GameData/REGISTRIES]: Applying holder lookups: minecraft:point_of_interest_type
[09Jun2026 14:46:09.308] [main/DEBUG] [net.minecraftforge.registries.GameData/REGISTRIES]: Holder lookups applied: minecraft:point_of_interest_type
[09Jun2026 14:46:09.308] [main/DEBUG] [net.minecraftforge.registries.GameData/REGISTRIES]: Applying holder lookups: minecraft:schedule
[09Jun2026 14:46:09.309] [main/DEBUG] [net.minecraftforge.registries.GameData/REGISTRIES]: Holder lookups applied: minecraft:schedule
[09Jun2026 14:46:09.309] [main/DEBUG] [net.minecraftforge.registries.GameData/REGISTRIES]: Applying holder lookups: minecraft:activity
[09Jun2026 14:46:09.309] [main/DEBUG] [net.minecraftforge.registries.GameData/REGISTRIES]: Holder lookups applied: minecraft:activity
[09Jun2026 14:46:09.309] [main/DEBUG] [net.minecraftforge.registries.GameData/REGISTRIES]: Applying holder lookups: minecraft:loot_pool_entry_type
[09Jun2026 14:46:09.309] [main/DEBUG] [net.minecraftforge.registries.GameData/REGISTRIES]: Holder lookups applied: minecraft:loot_pool_entry_type
[09Jun2026 14:46:09.309] [main/DEBUG] [net.minecraftforge.registries.GameData/REGISTRIES]: Applying holder lookups: minecraft:loot_function_type
[09Jun2026 14:46:09.309] [main/DEBUG] [net.minecraftforge.registries.GameData/REGISTRIES]: Holder lookups applied: minecraft:loot_function_type
[09Jun2026 14:46:09.311] [main/DEBUG] [net.minecraftforge.registries.GameData/REGISTRIES]: Applying holder lookups: minecraft:loot_condition_type
[09Jun2026 14:46:09.312] [main/DEBUG] [net.minecraftforge.registries.GameData/REGISTRIES]: Holder lookups applied: minecraft:loot_condition_type
[09Jun2026 14:46:09.312] [main/DEBUG] [net.minecraftforge.registries.GameData/REGISTRIES]: Applying holder lookups: minecraft:loot_number_provider_type
[09Jun2026 14:46:09.312] [main/DEBUG] [net.minecraftforge.registries.GameData/REGISTRIES]: Holder lookups applied: minecraft:loot_number_provider_type
[09Jun2026 14:46:09.312] [main/DEBUG] [net.minecraftforge.registries.GameData/REGISTRIES]: Applying holder lookups: minecraft:loot_nbt_provider_type
[09Jun2026 14:46:09.313] [main/DEBUG] [net.minecraftforge.registries.GameData/REGISTRIES]: Holder lookups applied: minecraft:loot_nbt_provider_type
[09Jun2026 14:46:09.313] [main/DEBUG] [net.minecraftforge.registries.GameData/REGISTRIES]: Applying holder lookups: minecraft:loot_score_provider_type
[09Jun2026 14:46:09.313] [main/DEBUG] [net.minecraftforge.registries.GameData/REGISTRIES]: Holder lookups applied: minecraft:loot_score_provider_type
[09Jun2026 14:46:09.313] [main/DEBUG] [net.minecraftforge.registries.GameData/REGISTRIES]: Applying holder lookups: minecraft:float_provider_type
[09Jun2026 14:46:09.313] [main/DEBUG] [net.minecraftforge.registries.GameData/REGISTRIES]: Holder lookups applied: minecraft:float_provider_type
[09Jun2026 14:46:09.313] [main/DEBUG] [net.minecraftforge.registries.GameData/REGISTRIES]: Applying holder lookups: minecraft:int_provider_type
[09Jun2026 14:46:09.314] [main/DEBUG] [net.minecraftforge.registries.GameData/REGISTRIES]: Holder lookups applied: minecraft:int_provider_type
[09Jun2026 14:46:09.314] [main/DEBUG] [net.minecraftforge.registries.GameData/REGISTRIES]: Applying holder lookups: minecraft:height_provider_type
[09Jun2026 14:46:09.314] [main/DEBUG] [net.minecraftforge.registries.GameData/REGISTRIES]: Holder lookups applied: minecraft:height_provider_type
[09Jun2026 14:46:09.314] [main/DEBUG] [net.minecraftforge.registries.GameData/REGISTRIES]: Applying holder lookups: minecraft:block_predicate_type
[09Jun2026 14:46:09.314] [main/DEBUG] [net.minecraftforge.registries.GameData/REGISTRIES]: Holder lookups applied: minecraft:block_predicate_type
[09Jun2026 14:46:09.314] [main/DEBUG] [net.minecraftforge.registries.GameData/REGISTRIES]: Applying holder lookups: minecraft:worldgen/carver
[09Jun2026 14:46:09.315] [main/DEBUG] [net.minecraftforge.registries.GameData/REGISTRIES]: Holder lookups applied: minecraft:worldgen/carver
[09Jun2026 14:46:09.318] [main/DEBUG] [net.minecraftforge.registries.GameData/REGISTRIES]: Applying holder lookups: minecraft:worldgen/feature
[09Jun2026 14:46:09.319] [main/DEBUG] [net.minecraftforge.registries.GameData/REGISTRIES]: Holder lookups applied: minecraft:worldgen/feature
[09Jun2026 14:46:09.319] [main/DEBUG] [net.minecraftforge.registries.GameData/REGISTRIES]: Applying holder lookups: minecraft:worldgen/structure_processor
[09Jun2026 14:46:09.320] [main/DEBUG] [net.minecraftforge.registries.GameData/REGISTRIES]: Holder lookups applied: minecraft:worldgen/structure_processor
[09Jun2026 14:46:09.320] [main/DEBUG] [net.minecraftforge.registries.GameData/REGISTRIES]: Applying holder lookups: minecraft:worldgen/structure_placement
[09Jun2026 14:46:09.320] [main/DEBUG] [net.minecraftforge.registries.GameData/REGISTRIES]: Holder lookups applied: minecraft:worldgen/structure_placement
[09Jun2026 14:46:09.320] [main/DEBUG] [net.minecraftforge.registries.GameData/REGISTRIES]: Applying holder lookups: minecraft:worldgen/structure_piece
[09Jun2026 14:46:09.321] [main/DEBUG] [net.minecraftforge.registries.GameData/REGISTRIES]: Holder lookups applied: minecraft:worldgen/structure_piece
[09Jun2026 14:46:09.321] [main/DEBUG] [net.minecraftforge.registries.GameData/REGISTRIES]: Applying holder lookups: minecraft:worldgen/structure_type
[09Jun2026 14:46:09.321] [main/DEBUG] [net.minecraftforge.registries.GameData/REGISTRIES]: Holder lookups applied: minecraft:worldgen/structure_type
[09Jun2026 14:46:09.322] [main/DEBUG] [net.minecraftforge.registries.GameData/REGISTRIES]: Applying holder lookups: minecraft:worldgen/placement_modifier_type
[09Jun2026 14:46:09.322] [main/DEBUG] [net.minecraftforge.registries.GameData/REGISTRIES]: Holder lookups applied: minecraft:worldgen/placement_modifier_type
[09Jun2026 14:46:09.323] [main/DEBUG] [net.minecraftforge.registries.GameData/REGISTRIES]: Applying holder lookups: minecraft:worldgen/block_state_provider_type
[09Jun2026 14:46:09.323] [main/DEBUG] [net.minecraftforge.registries.GameData/REGISTRIES]: Holder lookups applied: minecraft:worldgen/block_state_provider_type
[09Jun2026 14:46:09.323] [main/DEBUG] [net.minecraftforge.registries.GameData/REGISTRIES]: Applying holder lookups: minecraft:worldgen/foliage_placer_type
[09Jun2026 14:46:09.324] [main/DEBUG] [net.minecraftforge.registries.GameData/REGISTRIES]: Holder lookups applied: minecraft:worldgen/foliage_placer_type
[09Jun2026 14:46:09.324] [main/DEBUG] [net.minecraftforge.registries.GameData/REGISTRIES]: Applying holder lookups: minecraft:worldgen/trunk_placer_type
[09Jun2026 14:46:09.324] [main/DEBUG] [net.minecraftforge.registries.GameData/REGISTRIES]: Holder lookups applied: minecraft:worldgen/trunk_placer_type
[09Jun2026 14:46:09.324] [main/DEBUG] [net.minecraftforge.registries.GameData/REGISTRIES]: Applying holder lookups: minecraft:worldgen/root_placer_type
[09Jun2026 14:46:09.324] [main/DEBUG] [net.minecraftforge.registries.GameData/REGISTRIES]: Holder lookups applied: minecraft:worldgen/root_placer_type
[09Jun2026 14:46:09.324] [main/DEBUG] [net.minecraftforge.registries.GameData/REGISTRIES]: Applying holder lookups: minecraft:worldgen/tree_decorator_type
[09Jun2026 14:46:09.325] [main/DEBUG] [net.minecraftforge.registries.GameData/REGISTRIES]: Holder lookups applied: minecraft:worldgen/tree_decorator_type
[09Jun2026 14:46:09.325] [main/DEBUG] [net.minecraftforge.registries.GameData/REGISTRIES]: Applying holder lookups: minecraft:worldgen/feature_size_type
[09Jun2026 14:46:09.325] [main/DEBUG] [net.minecraftforge.registries.GameData/REGISTRIES]: Holder lookups applied: minecraft:worldgen/feature_size_type
[09Jun2026 14:46:09.325] [main/DEBUG] [net.minecraftforge.registries.GameData/REGISTRIES]: Applying holder lookups: minecraft:worldgen/biome_source
[09Jun2026 14:46:09.325] [main/DEBUG] [net.minecraftforge.registries.GameData/REGISTRIES]: Holder lookups applied: minecraft:worldgen/biome_source
[09Jun2026 14:46:09.325] [main/DEBUG] [net.minecraftforge.registries.GameData/REGISTRIES]: Applying holder lookups: minecraft:worldgen/chunk_generator
[09Jun2026 14:46:09.326] [main/DEBUG] [net.minecraftforge.registries.GameData/REGISTRIES]: Holder lookups applied: minecraft:worldgen/chunk_generator
[09Jun2026 14:46:09.326] [main/DEBUG] [net.minecraftforge.registries.GameData/REGISTRIES]: Applying holder lookups: minecraft:worldgen/material_condition
[09Jun2026 14:46:09.326] [main/DEBUG] [net.minecraftforge.registries.GameData/REGISTRIES]: Holder lookups applied: minecraft:worldgen/material_condition
[09Jun2026 14:46:09.326] [main/DEBUG] [net.minecraftforge.registries.GameData/REGISTRIES]: Applying holder lookups: minecraft:worldgen/material_rule
[09Jun2026 14:46:09.326] [main/DEBUG] [net.minecraftforge.registries.GameData/REGISTRIES]: Holder lookups applied: minecraft:worldgen/material_rule
[09Jun2026 14:46:09.326] [main/DEBUG] [net.minecraftforge.registries.GameData/REGISTRIES]: Applying holder lookups: minecraft:worldgen/density_function_type
[09Jun2026 14:46:09.326] [main/DEBUG] [net.minecraftforge.registries.GameData/REGISTRIES]: Holder lookups applied: minecraft:worldgen/density_function_type
[09Jun2026 14:46:09.326] [main/DEBUG] [net.minecraftforge.registries.GameData/REGISTRIES]: Applying holder lookups: minecraft:worldgen/structure_pool_element
[09Jun2026 14:46:09.327] [main/DEBUG] [net.minecraftforge.registries.GameData/REGISTRIES]: Holder lookups applied: minecraft:worldgen/structure_pool_element
[09Jun2026 14:46:09.327] [main/DEBUG] [net.minecraftforge.registries.GameData/REGISTRIES]: Applying holder lookups: minecraft:cat_variant
[09Jun2026 14:46:09.327] [main/DEBUG] [net.minecraftforge.registries.GameData/REGISTRIES]: Holder lookups applied: minecraft:cat_variant
[09Jun2026 14:46:09.327] [main/DEBUG] [net.minecraftforge.registries.GameData/REGISTRIES]: Applying holder lookups: minecraft:frog_variant
[09Jun2026 14:46:09.327] [main/DEBUG] [net.minecraftforge.registries.GameData/REGISTRIES]: Holder lookups applied: minecraft:frog_variant
[09Jun2026 14:46:09.327] [main/DEBUG] [net.minecraftforge.registries.GameData/REGISTRIES]: Applying holder lookups: minecraft:banner_pattern
[09Jun2026 14:46:09.327] [main/DEBUG] [net.minecraftforge.registries.GameData/REGISTRIES]: Holder lookups applied: minecraft:banner_pattern
[09Jun2026 14:46:09.328] [main/DEBUG] [net.minecraftforge.registries.GameData/REGISTRIES]: Applying holder lookups: minecraft:instrument
[09Jun2026 14:46:09.328] [main/DEBUG] [net.minecraftforge.registries.GameData/REGISTRIES]: Holder lookups applied: minecraft:instrument
[09Jun2026 14:46:09.328] [main/DEBUG] [net.minecraftforge.registries.GameData/REGISTRIES]: Applying holder lookups: minecraft:decorated_pot_patterns
[09Jun2026 14:46:09.328] [main/DEBUG] [net.minecraftforge.registries.GameData/REGISTRIES]: Holder lookups applied: minecraft:decorated_pot_patterns
[09Jun2026 14:46:09.331] [main/DEBUG] [net.minecraftforge.registries.GameData/REGISTRIES]: Applying holder lookups: minecraft:creative_mode_tab
[09Jun2026 14:46:09.332] [main/DEBUG] [net.minecraftforge.registries.GameData/REGISTRIES]: Holder lookups applied: minecraft:creative_mode_tab
[09Jun2026 14:46:09.339] [main/DEBUG] [net.minecraftforge.registries.GameData/REGISTRIES]: Applying holder lookups: forge:biome_modifier_serializers
[09Jun2026 14:46:09.340] [main/DEBUG] [net.minecraftforge.registries.GameData/REGISTRIES]: Holder lookups applied: forge:biome_modifier_serializers
[09Jun2026 14:46:09.340] [main/DEBUG] [net.minecraftforge.registries.GameData/REGISTRIES]: Applying holder lookups: forge:display_contexts
[09Jun2026 14:46:09.341] [main/DEBUG] [net.minecraftforge.registries.GameData/REGISTRIES]: Holder lookups applied: forge:display_contexts
[09Jun2026 14:46:09.341] [main/DEBUG] [net.minecraftforge.registries.GameData/REGISTRIES]: Applying holder lookups: forge:entity_data_serializers
[09Jun2026 14:46:09.341] [main/DEBUG] [net.minecraftforge.registries.GameData/REGISTRIES]: Holder lookups applied: forge:entity_data_serializers
[09Jun2026 14:46:09.343] [main/DEBUG] [com.tterrag.registrate.AbstractRegistrate/REGISTRATE.REGISTER]: Registering 4 known objects of type forge:fluid_type
[09Jun2026 14:46:09.343] [main/DEBUG] [com.tterrag.registrate.AbstractRegistrate/REGISTRATE.REGISTER]: Registered create:potion to registry ResourceKey[minecraft:root / forge:fluid_type]
[09Jun2026 14:46:09.343] [main/DEBUG] [com.tterrag.registrate.AbstractRegistrate/REGISTRATE.REGISTER]: Registered create:tea to registry ResourceKey[minecraft:root / forge:fluid_type]
[09Jun2026 14:46:09.343] [main/DEBUG] [com.tterrag.registrate.AbstractRegistrate/REGISTRATE.REGISTER]: Registered create:honey to registry ResourceKey[minecraft:root / forge:fluid_type]
[09Jun2026 14:46:09.343] [main/DEBUG] [com.tterrag.registrate.AbstractRegistrate/REGISTRATE.REGISTER]: Registered create:chocolate to registry ResourceKey[minecraft:root / forge:fluid_type]
[09Jun2026 14:46:09.343] [main/DEBUG] [net.minecraftforge.registries.GameData/REGISTRIES]: Applying holder lookups: forge:fluid_type
[09Jun2026 14:46:09.343] [main/DEBUG] [net.minecraftforge.registries.GameData/REGISTRIES]: Holder lookups applied: forge:fluid_type
[09Jun2026 14:46:09.345] [main/DEBUG] [net.minecraftforge.registries.GameData/REGISTRIES]: Applying holder lookups: forge:global_loot_modifier_serializers
[09Jun2026 14:46:09.345] [main/DEBUG] [net.minecraftforge.registries.GameData/REGISTRIES]: Holder lookups applied: forge:global_loot_modifier_serializers
[09Jun2026 14:46:09.349] [main/DEBUG] [net.minecraftforge.registries.GameData/REGISTRIES]: Applying holder lookups: forge:holder_set_type
[09Jun2026 14:46:09.351] [main/DEBUG] [net.minecraftforge.registries.GameData/REGISTRIES]: Holder lookups applied: forge:holder_set_type
[09Jun2026 14:46:09.351] [main/DEBUG] [net.minecraftforge.registries.GameData/REGISTRIES]: Applying holder lookups: forge:structure_modifier_serializers
[09Jun2026 14:46:09.352] [main/DEBUG] [net.minecraftforge.registries.GameData/REGISTRIES]: Holder lookups applied: forge:structure_modifier_serializers
[09Jun2026 14:46:09.352] [main/DEBUG] [net.minecraftforge.registries.GameData/REGISTRIES]: Applying holder lookups: minecraft:worldgen/biome
[09Jun2026 14:46:09.353] [main/DEBUG] [net.minecraftforge.registries.GameData/REGISTRIES]: Holder lookups applied: minecraft:worldgen/biome
[09Jun2026 14:46:09.452] [Worker-Main-1/DEBUG] [mixin/]: Mixing MapItemSavedDataMixin from create.mixins.json into net.minecraft.world.level.saveddata.maps.MapItemSavedData
[09Jun2026 14:46:09.452] [main/WARN] [net.minecraft.server.packs.VanillaPackResourcesBuilder/]: Assets URL 'union:/C:/Users/PC/.gradle/caches/forge_gradle/minecraft_user_repo/net/minecraftforge/forge/1.20.1-47.4.0_mapped_parchment_2023.09.03-1.20.1/forge-1.20.1-47.4.0_mapped_parchment_2023.09.03-1.20.1-recomp.jar%23191!/assets/.mcassetsroot' uses unexpected schema
[09Jun2026 14:46:09.453] [main/WARN] [net.minecraft.server.packs.VanillaPackResourcesBuilder/]: Assets URL 'union:/C:/Users/PC/.gradle/caches/forge_gradle/minecraft_user_repo/net/minecraftforge/forge/1.20.1-47.4.0_mapped_parchment_2023.09.03-1.20.1/forge-1.20.1-47.4.0_mapped_parchment_2023.09.03-1.20.1-recomp.jar%23191!/data/.mcassetsroot' uses unexpected schema
[09Jun2026 14:46:09.602] [main/DEBUG] [com.tterrag.registrate.providers.RegistrateDataProvider/REGISTRATE.DATA]: Gathering providers for sides: [CLIENT, SERVER]
[09Jun2026 14:46:09.603] [main/DEBUG] [com.tterrag.registrate.providers.RegistrateDataProvider/REGISTRATE.DATA]: Adding provider for type: recipe
[09Jun2026 14:46:09.603] [main/DEBUG] [com.tterrag.registrate.providers.RegistrateDataProvider/REGISTRATE.DATA]: Adding provider for type: advancement
[09Jun2026 14:46:09.604] [main/DEBUG] [com.tterrag.registrate.providers.RegistrateDataProvider/REGISTRATE.DATA]: Adding provider for type: loot
[09Jun2026 14:46:09.604] [main/DEBUG] [com.tterrag.registrate.providers.RegistrateDataProvider/REGISTRATE.DATA]: Adding provider for type: tags/block
[09Jun2026 14:46:09.606] [main/DEBUG] [com.tterrag.registrate.providers.RegistrateDataProvider/REGISTRATE.DATA]: Adding provider for type: tags/item
[09Jun2026 14:46:09.607] [main/DEBUG] [com.tterrag.registrate.providers.RegistrateDataProvider/REGISTRATE.DATA]: Adding provider for type: tags/fluid
[09Jun2026 14:46:09.607] [main/DEBUG] [com.tterrag.registrate.providers.RegistrateDataProvider/REGISTRATE.DATA]: Adding provider for type: tags/entity
[09Jun2026 14:46:09.607] [main/DEBUG] [com.tterrag.registrate.providers.RegistrateDataProvider/REGISTRATE.DATA]: Adding provider for type: blockstate
[09Jun2026 14:46:09.607] [main/DEBUG] [com.tterrag.registrate.providers.RegistrateDataProvider/REGISTRATE.DATA]: Adding provider for type: item_model
[09Jun2026 14:46:09.608] [main/DEBUG] [com.tterrag.registrate.providers.RegistrateDataProvider/REGISTRATE.DATA]: Adding provider for type: lang
[09Jun2026 14:46:09.798] [main/INFO] [net.minecraft.data.DataGenerator/]: Starting provider: Recipes
[09Jun2026 14:46:09.817] [main/INFO] [net.minecraft.data.DataGenerator/]: Recipes finished after 18 ms
[09Jun2026 14:46:09.818] [main/INFO] [net.minecraft.data.DataGenerator/]: Starting provider: Loot Tables
[09Jun2026 14:46:09.850] [main/INFO] [net.minecraft.data.DataGenerator/]: Loot Tables finished after 32 ms
[09Jun2026 14:46:09.850] [main/INFO] [net.minecraft.data.DataGenerator/]: Starting provider: Block States: easycreate
[09Jun2026 14:46:09.941] [main/INFO] [net.minecraft.data.DataGenerator/]: Block States: easycreate finished after 90 ms
[09Jun2026 14:46:09.941] [main/INFO] [net.minecraft.data.DataGenerator/]: Starting provider: Item Models: easycreate
[09Jun2026 14:46:09.966] [main/INFO] [net.minecraft.data.DataGenerator/]: Item Models: easycreate finished after 25 ms
[09Jun2026 14:46:09.966] [main/INFO] [net.minecraft.data.DataGenerator/]: Starting provider: Tags for minecraft:block mod id easycreate
[09Jun2026 14:46:09.976] [main/INFO] [net.minecraft.data.DataGenerator/]: Tags for minecraft:block mod id easycreate finished after 9 ms
[09Jun2026 14:46:09.976] [main/INFO] [net.minecraft.data.DataGenerator/]: Starting provider: Tags for minecraft:item mod id easycreate
[09Jun2026 14:46:09.977] [main/INFO] [net.minecraft.data.DataGenerator/]: Tags for minecraft:item mod id easycreate finished after 0 ms
[09Jun2026 14:46:09.977] [main/INFO] [net.minecraft.data.DataGenerator/]: Starting provider: Global Loot Modifiers : easycreate
[09Jun2026 14:46:09.981] [main/INFO] [net.minecraft.data.DataGenerator/]: Global Loot Modifiers : easycreate finished after 3 ms
[09Jun2026 14:46:09.981] [main/INFO] [net.minecraft.data.DataGenerator/]: Starting provider: Registries
[09Jun2026 14:46:09.993] [main/INFO] [net.minecraft.data.DataGenerator/]: Registries finished after 11 ms
[09Jun2026 14:46:09.993] [main/INFO] [net.minecraft.data.DataGenerator/]: All providers took: 195 ms
[09Jun2026 14:46:10.008] [main/INFO] [net.minecraft.data.HashCache/]: Caching: total files: 175, old count: 175, new count: 176, removed stale: 0, written: 3
